hash,author,date,message,files_changed,insertions,deletions
33850c0ebd23ae615e6823993d441f46d80b1ff0,Armin Ronacher,2010-04-06T13:12:57+02:00,Initial checkin of stuff that exists so far.,15,984,0
b15ad394279fc3b7f998fa56857f334a7c0156f6,Armin Ronacher,2010-04-06T13:23:18+02:00,Added setup.py and README,2,36,0
4ec7d2a0d8eac4f915dc0d38a886cd57045bb0c4,Armin Ronacher,2010-04-06T16:02:14+02:00,Started working on documentation.,9,641,9
44b42e0fbd93d86e0f4e929bda8e5fb63e81035d,Armin Ronacher,2010-04-06T16:16:34+02:00,Added a README file for MiniTwit.,1,21,0
3b36bef2e6165bb4dad73d17f23ee1879e99f497,Armin Ronacher,2010-04-08T19:03:15+02:00,"Improved documentation, added a contextmanager for request binding",4,198,28
4aa76212d1be9b17a57249549c2a73fb10b6cda8,Armin Ronacher,2010-04-09T01:32:39+02:00,Updated documentation.  Starting to look pretty good,6,359,4
625eba4bb403296a8bbc1e72cc9cf4a5126f6c02,Armin Ronacher,2010-04-09T12:49:01+02:00,Heavily improved quickstart section.,1,224,0
4edec48b74dbb9d571e927b69b24c30ec0624975,Armin Ronacher,2010-04-09T13:13:39+02:00,Added installation docs,1,98,1
727c701686c18c4a27ca523eb0c5862d497be24e,Armin Ronacher,2010-04-09T13:40:05+02:00,And finished documentation for most parts.,5,199,4
a9d4ea81da28ee9c894bf9d45adc4cfa9d52fddc,Armin Ronacher,2010-04-09T13:46:12+02:00,Flashing -> patterns documentation,2,86,68
7d6b8e9ab3e738d69e39ad53a7c0f6a552d5284a,Armin Ronacher,2010-04-09T13:56:47+02:00,Documented non-decorator uses of registation.,1,31,5
3d719f35f5c1ee4ce3dc01fb2167ef49c0180cf6,Armin Ronacher,2010-04-10T15:49:15+02:00,"Added docs, fixed some bugs I introduced last commit",13,808,10
9dfab582d065521e9350327801ed2c5ced1c8fa1,Armin Ronacher,2010-04-10T16:00:13+02:00,Updated README,1,14,1
8e9bd5f009bb8756a2a7d76a4b792323eeee49d6,Armin Ronacher,2010-04-10T16:01:14+02:00,Fixed a typo,1,1,1
4e1b3e1134eb478563bc434d794085d0a412cb84,Armin Ronacher,2010-04-10T17:26:49+02:00,set secret key :),1,3,0
05f36c7f7e2df36ee28f90d99632162579b1287c,Armin Ronacher,2010-04-11T02:20:10+02:00,Heavily improved documentation,10,486,44
1fff3e598126a084348ec2c112fdd3bc6b9a1ee0,Armin Ronacher,2010-04-11T02:42:13+02:00,Fixed a doc display bug and setup.py workaround for dev version.,3,10,8
574e81f9c8bbdc41958e1e7a7613633b091101f8,Armin Ronacher,2010-04-11T02:46:44+02:00,Fixed a bug in setup.py,2,5,2
df929c6c77ea5490a969275e45075c29711a498c,Armin Ronacher,2010-04-11T02:58:13+02:00,further improved documentation,1,24,0
8171da88a49eba769d313a51591ee8575be59762,Armin Ronacher,2010-04-11T03:16:42+02:00,Described HTTP methods,1,57,0
85ca089dde8814c4a42ad4574cddce25d60e5e25,Armin Ronacher,2010-04-11T03:18:36+02:00,might -> must,1,3,2
4e7aa9e7f7a86ee0ea4b6801694c13151518cb52,Armin Ronacher,2010-04-11T03:22:26+02:00,Linked HTTP,1,11,8
4671429a509094f36e2294055340197091d39979,Armin Ronacher,2010-04-11T03:41:01+02:00,Added a security section to the foreword and a footnote to the g,4,48,3
d78b04a3fca8d8887382606897d4a97e55062fda,Armin Ronacher,2010-04-11T03:43:15+02:00,Footnotes are 100% in width,1,1,0
6a3a046f55755f0691568431e68a8bfea8d89df0,Armin Ronacher,2010-04-11T03:53:38+02:00,Another doc improvement,1,5,1
0b8e01b4450d0ba8cb65751d866568fddc155fa4,Armin Ronacher,2010-04-11T04:00:17+02:00,Linked escape,1,3,0
03168a5d53457fdb8676a4ac9fca0f76a23c6852,Armin Ronacher,2010-04-11T17:58:45+02:00,Removed the useless apishowcase example,7,30,89
f2dc38cda61f76c64b97ab9f730accc986a4b188,Armin Ronacher,2010-04-11T18:45:06+02:00,Added tests for minitwit.  Testing with Flask is awesome,4,153,4
ef524f2cfd65377b3b9ce896e7a710472b13c0f6,Armin Ronacher,2010-04-11T18:47:32+02:00,No need for the closing import,1,0,1
03148dba6b26a2694da1d466584f50189c52e7b3,Armin Ronacher,2010-04-11T19:18:40+02:00,Added testing documentation,3,41,12
2f5a4f8dbc832b0daebcd66ea8b3969589191fa7,Armin Ronacher,2010-04-12T00:14:59+02:00,Doc updates and typo fixes,4,127,11
51c9829a9cdfa2bf301431f686d7a404cc7c5083,moraes,2010-04-12T08:15:35+08:00,Fixed couple of errors in docs.,3,4,4
36071ca1f42a26ef327e9d14e4909a8c92cd4fae,Justin Quick,2010-04-12T22:55:48+08:00,added in example tornado and gevent usage for flask integration,1,39,0
a01e8b49ca66608f0bd46134ff02deeb5724c799,Armin Ronacher,2010-04-12T19:52:18+02:00,Fixed a documentation error and implemented template context processors.,1,28,4
de03143f6ecf9a36dd32f16f07309c64d4de03b0,Armin Ronacher,2010-04-12T20:19:16+02:00,Added some basic tests for flask itself,1,74,0
4affedec356ad8c9e6a107578f03fc7f5c615064,Armin Ronacher,2010-04-12T20:39:52+02:00,Testing URL generation,1,8,0
959b5df00431c436474c5abca304e631c0de7721,Armin Ronacher,2010-04-13T01:08:52+02:00,Flask can depend on Jinja2 and Werkzeug now that they are relased.,1,2,3
a42728568e18bedf588be2357b56021ab85b9fad,Armin Ronacher,2010-04-13T01:42:31+02:00,Improved Flask README regarding Jinja2 and Werkzeug,1,4,4
8009bd986940378bba1399dbfce90d03e441467b,Armin Ronacher,2010-04-14T02:17:55+02:00,Fixed the mod_wsgi docs. Thanks Graham,1,1,1
08f1f0dc32004fae01cf96d1eed84e6461e698e5,Armin Ronacher,2010-04-14T02:42:12+02:00,Added more Flask tests,5,197,82
ca520fb7e4c29afccc637e61c11429a0f3e8d5ad,Armin Ronacher,2010-04-14T14:11:00+02:00,"Static files are active in the WSGI app now, not just the server.",3,15,5
2d9bb692728fd76b19e467499caa4f5fcb07aede,Armin Ronacher,2010-04-14T15:16:38+02:00,Flask now runs without the presence of pkg_resources as well.,1,24,3
c33675f0251071ea47ce166b81ce8c637842f091,Armin Ronacher,2010-04-14T16:44:29+02:00,Added mini blogging application as Flask example.,7,241,0
fc94599285aa1aec50b3c9426697249e55edda0a,Armin Ronacher,2010-04-14T16:47:53+02:00,Removed useless imports and added README,2,26,2
1d8432ebfd1637eacab79a15e9b7963bf061371c,Armin Ronacher,2010-04-14T17:08:38+02:00,Can't believe I forgot that future import.,1,1,0
c4f5c2fb9afc1679c085500830bd53fab93ad885,Armin Ronacher,2010-04-14T17:09:34+02:00,Fixed a typo,1,1,1
1246f4088a4fdc00a79f8029ff5d77bfe4fc9b14,Armin Ronacher,2010-04-15T02:21:46+02:00,First part of the tutorial.  Many explanations missing but it's a start.,9,394,14
6dd92ae4b32c336564231e10db12458a8b9261ca,Armin Ronacher,2010-04-16T02:03:45+02:00,Beefed up the tutorial,7,306,92
40e0024d7b87150ed694829a5335bd2435962225,Armin Ronacher,2010-04-16T02:14:54+02:00,Added screenshot of the debugger to Flask docs.  Flask now runs from the,3,16,2
7b5015010bc8c2a2d56c7c50b37e5b9facdad102,Armin Ronacher,2010-04-16T02:27:37+02:00,Preserve the request context in debug mode.,1,11,7
fb2d2e446bdd806ea3de7b869c7371e2dae57a23,Armin Ronacher,2010-04-16T11:03:16+02:00,request_init -> before_request and request_shutdown -> after_request,6,30,29
26f86b1d4954dd7512684130ee803b42eca8d72e,Armin Ronacher,2010-04-16T12:21:31+02:00,Restructured documentation a bit.,2,213,8
b608785801ce819037cb6cca04c70fd398519c08,Armin Ronacher,2010-04-16T12:23:46+02:00,Recentered README,1,3,3
61d07b8be9beae54d1c367adfc845dcf30a1512a,Armin Ronacher,2010-04-16T12:29:52+02:00,Added note about decorators to becomingbig.,1,4,1
f54c4fd04f326d94684c7fcbf12df5cecae653c4,Armin Ronacher,2010-04-16T13:15:44+02:00,Fixed wording for circular imports,1,1,1
6418551efb1d24320c261b1e24c186d5394e6dcf,Armin Ronacher,2010-04-16T13:29:01+02:00,More typo fixes,2,5,4
7c9303b7502403c372171e1e045433b57259a56b,Armin Ronacher,2010-04-16T13:31:48+02:00,More typo fixes,1,2,2
6d556acb3fcaa6eeff4bda8cf704ad5f0cf5b5ac,Armin Ronacher,2010-04-16T13:42:47+02:00,"added coming soon to parts of the docs, linked scoped_session",2,16,2
5348eff4457a528cd605bbbd5e0152c282819962,Armin Ronacher,2010-04-16T13:45:52+02:00,fixed headers,1,2,2
855e7e9327c0095f39b34bd56b08aa63c87f9dfd,Armin Ronacher,2010-04-16T14:12:31+02:00,Added license file,1,31,0
f769e15fecf6e06c190133d85a3de6b703e4d1a1,Armin Ronacher,2010-04-16T14:17:24+02:00,Added website sources,2,56,0
aae5de730113e843864c120cc0453efc0a90b49f,Armin Ronacher,2010-04-16T14:20:02+02:00,-x on files,2,0,0
0bb8b4f9a1c61fcf473e5ca7a10cc3ed4f30766f,Armin Ronacher,2010-04-16T14:24:12+02:00,Beefed up setup.py,1,50,0
8605cc310d260c3b08160881b09da26c2cc95f8d,Armin Ronacher,2010-04-16T14:25:24+02:00,ignore dist folder,1,1,0
9fbf9a062c11904b5022a5aa7941449e31340c32,Armin Ronacher,2010-04-16T14:32:59+02:00,head is 0.2-dev,1,1,1
791cdb28f593d4d7649d88407fcd193834512219,Armin Ronacher,2010-04-16T14:33:12+02:00,Fixed capitalization on website,1,2,2
5310fc38227b1907cb541f4a30ea8dfef46c2e19,Armin Ronacher,2010-04-17T14:10:47+02:00,Session falls back to a dummy object now if secret_key is missing.,2,34,3
b9cae3564ad31876d977c24a09d760e77ca992f3,Armin Ronacher,2010-04-17T14:24:12+02:00,Reordered deployment docs,1,127,126
74862dcbca052ea0a994da3f507c00e9cc18821c,Armin Ronacher,2010-04-17T14:30:28+02:00,Added makefile target for website and doc updating.,1,6,0
0b9c2b5eb1b604cd76d9252e8e9628df731ea572,Armin Ronacher,2010-04-17T14:32:52+02:00,removed refactoring leftover,1,0,1
fe6c279df12294e590e87705b0ba8728a3ed54c4,Armin Ronacher,2010-04-17T18:14:42+02:00,Synched tagline :),1,1,2
325dfa2469f86e03187b6d9e6aee4745b702c496,Armin Ronacher,2010-04-17T20:52:37+02:00,Larger fonts in the docs,3,40,16
b4cd70d054a1514adaed893663cfa22b73114d1e,Armin Ronacher,2010-04-18T03:07:08+02:00,Updated website,3,47,0
42dd94b7565052120423dbd86a5ab0f96938f8cc,Armin Ronacher,2010-04-18T03:08:16+02:00,Fixed title.,1,1,1
bcf347fe8db124242da30b97c7e570f28c273d26,Armin Ronacher,2010-04-18T13:15:00+02:00,New style for the documentation.  Looks more like the website now.,15,601,569
88ea383394b47278779031b47de23fbd5ba89dbe,Armin Ronacher,2010-04-18T13:17:21+02:00,Less flashy color for highlights.,1,4,0
fdf4d79bdc3a5872e99b4e9c9bc0e29cfd195cb4,Armin Ronacher,2010-04-18T13:19:57+02:00,Normalized line heights.,2,3,2
764b4e4f7dbe48366d7f01d8bd0c56f4e76b79ee,Armin Ronacher,2010-04-18T13:29:21+02:00,dirhtml > html for websites,1,1,1
123a1ad019a842a07a84aace66fd7a33f6f68cb9,Armin Ronacher,2010-04-18T13:35:40+02:00,Breaking docs up into smaller pieces,8,443,445
42a46ed09b745c0560de354c0cb236295000f296,Armin Ronacher,2010-04-18T13:58:48+02:00,Fixed homepage links,1,4,4
63593d281b7358a86a808cc0bf5e47107316403d,Armin Ronacher,2010-04-18T14:39:27+02:00,removed unused import,1,0,1
ab5492418694b5cc14601a953084d61f47785ea4,Armin Ronacher,2010-04-18T14:56:08+02:00,Fixed a font name.,1,2,2
190059c8f01c6f75243824e765d08a7cce386eda,Armin Ronacher,2010-04-18T15:44:06+02:00,Added support for macro pulling and documented certain design decisions.,6,187,1
bf52a17902cdbc300ee91ec1b2e8d2b7890ba35c,Armin Ronacher,2010-04-18T16:29:41+02:00,Removed useless code,2,0,2
13090389365184fc2291e2cc69fb9b2af5426585,Armin Ronacher,2010-04-18T17:32:23+02:00,updated README,1,5,3
94cf620914615b991063f00314ea1c8da9790c99,Armin Ronacher,2010-04-18T18:29:55+02:00,Updated SQLAlchemy docs.,1,92,2
100776147a063dcf53f74678b045ac0f5d6386d4,Armin Ronacher,2010-04-18T18:40:52+02:00,Added troubleshooting section to the tutorial,1,6,0
3491465d55f093a498f2f496cd33bebba137518c,Armin Ronacher,2010-04-18T20:43:18+02:00,No sudo for windows users.,1,2,1
0770f5c6375e3e45fa3ac918217df5d885176173,Armin Ronacher,2010-04-18T23:37:03+02:00,Removed two unused imports.,1,2,3
73a47a0db1a181bb305684115d3dacded0c5a58b,Armin Ronacher,2010-04-18T23:42:11+02:00,Removed unused stuff from minitwit and fixed a bug.,1,1,3
ce18d4575dd8468878668d777d83448eeae4fd0d,Armin Ronacher,2010-04-19T02:22:59+02:00,Added WTForms documentation.,6,115,10
976e792336fa6c4696f534ac1d537d2a86a75e72,Armin Ronacher,2010-04-19T02:24:02+02:00,Added links for SQLAlchemy and WTForms.,2,8,0
56675b3bade603a458d01443bda8070ca0489005,Armin Ronacher,2010-04-19T02:25:31+02:00,Fixed indentation of an example.,1,6,8
166f5ed254d829b2d87fca241e1a22b0a64fff1c,Armin Ronacher,2010-04-19T02:28:05+02:00,Forgot to link the website.,1,2,1
84899948be190a5e180fdccb25e6d7a8498fee7c,Armin Ronacher,2010-04-19T02:45:44+02:00,Corrected order of the tutorial,1,1,1
a50a87c4ca7f44821e9561ae6b69300b8809c46c,Armin Ronacher,2010-04-19T10:37:10+02:00,ScriptName -> ScriptAlias,1,1,1
c64a4e0befc0718500c544f5c847d6632b8fb598,Armin Ronacher,2010-04-19T11:23:44+02:00,Break up deployment docs into separate documents.,7,318,308
6e2be6a0b3aba4ab49cf3ed1a10ac13c6b771aba,Armin Ronacher,2010-04-19T15:39:07+02:00,Added JSON Support and started working on jQuery docs,7,254,9
a99e408bd109783561d408ef34c286cdd9b51845,Armin Ronacher,2010-04-19T15:59:16+02:00,Finished jQuery example documentation.,3,119,13
f878919753a909e45b2d5448aa175f4f9129ff24,Armin Ronacher,2010-04-19T16:01:14+02:00,With -> with in headline,1,1,1
3d320176813e87b8dccbbbc807133dfe6ce0bcde,Armin Ronacher,2010-04-19T17:03:08+02:00,Added instructions about how to run the latest development version.,1,38,0
07e515b071e32e1b22e9992cedabeb082a8cde6c,Armin Ronacher,2010-04-19T17:05:24+02:00,Leaving -> living ....,1,2,2
ade490514dd6d83adc7610f69f9c4cd68df47110,Armin Ronacher,2010-04-19T18:51:04+02:00,Fixed a security problem caused by changed simplejson semantics.,4,16,2
36f105c2932af842de5d18899783f33078415c7f,Armin Ronacher,2010-04-19T18:56:12+02:00,Removed possible bashism. source -> .,1,7,3
3088a9371e065808fd0091741f62bc242bcab1f9,unknown,2010-04-20T00:29:56+08:00,"Make it easier to associate a rule, endpoint and view_function",2,33,3
5acc491c94262912baa30a4cffc780a46b7faf56,cgrinds,2010-04-20T01:11:58+08:00,Refactored the @route decorator to use the new add_url_rule method.,1,3,2
95750b3287bfa21fbb706f10a3a9fbcef01c089e,Armin Ronacher,2010-04-19T23:49:02+02:00,Documented some routing converter possibilities.,3,36,6
06ec917ddedc618944670b39ccd5f4cb862882b2,Armin Ronacher,2010-04-19T23:54:38+02:00,"Only escape backslashes if they follow ""<"" in JSON dumping for",1,1,1
50a331307114a641d1d9447453f8fddc52fe680f,Armin Ronacher,2010-04-20T01:35:22+02:00,Fixed typo in form docs,1,1,1
4ff9493e5765f3d2c2fd2dd1882791a75ad6fc68,Armin Ronacher,2010-04-20T01:37:51+02:00,POST -> post in HTML,1,1,1
a7ff9dbddd5f861463051601177442e98aae84bf,Chris Edgemon,2010-04-19T23:25:51-05:00,Proofreading the documentation,8,58,58
9f0b2429d638e54cb534b555c393d0770dfc1a8f,Armin Ronacher,2010-04-20T10:51:36+02:00,The testsuite skips JSON tests now is not available and runs the example,1,22,1
1404a85bc554f96bff5463e6eadb14662b945f2e,Armin Ronacher,2010-04-20T11:22:20+02:00,Fixed WTForms example.,1,3,3
715f64d2afef0e5b9800f0e0fb0eb9c892e1573a,Armin Ronacher,2010-04-20T13:01:10+02:00,Some more documentation updates.,2,32,12
3a1e51865786474c44a04c0d422515047dd27223,Armin Ronacher,2010-04-20T13:29:54+02:00,Fixed typo and added AUTHORS file and license text to docs.,5,47,11
268302fc68c35abd555a8c2d2755f14c96e1401d,Armin Ronacher,2010-04-20T14:22:34+02:00,Changed link to license.,1,1,1
9f6bc93e4de36fc209eb1203845e9505df1ca379,Armin Ronacher,2010-04-20T15:12:16+02:00,Fixed XSS problem by escaping all slashes in JSON.,2,13,1
3c821a0fa45082bcec73dfb08662fb1de5263c48,florentx,2010-04-20T18:40:58+02:00,Fix typos and remove unused import.,6,15,14
75057bb4112d16acc7ed5dafce6a8168b343fd78,florentx,2010-04-20T18:44:54+02:00,Slightly faster _tojson_filter.,1,9,10
eae44e465b4bdd9440dbfa6e0c5bc45fd2c60ed8,florentx,2010-04-20T18:48:49+02:00,Typo in README,1,2,2
af3b73f70d5fce72181530d384519ae31d77c772,Armin Ronacher,2010-04-20T19:03:18+02:00,Tiny refactoring,1,5,9
3053fcdb0d6189ad1deca6fcfa16443dad4baf8c,Armin Ronacher,2010-04-20T20:01:00+02:00,Make the example tests pass on Windows.,3,37,17
f6b9efc1e9b94382b877c0d1ebe87956b78d012f,Armin Ronacher,2010-04-20T20:03:03+02:00,Added missing os import.,1,2,1
260b4dfe61cd35373eb4993453b500e1db71a753,Armin Ronacher,2010-04-20T20:21:01+02:00,"Added changelog, restructured docs a bit.",3,35,4
00f87f679cdd63b642675d86d073882fb8b19430,Armin Ronacher,2010-04-20T21:44:52+02:00,flask uses 127.0.0.1 as host by default now. stupid chrome.,2,3,16
9cf2ea2abc5243d50c87612714904c6cb033f7cc,Armin Ronacher,2010-04-20T21:45:36+02:00,Documented hostname change.,1,1,0
5876a8fd96efa01958904ca0796eb4018222bf25,cgrinds,2010-04-21T02:33:32+08:00,Merge more upstream changes,1,14,18
9d340ad7477774a19a7bdffc83d6cb8cb3e05edc,florentx,2010-04-20T22:46:36+02:00,"Fix a doc oversight, and revert 5876a8fd.",2,3,2
c0d3b6c3710025abb482b30d2f2b6e39a6934fa9,florentx,2010-04-20T22:53:38+02:00,Merge.,0,0,0
7cf5a9bf6e34fc57f82e560f01c408fbe603e9d4,florentx,2010-04-21T00:40:43+02:00,"Use a tuple to store _flashes, and simplify the flask.Request class.",1,3,7
b6e73305392c9de052e51cca6fae8fee12ae231e,florentx,2010-04-21T01:23:09+02:00,Use setdefault() because it sets session.modified correctly.,2,14,2
f014ce29a7cd5a3ccfabd61e7d66e017ed958e25,florentx,2010-04-21T04:46:36+08:00,"Fix a doc oversight, and revert 5876a8fd.",2,3,2
3eacc1d06816b2544e0242665fe909b24b027b21,florentx,2010-04-21T06:40:43+08:00,"Use a tuple to store _flashes, and simplify the flask.Request class.",1,3,7
dbe0df756bf587b242f2406bef9e7e8ef26f0813,florentx,2010-04-21T07:23:09+08:00,Use setdefault() because it sets session.modified correctly.,2,14,2
7e8019565f79e157fcc13cf285247070d69ef889,Armin Ronacher,2010-04-21T10:37:05+02:00,Added florentx to the AUTHORS file,1,1,0
d73be4b709ab881ae15b9bd1064b16820f98a51b,Armin Ronacher,2010-04-21T17:57:25+02:00,Merge branch 'florentx-fork',0,18,14
3261357ba7f59e2eabeb96127b6253d1466b4db0,Armin Ronacher,2010-04-21T18:39:25+02:00,Removed website from main branch.  Makes no sense to be there,6,0,131
1cb75df8f1f9e7a768254fe2c9e2997f21152665,Armin Ronacher,2010-04-21T18:39:51+02:00,Add leftovers from website branch to gitignore,1,1,0
ebb07a06567d72acf47b3ee5553053216f978305,Armin Ronacher,2010-04-21T21:10:57+02:00,Better English.,1,1,1
be15340e0f65e8785aff3033f0b2732ae31c6b81,Armin Ronacher,2010-04-21T21:47:45+02:00,Added mailinglist link to the README,1,5,0
dc3f13df54ba91649ecec2bdee6c24ca31a400a8,Armin Ronacher,2010-04-23T12:17:12+02:00,Corrected validator usage in the wtforms docs.,1,5,3
88f671aaaef334caf3231095b119cac094ff5ffb,Armin Ronacher,2010-04-23T16:04:54+02:00,Another try for #12,1,42,0
a862ead5f22f9d4592c1c85bda285a4ded59b631,Armin Ronacher,2010-04-23T16:30:04+02:00,Warn on None responses.,2,20,1
444e6425312a16589130ff36f2830b6f97fbbd4f,Armin Ronacher,2010-04-23T16:44:49+02:00,extended URL generation,1,24,16
e0148a00c0f468784052926f80e8112be7686470,Armin Ronacher,2010-04-23T17:01:20+02:00,"Basic module support is working, but does not look very nice.",2,66,14
5c52fe980eda6065edcc39e6dd346636b1c40768,Armin Ronacher,2010-04-23T17:10:22+02:00,Added request/response processing based on modules.,2,44,6
2f181e19496a1fe693d9b20260fe961bb406c53b,Armin Ronacher,2010-04-23T17:16:59+02:00,Removed unused package_name attribute,1,1,2
67f4b0f31538832f06b9351d15e30c85f449ac7e,Armin Ronacher,2010-04-24T17:07:16+02:00,Modules are now instanciated with the package name.,2,96,73
c0a9f5d0c4f09dbe8b744609552cbbfa9f14fbc0,Armin Ronacher,2010-04-24T17:35:25+02:00,Documentation update for the flask module support.,2,87,6
ef34638f5d24c07a5582cbb60755fd4dfbec9a79,Armin Ronacher,2010-04-24T17:46:06+02:00,Updated docs for external server information.,2,22,9
5144d3b65a564c148e6ea12969303f58d137449b,Armin Ronacher,2010-04-24T17:47:24+02:00,Merge branch 'master' into module-support,0,42,10
0da39c76e3c67293aef2234b43aff8728d9002eb,Armin Ronacher,2010-04-24T18:30:38+02:00,More documentation updates :),2,129,0
0c54d0a0e5dfec25cd60329e09622d42905d0969,Armin Ronacher,2010-04-24T20:36:06+02:00,Added pattern for file uploads.,1,1,0
c21caa5047f966aa5f6a3d0e5e4611abd44ae861,Armin Ronacher,2010-04-24T20:38:50+02:00,Merge branch 'master' into module-support,0,1,0
85d43079d137c3f15e3ed7a9545ba2db92718194,Armin Ronacher,2010-04-25T03:46:42+02:00,Added missing file (fileupload docs),1,158,0
58fa088abc0f0e511d934e822f917b796d418bb3,Armin Ronacher,2010-04-25T03:46:42+02:00,Added missing file (fileupload docs),1,158,0
a9bb965b6dcd931cefdc7dd05fa4c672b5dff69c,Sebastien Estienne,2010-04-25T03:44:11+08:00,add a decorator to add custom template filter,2,48,0
5c9ef2c44dce5afc99a0b3b539ebaafe9b8ce3c5,Sebastien Estienne,2010-04-25T17:39:19+08:00,the template_filter now expects the parentheses,2,4,17
4395e9493cc33d49b53889f9f726458f05f1a475,Sebastien Estienne,2010-04-25T20:44:24+08:00,add tests for template_filter using a real template,2,24,0
36e24299e35cd0c6a593d9eea3130a7737a15eea,Armin Ronacher,2010-04-25T14:54:33+02:00,Merge branch 'master' into module-support,0,59,0
3ac4ec670c881668aaedb2c3937bae5e10984988,Armin Ronacher,2010-04-25T17:05:25+02:00,Beefed up PDF docs.  They actually look like something now.,6,130,60
d22428bc8e8c3cf5e6006497cb8164decde31924,Armin Ronacher,2010-04-25T17:08:44+02:00,Updated Makefile to also upload and build pdf docs.,1,4,1
606b006e2391d12fec5313ce606d82463d7aad07,Armin Ronacher,2010-04-25T17:25:16+02:00,Fixed at least one build warning by renaming files.,4,5,3
f419937d2c5f2db16a8157a0a061b92c38876649,Armin Ronacher,2010-04-25T17:33:56+02:00,License after API docs,1,11,11
41de12984495198423cbce73ac059ccee0fbfd30,Armin Ronacher,2010-04-25T17:34:31+02:00,Merge branch 'master' into module-support,0,136,61
4559e4f0f14272fb4fb31f3bf79bf592a9f781df,Armin Ronacher,2010-04-25T18:55:01+02:00,Added docs on caching and decorators.,3,164,0
13933eeaf8b6c7685aaf1c769efe97763d64ea0d,Armin Ronacher,2010-04-25T20:31:22+02:00,Merge branch 'master' into module-support,0,164,0
2ba88eefb54f76fc974181babac07ffc7c1f7e73,unknown,2010-04-26T09:51:02+08:00,Fixed simple typo,1,1,1
36717b02731ad7d86ba8effbe27e70405e48cd9b,Armin Ronacher,2010-04-27T14:32:09+02:00,Added support for long running sessions.  This closes #16.,4,62,5
31493850de3d7765d09419aa49b98089f79da3c2,Armin Ronacher,2010-05-02T11:32:14+02:00,Fixed typo in flask quickstart docs. This fixes #21,1,1,1
f1603d33f266ab24eda604f76632fa604b91e3f9,Armin Ronacher,2010-05-02T11:36:42+02:00,Docs mention query args now.  This fixes #20,2,10,1
a9284afde97c30d136e8ec675794c7cdcf4ca277,Armin Ronacher,2010-05-02T11:38:40+02:00,Fixed typo in tutorial.  This fixes #19,1,4,5
8d49440d8b881b2df2c10085a58d3a4e4085147e,Armin Ronacher,2010-05-02T11:45:40+02:00,Added example for context bound objects to the testing docs.  This fixes #18,1,19,0
a7266ffb90d109f94da96e9eea5f5bb4ff8ddc71,Armin Ronacher,2010-05-02T12:08:17+02:00,Added @templated decorator to the patterns.,1,49,0
eeb0e949518720ff5302bcf336fc72dea44737d0,Armin Ronacher,2010-05-02T12:09:31+02:00,Fixed merging confict,0,147,13
7e1db5978c3c7aedcb43d7e2036edc85b0a22a6b,Armin Ronacher,2010-05-02T12:11:04+02:00,Added module support to templated decorator.,1,6,5
75461c1467bbb2d83ee787bb13f4a338a4b8ad3e,Armin Ronacher,2010-05-02T19:10:44+02:00,Added _external support to url_for,3,7,1
36f659b82b9079ec8492c1b52a0c0b058ebdf2eb,Armin Ronacher,2010-05-02T19:12:00+02:00,Merge branch 'master' into module-support,0,6,1
d0eefb01d16bd058172363a9847b5d98ccd1abc9,Armin Ronacher,2010-05-03T12:22:27+02:00,Added link to snippets website to the patterns docs.,1,3,0
9248a7baca5bc616a60f9b63b525e872fbfddef2,Armin Ronacher,2010-05-03T13:07:30+02:00,None responses fail properly now.  This fixes #24,1,1,4
ce53d10236279e4798365d991ab4ff838cb16d36,Armin Ronacher,2010-05-03T13:08:00+02:00,Merge branch 'master' into module-support,0,4,4
dffb3d091c0e42b7254fe88218811c24c0054f7e,Armin Ronacher,2010-05-03T14:39:16+02:00,Removed useless import and adapted tests,2,3,4
f345af8d9d33e6164747c865c29a72186a470c22,Armin Ronacher,2010-05-03T19:58:07+02:00,Use unicode in SQLAlchemy pattern.,1,3,3
9da5795d79196e13d802915509180118809042a7,Armin Ronacher,2010-05-03T20:00:42+02:00,Merge branch 'master' into module-support,0,6,7
67fc46526234653b0a519e9f1e8a05a2c40c80f8,florentx,2010-05-04T01:38:25+08:00,"Fix typo, remove useless import, limit lines to 79 columns.",2,12,9
720bede150d835be0ffedf4d480482552c90908d,Armin Ronacher,2010-05-03T20:04:38+02:00,Merge branch 'master' into module-support,0,12,9
bc0c0559e384dc88441775a3907487f4a2b515b4,Armin Ronacher,2010-05-04T11:23:01+02:00,Added OpenID example,9,390,0
a921aef6c47cecbacef5173f03c07c52e6bc8fea,Armin Ronacher,2010-05-04T11:41:54+02:00,Fixed late binding of url_prefix.  This fixes #29.,2,10,1
a76aabc7f07c06bd155aace787ed811961aacaa7,Armin Ronacher,2010-05-04T11:42:12+02:00,Merge branch 'master' into module-support,0,390,0
f6da77e894a939b838e02fb744fa3031abfc96ec,Armin Ronacher,2010-05-04T11:43:19+02:00,Fixed URL examples.  This fixes #30.,1,2,2
7f837901cb9b3ba7d68ea0a983d86dfc508a9c6d,Armin Ronacher,2010-05-04T11:45:37+02:00,Merge branch 'master' into module-support,0,2,2
745638e774063de206aae930df71789de13e7c73,Armin Ronacher,2010-05-04T11:51:07+02:00,Added missing decorators for module wide context processors.,2,41,2
b93ec1465be95a8303cbed99589273f562928103,Armin Ronacher,2010-05-04T16:41:04+02:00,Documented module changes in CHANGES,1,2,0
da8f88a22eab8195e48fa4ef63c6a3195c860eb0,Armin Ronacher,2010-05-06T13:32:52+02:00,"Removed OpenID example, that's now in flaskext.openid anyways.",9,0,390
de909b3bdfcebe6bb56e0910ab9f36ad741b68f2,Armin Ronacher,2010-05-07T11:59:12+02:00,Merge branch 'master' into module-support,0,0,390
34e3d64892f2281aa1b6f6357c345b0a357ee51a,Armin Ronacher,2010-05-07T20:16:00+02:00,"Removed theme, this is now refactored to an external reusable theme.",3,2,352
4156bd412f2c27359844fbacdae1eb4983c94b8b,Armin Ronacher,2010-05-07T20:23:38+02:00,added theme submodule,2,4,0
2d87e9bc37ef1ce8f9068fac92783a4fe3d3d382,Armin Ronacher,2010-05-10T11:27:42+02:00,Added support for send_file,4,161,2
5bb2b55a2880b3c91dbcd6580f3d25ee23c6655c,Armin Ronacher,2010-05-10T11:35:43+02:00,Explicitly set the pygments style for the PDF,1,2,0
f80e1d3b5ab8e718cc67c814cbfd9aee9c95f45f,Armin Ronacher,2010-05-12T01:02:20+02:00,Added note on send_file security.,1,7,0
9fa4f94ad885ea98bad8708da6e3e9d15130bb4d,Armin Ronacher,2010-05-12T01:04:35+02:00,Merge branch 'master' into module-support,0,177,355
b0ab127015186e1a2918221ffad8d79ca346faf5,Armin Ronacher,2010-05-12T01:29:25+02:00,Added logo with new slogan,6,106,132
e0fa5aec3a13d9c3e8e27b53526fcee56ac0298d,Armin Ronacher,2010-05-12T01:30:10+02:00,Updated README as well.,1,1,1
07581b2404924fe1833f596cfa09caf69868ad5b,Armin Ronacher,2010-05-12T01:32:29+02:00,HEAD is 0.5-dev,2,6,1
f4269b1fe7fe4c17a99bc7ca0dddafd17bed14e9,Armin Ronacher,2010-05-12T02:06:40+02:00,Updated logo in the PDF docs,1,0,0
e409bc792d4419ed588afbc60c53b61923c415a7,Armin Ronacher,2010-05-12T02:34:22+02:00,Fixed typo,1,1,1
93a8ca02822d07cd9f13495f53d27ab22e9adf3a,Ron DuPlain,2010-05-12T09:18:42+08:00,Fixed some minor typos throughout docs.,5,17,17
a5a41d40aaa9f6ed70b487133ddaf48ceb3d054f,Zhao Xiaohong,2010-05-13T14:42:03+08:00,Fix typo.,1,1,1
693e4449f87950c764a928690f4437fd6b1b4d7d,Zhao Xiaohong,2010-05-13T15:22:03+08:00,Fix typo.,1,2,2
35ed617fe41b184288892f733ce07d94391b76b1,Armin Ronacher,2010-05-17T00:37:55+02:00,Added support for flashing categories.,3,60,4
931dcc4c80331d372d70d7a0a5c8e6d49223e2bf,Armin Ronacher,2010-05-17T01:41:57+02:00,Fixed a doc bug and added distribtue docs.,5,202,1
b18560fcaa1739c81ff273951ebc6fa3c96fda2b,Armin Ronacher,2010-05-17T01:51:16+02:00,s/will//,1,1,1
c6e6792cd52022add8455fc792b2ca73c62d3d65,Armin Ronacher,2010-05-17T02:01:23+02:00,Added MANIFEST.in.  This fixes #39,1,4,0
8c26bec55c13804a01c11931263c9e9e4dab4afb,Armin Ronacher,2010-05-17T12:10:45+02:00,Added links to downloadable docs in the docs,1,5,0
e7f67e13339073007a84271cce91200bfdb81006,Armin Ronacher,2010-05-17T16:06:30+02:00,Added logging support.,3,132,10
ea5e654e9e19aab5089f9a71e679bcca11581e86,Armin Ronacher,2010-05-17T22:46:35+02:00,Added a documentation chapter about logging,9,307,11
267f5f5c82a1ec9966bfb4e1e0c3f7cc4c80ed12,Armin Ronacher,2010-05-17T23:14:50+02:00,Added a pattern for custom error pages.,3,80,0
54c3df60cd533ea80d347f6715ee84f6a560b5d5,Armin Ronacher,2010-05-17T23:21:22+02:00,Fixed a doc config error,1,2,2
7bb0e33a687b3498c401a8dbcf7864d543a1817a,Armin Ronacher,2010-05-18T01:31:51+02:00,Changed target audience section,1,7,5
b26aeba972686b9cb9a9b111e1bc8997e1f259c8,Armin Ronacher,2010-05-18T01:41:42+02:00,Fixed a testcase,1,2,1
e84140aba2786655bbddcedb363d16de1e285441,Armin Ronacher,2010-05-18T01:41:07+02:00,Started working on config support,1,39,11
c4cac0abc1a04710a25dcfc8d7f1b2de173546a8,Armin Ronacher,2010-05-18T02:36:50+02:00,Improved configuration support.,3,124,10
395ff8120ccf055614d03db7d2360ab1182c7c10,Stephane Wirtel,2010-05-18T16:57:26+08:00,Fix typo.,1,2,2
e52f073e3e76a88e24a8a63eb5491dfc6e537a40,Armin Ronacher,2010-05-18T18:02:28+02:00,Merge branch 'master' of github.com:mitsuhiko/flask,0,2,2
854e0e26d16408760072308c44b9160a9fb39abd,Armin Ronacher,2010-05-18T18:05:05+02:00,Fixed some documentation issues. This fixes #41.,3,9,3
a5421c29acb6bfbd095dbeb4c8180a61bd1d4dab,Kenneth Reitz,2010-05-19T10:13:31+08:00,Added documentation for Gunicorn,1,15,0
cbcd15c3b55cfb05f1b27aa2343f909876f8d3d4,Armin Ronacher,2010-05-24T08:38:28+02:00,Beefed up latex output.  Unfortunately parts look ugly.,7,98,44
aa654128cf72e5a16a480eb59fc1ad551d39f5d9,Armin Ronacher,2010-05-24T09:03:08+02:00,Added part style,1,36,0
664c64e0aafeb828911e97d31077c913ae2dd79a,Armin Ronacher,2010-05-24T09:04:24+02:00,Merge branch 'master' of github.com:mitsuhiko/flask,0,15,0
cc8332e9d99c08b77614e5acd7bd0e6d08dc29b6,Armin Ronacher,2010-05-24T15:08:35+02:00,Added troubleshooting infos. This fixes #44,5,80,5
9d98ad5e079b88fd9da87e47d55a11e465ab6bb0,Armin Ronacher,2010-05-24T15:24:17+02:00,Documented redirect behaviour. Fixes #42,1,33,0
ef0dc1800f7558abbefe070f361b97b9161b2452,Armin Ronacher,2010-05-24T18:37:48+02:00,"Added interactive Python docs, fixed part style.",8,215,81
6c095deda51efb34cd18bd23411ebd6f2a0cdfe0,Armin Ronacher,2010-05-25T08:17:55+02:00,Fixed docstring.  This fixes #45,1,2,2
133920c83bf78db17631b637b8b2ffabcb26f3d4,Marian Sigler,2010-05-25T01:58:10+08:00,Fix typo in docs.,1,1,1
7829e6ec98f9c84159dcb2aa9fb210b88d97dd33,Marian Sigler,2010-05-25T05:07:09+08:00,quickstart docs: Use a real value for secret_key to better illustrate how a secret key should look.,1,1,1
9d19b77acf413de77b39ed1c6d972fb1e5fef1c3,Armin Ronacher,2010-05-26T14:49:01+02:00,Added lazyloading pattern and explicit chapter links in tutorial.,15,147,3
58285b61fffa1113701686c6bcdbf54ef529e440,Armin Ronacher,2010-05-26T14:50:20+02:00,Merge branch 'master' of github.com:mitsuhiko/flask,0,2,2
1264c458ae808d306aa03c51f70103e52dca107b,Armin Ronacher,2010-05-26T15:19:08+02:00,Document ways to generate secret keys.  This fixes #47.,1,13,0
74d458b40c0bdb140e7feab9af407642eb3dcea1,Armin Ronacher,2010-05-26T15:30:06+02:00,Added versionadded for logger,1,2,0
8d356d7cda963e2fa6437c5a5fef035e13cc80c5,Armin Ronacher,2010-05-27T12:17:07+02:00,Fixed a build error and added a touch icon,4,4,4
e432d833b5f7b4c27e2dca5d5125bbf78a46327d,Armin Ronacher,2010-05-27T13:30:54+02:00,Fixed stuff I broke,1,0,1
68278fd78e15e3ef6a591f3f2b6cc700d1e4d6dd,Armin Ronacher,2010-05-18T01:41:07+02:00,Started working on config support,1,39,11
4d16486132c349cdc7d473ef3c238dfa3f9d5385,Armin Ronacher,2010-05-18T02:36:50+02:00,Improved configuration support.,3,124,10
35fd6eb22c4dec893770dd5720a51608a06fb8cd,Armin Ronacher,2010-05-27T13:31:22+02:00,Use uppercase for config and support any object.,2,40,31
672eaf7abf1452750688eeb4e294aca22cd3272a,Armin Ronacher,2010-05-27T13:34:56+02:00,Merge branch 'config-support' of github.com:mitsuhiko/flask into config-support,0,1,1
99c6287ce2319224f3a188f75641a9443466ab85,Armin Ronacher,2010-05-27T13:54:40+02:00,appengine -> app engine,3,5,5
78fc9949aa7055f2e14825cec3c28bc35c42700f,Armin Ronacher,2010-05-27T13:55:36+02:00,Merge branch 'master' into config-support,0,5,5
182ee31503ea8a9eefd0d7063bd7fbdde991e13b,Armin Ronacher,2010-05-27T17:42:01+02:00,Added chapter about config,5,183,8
02b916d509422a4703df5110110686288666d3d5,Armin Ronacher,2010-05-27T17:55:57+02:00,Added appfactory pattern,2,74,0
dfecc86dd315586bec8f5f0838195d03ba7165d3,Armin Ronacher,2010-05-27T21:17:25+02:00,Ported examples over to new config. documented upgrading,17,122,39
ce6e4cbd73d57cb8c1bba85c46490f71061f865f,Armin Ronacher,2010-05-28T01:18:29+02:00,"0.5 is 0.3 now, why skip numbers?",9,17,17
d29a9765a5b7014d3a52272f80ee90f4d98cf799,Armin Ronacher,2010-05-28T01:25:19+02:00,HEAD is 0.4dev,1,6,1
4ca1d0a2ed7639d3f1d2e466a777f7e6b0e8aa0a,Armin Ronacher,2010-05-28T01:25:35+02:00,update setup.py,1,1,1
6913dc173303de9534c32d716c22b7f371ab6303,Armin Ronacher,2010-05-28T01:30:46+02:00,Added missing changelog entry,1,1,0
6cb0855e2dd181df5353fc1be9b437c7bc92eb2f,Armin Ronacher,2010-05-28T21:06:39+02:00,Fixed an error reporting bug with flask.Config.from_envvar,3,29,1
9959ddd3da09f619d467891b194389851cf50367,Armin Ronacher,2010-05-28T21:07:06+02:00,Removed some unused code,1,0,5
dba42ae968a1cfa6cc6a3ead99ded554a710f041,Armin Ronacher,2010-05-28T21:07:28+02:00,Added missing message,1,1,0
8e4bcaf57630b5449999594063ffe8dc104e316a,Armin Ronacher,2010-05-28T21:21:28+02:00,Fixed build process,2,10,1
63caf6e15882292832485372cd86b8265a007f92,Georg Brandl,2010-05-30T01:53:08+08:00,Fix some typos.,1,3,3
a224fecfd57a77c3f7279102dcc0b332a6858065,Georg Brandl,2010-05-30T02:06:12+08:00,More typo fixes.,9,24,24
7a4b6088395387abe4127c9650f9cbaac11a0ec4,Simon Sapin,2010-05-31T22:19:42+08:00,"Add Module.app_errorhandler, like Flask.errorhandler.",2,34,1
50bca8c2d34b4b31ffcc98f6ced44b18de3c78b0,Armin Ronacher,2010-05-31T17:38:05+02:00,Updated AUTHORS file and added missing versionadded,3,14,0
a6617f44c0416c6877d930b312e1f64df08eca0e,Armin Ronacher,2010-05-31T17:50:31+02:00,Documented _request_ctx_stack. This fixes #57,1,10,0
707b30749daf407c07b5b265bd892564576ad80a,Armin Ronacher,2010-05-31T17:53:10+02:00,use setup.py test. This fixes #56,2,10,2
ee69fb58906818f50a2afe71e4ecde7af96b791a,Armin Ronacher,2010-05-31T21:14:27+02:00,Added document about extension development,3,278,1
216472b43dbb2c2501ab7f8b3e5ae861a082db3f,Dag Odenhall,2010-06-02T03:38:17+08:00,Fix missing plural in documentation,1,1,1
33e7f2b990e3889d6aa9cffef4a4c9d7d0923698,Armin Ronacher,2010-06-02T18:04:49+02:00,Invoke after_request on exceptions as well. This fixes #59,2,45,0
b4d576bce249322605094525491ccba091704a35,Armin Ronacher,2010-06-02T18:05:40+02:00,Merge branch 'master' of github.com:mitsuhiko/flask,0,1,1
937360877bd425543e06decd68a62e086b78bf6b,Armin Ronacher,2010-06-02T18:32:23+02:00,Documented changes in after_request handlers.,1,3,0
bc00fd1e83f23f57dd6a765b6a4bab2394584ae6,Armin Ronacher,2010-06-03T15:26:07+02:00,Added support for deferred context cleanup. test_client users can now access the context locals after the actual request if the client is used with a with-block. This fixes #59.,5,111,3
9983e847425621b5e474ae9da6822f1af0b0cc1f,Armin Ronacher,2010-06-03T16:21:23+02:00,Fixed after_request handlers being called twice in some cases and improved logging system,3,51,24
1ffa295d933c7e0cd1ee14c1592c40f72b9f22bb,Armin Ronacher,2010-06-03T16:25:15+02:00,Added message that setup.py develop is required to build the docs,1,11,3
f904ef27d3d1f4e03972c34858787294c74c164f,Dag Odenhall,2010-06-05T05:23:19+08:00,Fixing typo in error handling documentation (s/changes are/chances are/),1,1,1
12c2cb5e12895a0d16b37b7a9e9a96d69a34c36e,Dag Odenhall,2010-06-05T07:55:41+08:00,Typo in docs for Flask.handle_exception,1,1,1
cc7876f97fbc787ac7702453bdc62541f8ea47f6,Dag Odenhall,2010-06-05T07:59:02+08:00,"Fix in docs for handle_exception: ""A"" before nouns pronounced with an initial consonant sound",1,1,1
e67903d134039b2452b2a3806e10451491ce768d,Dag Odenhall,2010-06-05T08:03:37+08:00,"Fixing another article error, in handle_http_exception.",1,1,1
e7a9df784c9edee7742052aadacc2389bf21230c,Dag Odenhall,2010-06-05T13:49:04+08:00,Typo in jQuery pattern docs,1,1,1
2fb09d07f29aaacac3afd6b64c997e761a292864,Dag Odenhall,2010-06-05T15:06:14+08:00,Another typo in jQuery pattern,1,1,1
7dae84f0027945bac29b45b63fdc0f795a5a813a,Merlin,2010-06-04T01:48:44+08:00,Enhanced the nginx deployment subsection of the documentation with working examples.,1,12,11
88a031ab24b0e7e2a5190f9e48f80f2b21aba1a0,Armin Ronacher,2010-06-05T04:36:04-07:00,"Revert that change, an HTTP is correct from what I know.",1,1,1
e3de5e6ca39e024874cb465c9047b65373d73b64,Simon Sapin,2010-06-05T21:55:10+08:00,Typo in extension development docs.,1,1,1
51a5add86d0fa9889b69d51d45d06a2ac4c5df9f,Dag Odenhall,2010-06-06T00:27:38+08:00,Fix inconsistent capitalisation and punctuation in attribute docstrings,1,21,21
06ed3e1e8888b73794876d39a53382eb45a54fe2,Dag Odenhall,2010-06-06T00:30:11+08:00,Misleading templates path example in docs for open_resource,1,1,1
f5fb4576577cbedcedba9eb16d9fdace18c9292c,Armin Ronacher,2010-06-07T00:56:02+02:00,Added TESTING flag.  This fixes #58.,3,12,0
ca0aa9533f7c3a925f1115581872793bdf34bb34,Armin Ronacher,2010-06-07T02:18:31+02:00,"Added an HTML FAQ document, first draft.",2,163,0
235d693bfc5633aae310ab3dc35e86c8892a0b2b,Armin Ronacher,2010-06-07T02:29:15+02:00,Fixed tabularcolumns,2,3,1
5a5a4a85bf1cfe783e7009d463aa16368dd5c92f,Armin Ronacher,2010-06-07T07:17:45+02:00,Applied leafstorm's html5faq patch,2,118,74
d02d01adaa5754ad694b3fee7e32aaa19a502054,Armin Ronacher,2010-06-07T07:40:03+02:00,Fixed an rst error,1,1,1
1762ea5a2bee7539381c701c4d1534c4af9c2e37,Armin Ronacher,2010-06-07T07:58:10+02:00,Fixed link for good,2,2,2
54d22f1c5537c957ed555c20e6cd8198346289e5,Simon Sapin,2010-06-07T15:21:30+08:00,"Typo fix.  That is what was meant, right?",1,1,1
9ecb9edc0644e9c40a0089d680783df5dbffb3d7,florentx,2010-06-07T16:27:44+08:00,Typos,3,3,4
3e2a2114fd952b489515b63ca0cfa9899455583a,Armin Ronacher,2010-06-07T21:53:36+02:00,into -> Into,1,2,2
223d44dca8e28c95ffb841118b93b1d36bf9b092,Armin Ronacher,2010-06-07T21:53:58+02:00,Merge branch 'master' of github.com:mitsuhiko/flask,0,3,4
41f5ad9b1539410507455db6df1424d1a7215b05,Armin Ronacher,2010-06-07T21:54:56+02:00,added images,2,0,0
540eca16f8a5963a74298f3630523fd9ad49187a,jgraeme,2010-06-10T18:07:14+01:00,Fix some typos in the docs,4,9,9
33a035bb0ec07a4ca92f1397e7caeb7714c57bd6,Armin Ronacher,2010-06-10T23:06:54+02:00,Added security document,3,138,1
52f38bbf8bee2f7b5aa4fe708dc304cb590d3a0b,Armin Ronacher,2010-06-10T23:20:16+02:00,Fixed a broken sentence,1,2,2
20c2e53893c202a4555bd7390672ee948fa6b1e0,Armin Ronacher,2010-06-11T01:37:35+02:00,Alcoholified placeholders,2,6,6
ea72e272a677365a60f1c412f91ebfac58ba13bb,Armin Ronacher,2010-06-14T18:11:52+02:00,Fixed a broken example,1,1,1
f66c252e47c63d7961b8d2c00acdf5aed11eb851,Andre Wobst,2010-06-15T07:00:17+08:00,typo,1,1,1
387be22f26b8065d29e311723bb8a50a74248534,Armin Ronacher,2010-06-17T19:01:32+02:00,Added unicode chapter to the docs.  This fixes #67,2,82,0
e429b69d162b8ec89bbad663ba75599e338bb34f,Armin Ronacher,2010-06-17T19:05:24+02:00,Merge branch 'master' of github.com:mitsuhiko/flask,0,1,1
03c4bb4abc3bd8120ba3e5ea493447be2ad57711,Simon Sapin,2010-06-18T03:16:35+08:00,Typo fix.,1,1,1
7083b35e6af836eeeca661f5a1ba9896bc60ebb3,florentx,2010-06-18T09:59:20+02:00,Typo.,1,2,2
d44b12774879cba83bf33c8ed7733157ab84d778,Armin Ronacher,2010-06-18T16:53:38+02:00,Use a custom logger subclass that uses DEBUG level if in debug mode,2,12,5
fe35105bec80bbb7cbba1b1d6414612fe85873cd,Armin Ronacher,2010-06-18T17:03:31+02:00,Updated design decisions.  This fixes #63,2,23,0
7698c3fd14692aeb947d22d0822df061e4312b03,Armin Ronacher,2010-06-18T17:10:31+02:00,This will become 0.4,1,4,4
1592c53a664c82d9badac81fa0104af226cce5a7,Armin Ronacher,2010-06-18T17:13:32+02:00,Fixed a MANIFEST issue,1,2,0
528ae04be024ea27881f4c45e23590c011a8ea66,Armin Ronacher,2010-06-18T17:14:43+02:00,HEAD is 0.5-dev,2,6,1
b3f342e1816e86be3c367c42a6dd7a9c2bd6dcc9,Armin Ronacher,2010-06-19T13:49:01+02:00,"Updated license, relicensed logo under debian-ish license",2,48,0
7503fc81752d4917fc4a9da808ee6bc37f474ff1,Armin Ronacher,2010-06-19T17:17:50+02:00,Added upgrading notes,4,65,24
c68cf834330f94e3018d660a6fc967c16e374762,Armin Ronacher,2010-06-22T12:06:41-07:00,Workaround for zip setups for appengine.,1,3,0
cf29877075a21d5fc4c08780f09bfa9865ad1586,Matt Campbell,2010-06-26T12:04:26+08:00,docs/index.rst: Make alt text more informative.,1,1,1
14fde0779851866ee00a12b4353f1091d3999428,Matt Campbell,2010-06-26T12:14:45+08:00,Copy edited the front page of the documentation.,1,6,6
f3dd3da59e269cdf50839d9b0e86fa2849516483,Matt Campbell,2010-06-26T13:27:59+08:00,Copy edited and partially rewrote the foreword.,2,54,54
f5e533076fb6f0102bcba9ddb24f905045fa6504,Matt Campbell,2010-06-26T14:39:16+08:00,Edited the installation guide.,1,67,72
4a0c0446da3fc278a5cdc2587191f6df66489d02,Armin Ronacher,2010-06-26T03:07:19-07:00,Added Matt Campell,1,1,0
67f3f1bac5cfadfa5398e18dd232d279576cf85c,Matt Campbell,2010-06-26T22:43:14+08:00,Track the docs/_themes directory,1,1,0
824c10c6e4d9c2235d41a2276a0158b1456c3b06,Christopher Grebs,2010-06-27T17:37:04+08:00,Added MongoKit pattern and fixed typo in sqlalchemy pattern,1,133,0
b5db6bf529706da651389ef51b0fce87a89a47e8,Christopher Grebs,2010-06-27T17:38:39+08:00,now really pushed the fix in sqlalchemy pattern,2,2,1
87c2c794421f8a39aa98a35f518613cfd38852d5,Christopher Grebs,2010-06-27T22:03:43+08:00,fixed mongokit pattern to show how the flask way to configure hostname and port,1,17,6
5ede53066fc26d993dd229fe0c54209e700f4c09,Adam Zapletal,2010-06-28T11:10:07+08:00,"Minor tutorial documentation fixes (grammar, etc)",2,16,16
505c530c9a4c8f1b6b063bcb481a4fdcf3897709,Adam Zapletal,2010-06-28T11:24:37+08:00,"Minor testing documentation fixes (grammar, etc)",1,6,6
ee5eafa7951bf636bdf345cb072f89947e265867,Adam Zapletal,2010-06-28T11:43:44+08:00,"Error Handling documentation fixes (grammar, etc)",1,17,16
24754114fc023c92385a1f9bfef141d93a9c8f9b,Adam Zapletal,2010-06-28T11:49:50+08:00,"Minor config documentation fixes (grammar, etc)",1,7,7
4ed7a923f53c71339251dd1ccd681f424b061bd1,Adam Zapletal,2010-06-28T11:52:32+08:00,"Minor sqlite3 documentation fixes (grammar, etc)",1,4,4
55040d3efa2d608eb4daa1ed7086e0bd36cfd252,Armin Ronacher,2010-06-28T00:13:48-07:00,Added Adam Zapletal and Christopher Grebs to AUTHORs file.,1,2,0
f195d9244756b9809bd2b00601b437f3e278b0b9,Armin Ronacher,2010-06-29T01:13:40+02:00,Added proper subdomain support,4,38,2
7ea1b801cc1f7d09ee18e8d70957c9d34b870700,Armin Ronacher,2010-06-29T01:32:02+02:00,Documented missing attributes.  This fixes #71,1,15,1
bcd746e8cf0fc5f405c5f32b80517a4390de6fd9,Armin Ronacher,2010-06-29T01:36:06+02:00,Added another testcase for subdomain support,1,11,0
9373a71c263a63eca3c466cbc5b175ed5d4999d5,Armin Ronacher,2010-06-29T15:25:20+02:00,improved _request_ctx_stack docs,1,30,0
881aa3ab2dad11edcddd0d5996fea9bdc3132224,Armin Ronacher,2010-06-29T15:59:55+02:00,Fixed an rst syntax error,1,1,1
f5d2d324b5a1cc9d7ab14ab40488d8b7f4b8c616,Armin Ronacher,2010-06-30T09:49:04+02:00,Mention virtualenv in mod_wsgi deployment docs,1,16,0
e75322206d2fd1c483494fea7bfba367cdcdd9b2,Armin Ronacher,2010-07-01T00:19:32+02:00,Fixed a broken example in the docs,1,4,1
d0357b44b02324b85af42052487eab13d0b75f81,Armin Ronacher,2010-07-01T01:22:46+02:00,Added links to Flask-WTF and Flask-SQLAlchemy.  This fixes #73,2,24,1
bc662a546ed9028d93482f79314e64beae19a1d6,Armin Ronacher,2010-07-01T01:45:39+02:00,Added a section about unicode and editors.  This fixes #74,2,27,1
3ab318a7ddca819e13d6d161b008b62b6583453e,Armin Ronacher,2010-07-01T12:56:34+02:00,Explained Flask constructor better.  This fixes #70,2,34,1
a154c87cfca3e21316552b2ec558029f9c96122a,Armin Ronacher,2010-07-02T19:45:26+02:00,Documented exception catching behaviour.  This fixes #75,1,10,0
ee16a68bbd7caf4c8e79c5d6859f72ad38539bbf,Justin Quick,2010-07-02T14:19:26-04:00,out with the old,1,0,1573
d0dc89ea802130e8a3a16b4fba73fa10815c09fb,Justin Quick,2010-07-02T14:20:58-04:00,"in with the new. i have the bits in places where i think they should be, now i just need to work on the import scheme layout",8,1574,0
c4f64c1c475badaeef009ad46846e32a8e5c9b66,Justin Quick,2010-07-02T15:10:32-04:00,working import layout for module,9,78,47
1a69c7d4bf4d87d00b5fb2551ea39ee7c932768b,Justin Quick,2010-07-02T15:11:02-04:00,look for json module in the right place. all tests ,1,3,3
b2c7efd0fabcc0514e27d03ed30f5f8af1de1065,Marcus Fredriksson,2010-07-02T00:26:41+08:00,Typo,1,1,1
7599046d042d1bb3f2db6cdcd6458338802901c4,Armin Ronacher,2010-07-04T11:16:24+02:00,Started working on refactoring Jinja integration,5,54,8
10fff189813fcc18b0ef49b2028426b21f6325a8,Armin Ronacher,2010-07-04T11:16:43+02:00,Merge branch 'master' of github.com:mitsuhiko/flask,0,1,1
81148db5b649c2db9b3ea1156d684ecdf6ab9938,Armin Ronacher,2010-07-04T11:20:45+02:00,Merged in changes from justquick,0,834,828
8798b4b7112fb984bd244c8581ab03ef4a7ba766,Armin Ronacher,2010-07-04T11:25:26+02:00,Merged in changes from master by hand,3,37,12
dd59d7241d0ebc713d51ab939f53ebd0df8b2dac,Armin Ronacher,2010-07-04T11:26:34+02:00,Ported a typo fix from master,1,1,1
4f8ee8f12946b224e5003405be99aa4e454bdeee,Armin Ronacher,2010-07-04T11:35:20+02:00,"Added missing comments, fixed setup.py and made tests pass",10,103,12
88d9315d1955ea4ee99f53e21593a0d1d9047ed0,Armin Ronacher,2010-07-04T11:37:39+02:00,We should now have the same public API as before,2,3,1
d0c6ad7d287e543fcc941aa2b42557e06b9dc142,Armin Ronacher,2010-07-04T11:56:08+02:00,Added support for conditional responses to send_file,3,36,5
532347d6adf1da64259f1af91860d5fa27bac9f1,Armin Ronacher,2010-07-04T12:06:29+02:00,phased out shared data middleware in flask for send_file,2,23,12
fedc06c2950a4c9930082a014d0f8da6ee0193be,Armin Ronacher,2010-07-04T12:14:00+02:00,dropped pkg_resources,3,5,21
15012af70017962c2a22bc3fe670b9cc50782366,Armin Ronacher,2010-07-04T12:48:37+02:00,Refactored static folder registration,3,60,19
a38dcd5e2bed1bcf2c1fc319fa9c3bc35e360fe0,Armin Ronacher,2010-07-04T13:42:00+02:00,Added support for loading templates from modules,3,72,30
a3c9494f67a0e89d44f459dac9eb9d0bc9b9025b,Armin Ronacher,2010-07-04T13:49:58+02:00,Moved templating stuff into a separate module,4,79,62
665fa2a32b5ff2b1c1887a48ed69329110a555f7,Armin Ronacher,2010-07-04T14:01:56+02:00,More refactoring and moving stuff around,3,15,14
d67a36cbdb20bfd9cd9931bceb8e6e3c27e9263f,Armin Ronacher,2010-07-04T14:12:29+02:00,Added a testcase for the improved module support,9,45,2
f694456ff623941020da16839b7edd95248ed26e,Armin Ronacher,2010-07-04T14:13:30+02:00,Documented changes,1,1,0
31d359694aeb4ef8770e7d2ba14ae479c23006a2,florentx,2010-07-04T19:02:27+08:00,Fix typos,2,7,8
b551f15b22c1d7d7749901e8d186246fb12038e8,Armin Ronacher,2010-07-04T14:17:29+02:00,Restored 2.5 compatibility{,2,4,0
f4d8f85a7440f1f533d769c92b27df61e305ce91,Armin Ronacher,2010-07-04T14:17:52+02:00,Merge branch 'module' of github.com:mitsuhiko/flask into module,0,7,8
2b00ec4017ee6b930bb805c294a459f112e4bc80,Armin Ronacher,2010-07-04T14:19:17+02:00,Small cleanups,2,4,4
362cf493c42deaa417aa42a402852679ac349a4d,Armin Ronacher,2010-07-04T14:20:20+02:00,Documented the create_jinja_loader removal,1,2,0
9e1111c2fbc2c7670eb489df0262a90417b96019,Armin Ronacher,2010-07-04T17:21:13+02:00,Fixed JSON availability test.  This fixes #77,1,6,2
bca1acf1f38b0bb6d461fbbc486d6c95eafe0b30,Armin Ronacher,2010-07-04T19:57:53+02:00,Rewrote becoming big and foreword,2,82,66
80eb6cfffc3f3fe6e448aa0e26ba1566d4c42917,Armin Ronacher,2010-07-04T20:00:23+02:00,Switched to relative imports in the package,6,21,21
51a89bf35ec6231d55f5caa8e12484e801f593fe,Armin Ronacher,2010-07-04T20:07:03+02:00,Restored 2.5 compatibility and actual fix for the json problem,4,9,4
f1cde5bbfcb7f0466ad35511ffe2e31ea57756d6,Armin Ronacher,2010-07-04T20:11:54+02:00,Added more versionadded directives,2,24,0
8945a97a42d6475b1ee9fcb2689dc65dfce9828f,Armin Ronacher,2010-07-04T20:36:34+02:00,fixed possible security problem in module branch,2,22,1
09e7b5eb2f3a3da0b09ffe4cd3cad8b028530874,Armin Ronacher,2010-07-04T20:40:58+02:00,Added a chapter for 0.5 in upgrading.rst,1,24,0
b7109865a352e6bbee55247731136a46e1bab04d,Armin Ronacher,2010-07-04T22:57:49+02:00,Removed circular dependency by going over a proxy.  This is the better solution anyway,1,2,6
ac13deff401069c3854acca10c926119c6e1cbe0,Armin Ronacher,2010-07-05T10:23:35+02:00,"Re-added support for folder with static files, refactored static file sending",6,36,10
c34b03e9a677e467ea420d4286d4350ed429a4b8,Armin Ronacher,2010-07-05T10:25:51+02:00,Documented send_from_directory,3,12,0
df3f8940c30447f28f2ddf2a5f764cf543755f0d,Armin Ronacher,2010-07-05T10:31:18+02:00,Added separate module for testing,4,44,23
e5d82020384ae527c36424b52612bbe625db9268,Armin Ronacher,2010-07-05T10:32:06+02:00,Added a docstring,1,5,0
77e2fbf249031a7adb7e745f15ad5645027b5994,Armin Ronacher,2010-07-05T10:37:44+02:00,Added a separate logging module,3,46,16
56796f0f439a5c0e00d7b3d73a662a2a8e11e7c1,Armin Ronacher,2010-07-05T11:06:29+02:00,More doc changes regarding foreword,1,11,10
da514b398429653dbd368c6da48c9863d3c2632f,Armin Ronacher,2010-07-06T10:42:36+02:00,Respect the domain for the session cookie.  This fixes #79,2,19,2
60e143ecb63df6d820dacb1ac6416e0c73714524,Armin Ronacher,2010-07-06T10:43:38+02:00,Documented change regarding the session cookie domain policy in the CHANGES,1,2,1
77743a5f15ddbc7d826abd4f189217bef88991b6,Armin Ronacher,2010-07-06T12:33:39+02:00,Some documentation improvements,2,49,1
b7c0e564d4c8ddd82550f2c2958672558c1c657b,Armin Ronacher,2010-07-06T14:42:43+02:00,Added a chapter on configuration options,1,67,0
34fcd19306dca6359d351bb987b686ca12bb2ab6,Armin Ronacher,2010-07-06T16:07:13+02:00,Added chapter about fabric based deployments,5,219,2
5dd4e9f318e3bb27967d86f42be64fa839967145,Armin Ronacher,2010-07-06T16:10:49+02:00,Fixed a typo,1,1,1
4c937be2524de0fddc2d2f7f39b09677497260aa,Armin Ronacher,2010-07-06T16:25:44+02:00,Preparing for release,1,1,1
3f7ab1797730b8d07497744878d109baa9b235a5,Armin Ronacher,2010-07-06T16:28:47+02:00,HEAD is 0.6-dev,2,6,1
98ea6579c80fc7754eef433e3d6a0f232b8be75a,Armin Ronacher,2010-07-06T19:10:08+02:00,Preparing for a 0.5.1 bugfix release,1,1,1
596ae0ced530adef7021c134b3b89e74154d7eb6,Armin Ronacher,2010-07-06T19:11:51+02:00,Updated changelog,1,10,2
0a93c552cc3318396e44c6ab1282190898ce0012,Armin Ronacher,2010-07-06T19:24:50+02:00,Fixed a template lookup error,3,26,11
b004324dbbf79177d204507e45b0ec5eb74c7d5a,Armin Ronacher,2010-07-06T19:26:37+02:00,merged with 0.5-maintenance,0,34,12
16e4d5a6553ff9c89a61c44ddec7da21126b631a,florentx,2010-07-07T02:07:11+08:00,Various typos.,6,7,8
f1a6fbe250ccf5407b45a398d05bf63bc99c3105,Armin Ronacher,2010-07-06T20:28:48+02:00,send_from_directory > SharedDataMiddleware,1,15,8
0198313a22a98361947fceb8544c355be676f784,Thomas Schranz,2010-07-08T00:10:29+08:00,added workaround for json on Google AppEngine,1,6,1
f3b6d94bf732a913aaf2005ad2656ee31ef8f6c6,Armin Ronacher,2010-07-07T09:19:41-07:00,added Thomas Schranz to AUTHORS,1,1,0
d12d73263f5d1664a65a42f71f19158b7e07ef2c,Armin Ronacher,2010-07-12T18:04:10+02:00,Reverse order of execution of post-request handlers.  This fixes #82,4,44,2
a5325686804d5cda46ef2ead7a368ffcceb99690,Armin Ronacher,2010-07-12T18:05:16+02:00,Merge branch 'master' of github.com:mitsuhiko/flask,0,7,1
5e1b1030e8edecb0c9652f2a406933c049ea2397,Armin Ronacher,2010-07-12T23:04:24+02:00,Added support for automagic OPTIONS,7,74,18
6e52355eb303e1b47f7b83ddbb94ff432e2df139,Armin Ronacher,2010-07-12T23:58:43+02:00,tiny performance improvement,1,2,2
ed16ae2183ad44a7ba89aedd331a180455ed0836,Armin Ronacher,2010-07-13T23:14:53+02:00,Always register URL rules.  This fixes #81,3,13,8
aa3d8398fd1a38b449b64fea4979f358f3c711e3,Armin Ronacher,2010-07-13T23:30:29+02:00,"Config is now available in templates, context processors no longer override keys",5,47,1
85ff63c32e7237280bff3293481a371fb3da180c,Armin Ronacher,2010-07-13T23:52:55+02:00,Emit correct date.  In theory,2,12,1
f8f8463f3a0e260604b066de56b0a8c7d3a86db4,Armin Ronacher,2010-07-14T02:50:41+02:00,Documented cookie problem for #80,1,19,0
b1790cca55956c0cda132ac2fa6a2fb53fd2d009,Armin Ronacher,2010-07-14T10:47:57+02:00,Added MAX_CONTENT_LENGTH config key,4,18,1
f5b8c082847baa8a902cef22c43a5d50d7a55bdc,Armin Ronacher,2010-07-15T14:35:02+02:00,endpoint is optional for modules.  This fixes #86,4,35,7
4aeb44567ab46951a534fa2836b392ed21b1532b,Armin Ronacher,2010-07-15T14:35:44+02:00,Documented change,1,3,0
54ebd88f451cf58b7d07781692fafc465c94305f,Armin Ronacher,2010-07-15T14:39:49+02:00,Documented MAX_CONTENT_LENGTH in the file upload docs and linked to Flask-Uploads,1,20,7
bc8e021b34a696660410ee60e61664ab969e5cf3,Armin Ronacher,2010-07-15T15:42:27+02:00,Added a note on references to static folders,1,15,0
e84ca8ed94d36e57f7ab8a547096ce7f61c06f5c,Armin Ronacher,2010-07-15T15:43:17+02:00,Clearified that,1,5,0
793a56bc8b3a42601f0d3e9b6a1f0f73a9c31c33,Armin Ronacher,2010-07-15T17:01:04+02:00,Added the pocoo styleguide to the documentation,2,201,0
1202996c634b23f82421753cb7c46a5ccdf7aca2,Armin Ronacher,2010-07-15T18:10:26+02:00,Fixed a template loading bug,1,6,9
c83b5555f05ebcff450908684bbf793ca561bea2,Armin Ronacher,2010-07-15T18:11:38+02:00,Improved styleguide docs,1,1,1
82b143f9720ea5837289af32785ce5ef951943d9,Armin Ronacher,2010-07-15T20:03:58+02:00,Changelog entry for 0.5.2,1,8,0
dbb3620792eda43d5f778c7f9019609f62ad2bb9,Armin Ronacher,2010-07-15T21:22:11+02:00,Fixed an rst error,2,3,2
b4b2f42f48684fbb4c2d56f4f83d01b2be421a39,Ron DuPlain,2010-07-16T01:18:20+08:00,Warn about SQL injection in the tutorial.,1,7,0
70dc2b66a0d02a23546ad8d48b7fca1c21997ae6,Armin Ronacher,2010-07-16T13:14:54+02:00,Removed useless script reference.  This fixes #87,2,4,6
e20534dbf513417cd500ca6c4d473da3c155710b,Armin Ronacher,2010-07-16T13:16:18+02:00,Merge branch 'master' of github.com:mitsuhiko/flask,0,7,0
6fc1492357a94ab553fe7ef16a7a2235d05f5a1d,Armin Ronacher,2010-07-17T11:36:16+02:00,Added make_response,5,65,1
90b8df3e4ce762ac4de4a6fabd8fb34532bedd5e,Armin Ronacher,2010-07-17T13:10:50+02:00,Fixed paren in docstring,1,1,1
a59dfe4a77ecfd8740cf55a719c88eedee07fb5c,Armin Ronacher,2010-07-17T14:02:02+02:00,Added missing template,1,1,0
e0712b47c6e5bc98f2afd8b0a82cc5005dc58722,Armin Ronacher,2010-07-17T14:39:28+02:00,Added support for signals,10,212,4
c360f005c354f406735f4119d057a75b24e7baf1,Armin Ronacher,2010-07-17T15:25:53+02:00,Added signal documentation,3,208,0
91e9632a379ebdd778c229a6da86d11140fa7f17,Armin Ronacher,2010-07-17T15:26:35+02:00,Moved wsgi_app down to a more logical location,1,41,41
a3a72e2d8d8df53164689fd84a5db2c6cd04f28a,Armin Ronacher,2010-07-17T15:39:24+02:00,Added middlewares to quickstart.  This fixes #88,3,22,2
e5008386b1a7e0ef3ebb5a4082bf2176d7169ab9,Armin Ronacher,2010-07-17T15:41:05+02:00,Added docs on use_evalex.  This fixes #90,1,5,0
b6cae028f7a2c77108e5ef91e34c285a9ae7ad81,Armin Ronacher,2010-07-17T15:53:32+02:00,Removed useless instanciation,1,0,1
405d4492e41b50f204d7e7d55aa0ac8f11edda1a,Armin Ronacher,2010-07-17T15:56:58+02:00,Documented more changes,2,4,1
3ebc97a7809a15ae5f362d1330552db1efdec525,Armin Ronacher,2010-07-17T16:02:21+02:00,Fixed a typo in quickstart,1,1,1
97d2a198e216b29be5533dfba81525481bc9c1e5,Armin Ronacher,2010-07-17T16:05:06+02:00,Added fallback for docs,1,14,0
5d011c356dfc659a4c2ef66e8c847d489aef4e9c,Armin Ronacher,2010-07-17T16:12:21+02:00,Fixed fallback,1,1,0
2b103134cf165ba453d5492e1a73b57b1e5bef1e,Armin Ronacher,2010-07-17T17:09:01+02:00,Fixed command,1,1,1
05519a85da1b26d73bc9215aa7f5cd357404f397,Armin Ronacher,2010-07-17T17:19:10+02:00,Fixing submodules,1,1,0
2a0e71f08140fe5c8d32ffed350ba403101f27cc,Armin Ronacher,2010-07-17T17:22:10+02:00,Fixed a typo in an example in the docs,1,1,1
fd06bcfbf03efd496697083666953748ef3fe7a3,Armin Ronacher,2010-07-18T00:51:20+02:00,Added notes on 3.x,1,5,0
4a2d2ba3b8259165a97dc80890547f97d7e35ff5,Armin Ronacher,2010-07-18T01:30:28+02:00,Added templating docs.  This basically fixes #92,4,200,1
0d9b6347d6c77762fb888c067e91e428d65b8601,Armin Ronacher,2010-07-18T10:30:58+02:00,Fixed two typos in the pattern documentation.  Thanks Ricky de Laveaga,2,2,2
27d28dcef4cee8765dcd7a567689d35a41ddcd75,Armin Ronacher,2010-07-18T20:43:50+02:00,Added Session again to the public API because existing code might import it,1,1,0
2912ff6f6e85983c372e1bc481337f3fdf6c7b9d,Armin Ronacher,2010-07-18T20:44:07+02:00,Added some whitespace,1,1,0
cd4833222eccf7e70380a42b69d5e766a84a6b63,Armin Ronacher,2010-07-18T20:57:02+02:00,Rewrote parts of the foreword and becoming big section,2,40,34
9991cfa96b8babe1c59bb4b3548df76e01af07f6,Armin Ronacher,2010-07-18T21:02:56+02:00,Added notes for Python 3,1,24,0
8837678a088ad4ec710d78de3c30f87be2d13de6,Armin Ronacher,2010-07-18T21:06:46+02:00,Changed extensiondev docs,1,10,2
e269c8eb727bdf72a0ca22e42b895dd37f3670c8,Armin Ronacher,2010-07-18T21:07:45+02:00,Removed unused LICENSE file.  The doc license is covered by the project's LICENSE file,1,0,28
cb660cd1f1a30f67d8ea2b305d635ce573d239c6,Armin Ronacher,2010-07-18T21:08:58+02:00,Fixed a typo in the html faq,1,1,1
559d2810d7b6f2938cac402636cc689016f28520,Armin Ronacher,2010-07-18T21:58:18+02:00,Expanded the security docs to mention unquoted attributes as dangerous,2,26,1
c0abdc4fa5bd63d38974a0c8f28d4b3ba6ca5eb3,Armin Ronacher,2010-07-18T22:01:11+02:00,Interlinked design docs better,2,9,0
3b0eb0f3ca45786135cacfc380bfdb51e7744e46,Armin Ronacher,2010-07-20T10:12:58+01:00,Added notes on proxies,2,63,18
c5b1755317c7bdfc20f4395a9a29a83b5b9cfd43,Armin Ronacher,2010-07-20T13:48:13+01:00,Added testcase for modified URL encodings,1,15,0
05108673685c709c9929ab0e76451b74d51fb79b,Armin Ronacher,2010-07-20T15:05:01+01:00,Documented blinker 1.1 changes,1,21,4
80268a408b981254bbf2bd318aaade9a21a281ef,Armin Ronacher,2010-07-20T15:05:10+01:00,Documented proxy fix,2,36,0
b49afa21ade898061d279ea20ba964d7e583c419,Armin Ronacher,2010-07-20T15:09:51+01:00,Removed temp subscription contextmanager in blinker tests to support upcoming api improvements better,1,8,2
7680d52f42a562eda2e3f75b34118abb08d93414,Armin Ronacher,2010-07-23T13:29:21+01:00,Added support for subdomain bound modules,4,35,2
dcf5dff414f2f4b9b24047510d3fa7ac643e971f,Armin Ronacher,2010-07-23T14:58:51+01:00,Updatd an intersphinx link,1,1,2
3adc9de5ec39e65f64bcd684613c64b29131a64e,Armin Ronacher,2010-07-23T14:59:10+01:00,Updated docs for extension approval process,1,40,0
66c13955895c7afb849513d9d0ff0f7f8361c511,Armin Ronacher,2010-07-23T15:21:08+01:00,Fixed wording,1,2,2
f4bfae622b5515ebde795fb71e3cc128cc0d5ead,Armin Ronacher,2010-07-23T15:41:39+01:00,Added flaskext tester,1,97,0
cb79b58053c34dc222c84584da506650ec64ee6f,Armin Ronacher,2010-07-23T15:41:58+01:00,Added ali to authors,1,1,0
b2fb2245f1a115c65cba42c6c34f0eae30da4c6c,Armin Ronacher,2010-07-23T15:42:33+01:00,Fixed a word in the docs,1,1,1
63114529ed51213832c9ada0b6216ec9e8e22052,Armin Ronacher,2010-07-23T17:49:03+01:00,good -> bad,1,1,1
a7d83a9f8008a58813e4495dd8b00d14214a51ad,Armin Ronacher,2010-07-25T14:59:31+02:00,Approved extensions must not be GPL,1,2,3
a993a314fe7be148747cf804167d45f2ea8bf18e,Ali Afshar,2010-07-25T18:45:10+08:00,Removed unused import,1,1,1
3a80ecc66057d97e3a0ceb40e99ea7bde035381b,Armin Ronacher,2010-07-25T17:33:45+02:00,Improved script for automatic extension testing,2,216,33
fee5bdafe84bfcec492c2643544373c71f1e82a8,Armin Ronacher,2010-07-25T17:34:47+02:00,Code cleanup,2,1,3
498db01310289cdb9cf771b4432648096628cb21,Armin Ronacher,2010-07-25T17:34:55+02:00,Merge branch 'master' of github.com:mitsuhiko/flask,0,1,1
312dfb43735dfaf063f58f8115c61331990302f6,Armin Ronacher,2010-07-25T18:51:28+02:00,Mentioned zip_safe,1,2,0
9de61ea980edbd8fc3e2c459d3276b8f23d1428c,Armin Ronacher,2010-07-25T18:51:36+02:00,Reviewed all extensions and wrote down notes.,3,270,0
4c5c644fbf8e94096eb1a61d76855a98687cdb89,Armin Ronacher,2010-07-25T18:56:14+02:00,Renamed rejected to unlisted,1,0,0
2401d86008bb68f5f0368fbfe8d5797a8ef75903,Armin Ronacher,2010-07-25T19:00:00+02:00,Fixed formatting,3,47,47
c6f55b5dbd1c5f08e56aa13b61b9b9912b5b4f21,Armin Ronacher,2010-07-25T19:02:02+02:00,Consistency,2,8,8
385e67422ba1d590cf65e81dc7a85c916ada62e8,Armin Ronacher,2010-07-25T19:44:08+02:00,Reviewed 0.9.1 :),1,1,1
e3f440d80ffedcc2adb0f058e06a3ee6c56710d9,Armin Ronacher,2010-07-25T23:19:00+02:00,Approved Flask-Creole,1,12,0
54c126e7872b30dc9e5e28303eceea9e827e0231,Armin Ronacher,2010-07-25T23:25:15+02:00,"Removed Flask-Creole from the listed file, it's in approved already",1,0,12
d455135338d84dfac2a2b98f52cde1d43dd87681,Armin Ronacher,2010-07-25T23:46:24+02:00,Added a workaround for py.test,1,11,2
63a37b75aca15085e685d99f8b7a2e79c83e1f57,Armin Ronacher,2010-07-26T00:36:09+02:00,Improved extension test runner,1,23,5
140fc45ebd052ea07492c068e45d755d4b42c65c,Armin Ronacher,2010-07-26T00:59:41+02:00,Added another workaround.  the extension tester is now a pile of hacks,1,4,0
8bd8b014a8393d4b94e6fd192b64e3a2d2f65fce,Armin Ronacher,2010-07-26T02:30:52+02:00,Small fixes in the extension tester,1,5,2
4ab21cd7489e6a7b4e64beda7d8e44fd93557964,Armin Ronacher,2010-07-26T02:30:58+02:00,Approved Flask-Genshi,1,10,0
c468ad0bfe8608d28e65a0a2c8ba1093dbd7167c,Armin Ronacher,2010-07-26T02:37:16+02:00,Forgot to unlist flask-genshi,1,0,13
6aeb6a09aff3115466eb39253ec236ec98348d9e,Armin Ronacher,2010-07-26T02:52:05+02:00,Added standard dep on py because some extensions might use py.test and the default available version is on the wrong python path,1,3,1
89ed7e616e8b1bd16285703e44ecb40c953671cb,Armin Ronacher,2010-07-26T13:20:46+02:00,Approved Flask-Script,2,16,16
27ce5cc0a139d06ed83bd60ace20ad38cdf4ec8f,Armin Ronacher,2010-07-26T16:02:36+02:00,Added another rule to the approval list.  2.5-2.7 compatibility,1,2,0
3da165f2f56fe7f1b71242157fd4d02d3e37128f,Armin Ronacher,2010-07-26T17:14:17+02:00,Fixed typo,1,1,1
2594602076e223f237a5cf4d0f8742ebc3ad3ab1,Armin Ronacher,2010-07-26T17:14:25+02:00,Approved Flask-CouchDB,2,12,16
c18f032a822fa6db560c440d7faa7c615826aa30,Armin Ronacher,2010-07-27T01:29:21+02:00,Added a tox-test command that runs Flask tests with tox,3,9,0
28f7c1956bc60a81be9a9e5935d72d25b444f3f3,Armin Ronacher,2010-07-27T14:10:42+02:00,Approved WTF and Testing,2,22,33
5cadd9d34da46b909f91a5379d41b90f258d5998,Armin Ronacher,2010-07-27T14:38:59+02:00,Picked codename for 0.6,1,1,1
16b101edb6c10a984b0f2960feeeca5a458845a1,Armin Ronacher,2010-07-27T14:40:21+02:00,HEAD is 0.7-dev,2,7,1
3e297e89d895262e4cf18bfa860f83fbe4b86a61,Armin Ronacher,2010-07-27T17:15:20+02:00,Approved Flask-Themes and Flask-Uploads,2,22,22
750c3a07d8a82bde3cf8d60c7ef29e26ef149a1c,Armin Ronacher,2010-07-27T18:46:29+02:00,Added artwork to MANIFEST.in,1,1,0
3561a398b1a9ad4cfe7f056fe10811930f54b502,Aku Kotkavuo,2010-07-28T05:27:10+08:00,Made one sentence easier to parse in docs/foreword,1,2,2
4cd5201cdd03e14edbceb24620717bbe82300524,Ronny Pfannschmidt,2010-07-26T14:45:05+08:00,"use custom tox file named tox-flask-test.ini, dont delete the real tox.ini",1,3,5
0906f7d58930e047f7ec67290997b552e587e219,florentx,2010-07-28T00:19:47+08:00,Typos.,2,6,7
8a14a875d26dc0923c4c52ed1e56eb112d81e723,Armin Ronacher,2010-07-28T01:26:15+02:00,Added the upcoming bugfix release to the mainbranches CHANGES,1,4,0
dbf55de7e8bfcf7cde967aa72ea006b764d484ac,Armin Ronacher,2010-07-28T01:25:08+02:00,Fixed an issue where the default `OPTIONS` response was,3,33,4
8e7d29176a191bddf819fab9ef629491a769d797,Armin Ronacher,2010-07-28T01:28:31+02:00,Merge branch 'master' of github.com:mitsuhiko/flask,0,11,14
738c66eff30d1a5f5672c22a32a02c29d9c38a2b,Armin Ronacher,2010-07-28T01:32:39+02:00,Fixed submodules.  Once again -.-,1,1,0
43ae651c3091a9c1252726310abe5c9116ee2e53,Aku Kotkavuo,2010-07-28T07:10:31+08:00,Proofread docs/quickstart,1,79,82
952967fcab0ffccc6b67485e8eed994a69d38d03,Armin Ronacher,2010-07-28T01:39:25+02:00,"In 0.7, make_default_options_response is a public API",2,12,2
ed1b34c7249cc79c3287e5becbdfeca6d2155014,Armin Ronacher,2010-07-29T11:03:56+02:00,Approved Flask-Mail,1,11,0
801918603cb075f96ff6c08a6fc6fb165f1eecda,Stephane Wirtel,2010-07-29T18:51:54+08:00,Remove an unused function,1,1,1
778e44e39eb42ff6cbee376ce40d1a52a25cb0ce,Armin Ronacher,2010-07-30T00:03:06+02:00,Improved error message for configuration files,2,17,1
138faab1213bd4010d8cfeb505b0e5f9aafd1345,Armin Ronacher,2010-07-30T00:03:25+02:00,Merge branch 'master' of github.com:mitsuhiko/flask,0,1,1
d09aa3765087bf6e8b8323008e4c1f160db2cd3f,Armin Ronacher,2010-07-30T10:51:14+02:00,Approved Flask-XML-RPC,2,11,9
ff2786d8afd6eba92ad75a22c2ad9275bd970f57,jgraeme,2010-08-03T00:07:10+08:00,Fix some typos in the docs,8,16,16
549af6229039e7fed7bcb2079737e45c27af998e,jgraeme,2010-08-03T00:18:19+08:00,Fix some typos in the docstrings,4,8,8
f52f4fd31b9858f8b42be3fbb2818440e58978b4,Priit Laes,2010-08-01T15:04:09+08:00,Added initial version of 'setup.py audit',1,39,2
c9002569c9abfa715e491aa636555e51ddf85d50,Armin Ronacher,2010-08-03T12:15:15+02:00,Various pyflakes fixes,3,15,14
d17b6d738a0e9f8a3dcf4996a65de6e3347acae6,Armin Ronacher,2010-08-03T12:17:36+02:00,Fixed a refacotring error in the docs.  This fixes #100,1,2,2
faa1c71e455a99e9b098aa9bb4667c07a1bab6aa,Armin Ronacher,2010-08-07T13:02:53+02:00,Request local objects now fail properly with a RuntimeError.  This fixes #105,4,26,5
fda14678c07d036ef3a1984a4e346e793cc5a63c,Armin Ronacher,2010-08-07T13:36:39+02:00,Deprecated send_file etag support and mimetype guessing for file-like objects.  This fixes #104,4,116,32
a354c393aed6d87ad62369cca046f0aff70254c1,Armin Ronacher,2010-08-07T13:37:43+02:00,Fixed a typo,1,1,1
c41a1cd8dca1110ca22da93fb80111b29c7e5740,Armin Ronacher,2010-08-07T13:38:26+02:00,Another typo fix,1,1,1
38107c752cf959ad69cf4f35886946bc947f2bd3,Armin Ronacher,2010-08-07T13:41:06+02:00,Fixed a wrong import path in the documentation.  Fixes #102,1,2,2
a3a843999b8f98a96fb44f573515d44648d72bab,Armin Ronacher,2010-08-09T15:16:02+02:00,normpath is now used before loading templates,4,14,0
9a21c34bb63c2343b7c8c6bcfc51fc72030909ed,Armin Ronacher,2010-08-10T22:55:30+02:00,Added another testcase,1,10,1
6b5ba145213d49078dc03f3f62fb3ad5aa139e68,Armin Ronacher,2010-08-10T23:10:55+02:00,Added a missing is,1,1,1
a3f78af87019bfd89063cf5bc0c19f27325f36c1,Armin Ronacher,2010-08-13T23:37:57+02:00,Improved the templated decorator in the documentation as recommended by Thadeus Burgess on the mailinglist,1,5,1
36a421bb3a235f696131bc8a546492fc04a411f0,Zhao Xiaohong,2010-08-15T10:52:11+08:00,Fixed template_rendered example in signal documentation.,1,3,3
0566abc28da9c997a9f7ac7b38066075a7a81cd8,Armin Ronacher,2010-08-18T20:10:47+02:00,Fixed testing example,1,1,1
780bcf365c40bbcca14a980d87d642e162f3fd41,Armin Ronacher,2010-08-18T21:56:54+02:00,Merge branch 'master' of github.com:mitsuhiko/flask,0,3,3
d903f55e835dd143afb6e0079376525718ffb5a9,Armin Ronacher,2010-08-18T21:58:04+02:00,s/sdist/dist/.  This fixes #106,1,1,1
6fca662c841797a2006999c699a6738b20af1d4e,Heungsub Lee,2010-08-20T15:29:13+08:00,Fix the 108th issue.,1,2,1
2a73bbc436041875f81aeffd5b8f13c6da8fcf19,Armin Ronacher,2010-08-20T11:16:18+02:00,Added testcase.  This fixes #108,3,14,0
6e3dd9b3ce3ddb6ae1689654ce6dc2e71742c8a7,Armin Ronacher,2010-08-20T11:20:09+02:00,Added a changelog entry for #108,1,2,0
c62422c3181f2f8332893b06ee83581d63bceac8,agentultra,2010-09-10T03:33:20+08:00,Updated documentation on packaging patterns,1,16,0
eb67242e1cb08566a1cd2489933479368a48b4a5,Armin Ronacher,2010-09-10T11:01:58-07:00,Fixed a typo in a docstring in app.py,1,1,1
1e4e578d73b78e2e11696b2e2d0763fd00367521,Armin Ronacher,2010-09-12T13:18:08-07:00,Added the extensions dictionary on the application,1,16,0
216478f715b330e7d9298c6a11d3e5c0a1e790f8,Ron DuPlain,2010-10-06T09:47:48+08:00,docs: Finished sentence on Notes on Proxies.,1,2,2
6875a057ec97fb17927b951cd1e5baeef2cf81d8,Ron DuPlain,2010-10-06T14:05:35+08:00,Fixed small typos in docs. Added a cross-ref.,19,27,27
085faf2a776020c9422bf57b5e37b05705d6b95f,Ron DuPlain,2010-10-06T14:06:46+08:00,First pass to reword security doc for word flow.,1,21,21
325b96099a7221d54b57429d505aaae4d9f67400,agentultra,2010-10-06T21:55:42+08:00,Small change to the packages documentation example for clarity,1,6,1
1d2a308c202f401446fa1f092fe0af904ac0230d,Armin Ronacher,2010-10-19T09:09:55+02:00,merged,2,7,0
405c2992f8de441789a1ed82045ab77cefbbedfc,Jeff Weber,2010-10-18T23:51:14-04:00,Updated from_pyfile so its dynamic module creation uses the imp module instead of type.,1,2,1
5ecf01dd4eece07d6d724caebc44a0c568b58d7c,Armin Ronacher,2010-10-19T09:10:12+02:00,Merge branch 'master' of github.com:mitsuhiko/flask,0,56,51
88883aa6db3b27f132000a4cf2a99c1fbbe941c9,Pedro Algarvio,2010-10-21T20:31:13+01:00,Fix for Flask's ticket 126. A proper environment is now built to use,2,26,0
1f6321a1cbf0e2a40f0b2852ebf763e1160ec7ac,Nick Walker,2010-10-11T19:07:31-07:00,clarified description of templates directory,1,2,2
a327452540bbcffe73207f8164504115b6c9e856,Pedro Algarvio,2010-10-22T16:13:35+01:00,Better handling for `test_request_context` don't just append the port.,3,132,7
d4c44a7d8c1554dfafc240f6a1714bc58fdc05f5,Dag Odenhall,2010-10-25T15:38:39+02:00,BaseConverter is in werkzeug.routing,1,1,1
94a7312d5ac5e2f949c4e27ecf2a273cec3d8c0c,Daniel Haaker,2010-10-29T10:55:10+02:00,Add missing semicolon to test,2,2,2
d8f521e1ff200918e2bdeb526e535252763e653a,Daniel Haaker,2010-10-28T22:41:27+02:00,Add missing period,1,1,1
ce4f81f1c235dad3667885398794112690fa0462,Daniel Haaker,2010-10-28T22:30:07+02:00,Correct capitalization SQLite,1,1,1
693b3b7621f7bf1a1aa5eaae90fc48179c0d3088,Daniel Haaker,2010-10-28T22:22:17+02:00,Tricker -> trickier,1,1,1
60177639f4ec207b43e94cd59c5bad1a7a67938b,Daniel Haaker,2010-10-28T22:10:50+02:00,There is no database abstraction layer,1,1,1
1c24b62727704016813a44d7c677ead0b6638c91,Francisco Souza,2010-10-31T01:55:06-02:00,Minor on docs (fixes #133),1,2,2
4f1b086218437870c0d36b4b9b36c5376cad9206,Daniel D. Beck,2010-10-30T20:55:41-04:00,Fixed: incorrect indentation level for session's permanent attribute,1,5,5
67f483bf647549d6f3a6a3b5f73a2bf913a0b25c,doobeh,2010-11-03T12:10:44-07:00,Typo.,1,1,1
858806da69f9f46eb4abaf67bf78d864ea104760,Georg Brandl,2010-11-08T18:02:39+01:00,Hint for positioning file pointer correctly before calling send_file().,1,3,1
2ac1b7d4388209d8e1309ed5b43ebe8d023eaa53,Armin Ronacher,2010-11-19T13:25:45+01:00,Fixed a documentation error.  This fixes #143,1,10,3
ed517c7215fc17a46f85c2c0324d519572b67f6b,Jason Davies,2010-11-13T11:28:42+00:00,Minor spelling fixes,3,17,17
8569dfee6136bfda4a5fa2297aed3d82700bb1a5,Armin Ronacher,2010-11-29T08:57:38+01:00,Added a PROPAGATE_EXCEPTIONS flag,4,54,2
164067920ba7832e587a24725384789ab92bd55f,Armin Ronacher,2010-12-01T17:22:55+01:00,Updated examples to work with pypy which has a incomplete sqlite3 in 1.4.  Also disable a euc-kr test that does not work on pypy,3,14,2
4b65c7ed5a31d56e194817231eb88e1083ba285d,Armin Ronacher,2010-12-06T03:16:13+01:00,Added the ability to override the test client's class.  This fixes #148,1,15,3
fb88d9d0253bffdd67665d2e1b761bd3d9986804,Armin Ronacher,2010-12-07T22:08:46+01:00,Whitespace nazi was here,1,1,1
ed70b42798a31bce951917ff22b996c810e2c3a9,Armin Ronacher,2010-12-23T14:15:18+01:00,Make sure that windows servers do not allow downloading arbitrary files,1,11,1
b92120b190e92288468d8617bc0e270dbf32ea71,Armin Ronacher,2010-12-23T14:18:14+01:00,Documented security fix in changelog,1,3,0
11c66be80e3e249c5f14dd9a23f49a073cd03903,Armin Ronacher,2010-12-23T14:23:33+01:00,Added testcase for an issue that may exist on windows,1,15,0
4c76607553e92f6e1b03930e053cc7078fc32f8d,Armin Ronacher,2010-12-31T15:21:46+01:00,Released 0.6.1,1,1,1
9ae4eba9861bfa959bac6adfaf5842ef7d937eb6,Daniel Gerber,2011-01-06T16:43:49+01:00,fix subdomain for static rule on registering module,1,1,1
24c1713ff5f08ee1a2fa0adf9774328b719d3870,Armin Ronacher,2011-01-13T22:18:49+01:00,Improved documentation for model registration,1,9,0
402f12bb6d578b767dfd637400f9194736458795,Armin Ronacher,2011-01-14T00:29:37+01:00,"We do not support 2.4, not even with CGI :)",2,1,4
07688d7b9302fd47cfd0ea053171ad6561c3f9b9,Ivo Danihelka,2011-01-16T13:26:34+01:00,Fixed 'schemal' doc typo.,1,1,1
99be2ec022e2ceb1c21527c8278a7179630430d5,Armin Ronacher,2011-01-16T17:13:25+01:00,Flask no longer internally depends on rules being added through the add_url_rule function,3,23,1
7afd49c6488461a82505654a88861cdb16356b74,Dag Odenhall,2011-01-12T10:35:44+01:00,Pattern documentation for favicons,2,56,0
4a45345fc44f60275b91c47031dd44abce02f596,Dag Odenhall,2011-01-12T10:38:20+01:00,Fix typo in send_file docs,1,1,1
384ad219cbde8ecbea79d41815d9ab2d70e3123c,Dag Odenhall,2011-01-10T02:13:39+01:00,Typo in docs,1,1,1
8a73097fe528430eb77ac26c81ba85229a8af553,mvantellingen,2011-01-23T19:52:27+01:00,Add unittests for the endpoint decorator,1,45,0
b0ca7e5af15ef2218b9726aba1d8948a409dedb9,mvantellingen,2011-01-23T13:31:02+01:00,Implement the endpoint decorator. This allows you to easily map views to endpoints when using the werkzeug routing.,3,46,0
785e94bf1e914c00a74b92e3549f86826d947f5b,Armin Ronacher,2011-01-24T13:50:14+01:00,Added changelog entry and entry into authors file,2,4,0
4228d7281fd995beda447ee016b304b6c3764f3f,Armin Ronacher,2011-01-24T13:51:06+01:00,No reference for favicon,1,0,2
94f90bc4eb88224d6639cbe94c4e88d8299644e2,fmw,2011-02-04T13:01:13+01:00,updated docs on FastCGI deployment with Lighty,1,27,14
0bf777ed81d5296fb722931d35e5db4333e3de39,Armin Ronacher,2011-02-05T17:41:02+01:00,"Do not use Date, use Last-Modified. This fixes #164",2,4,6
6562f2e152222e473d07e24f43f1cfe091675854,Armin Ronacher,2011-02-06T11:56:55+01:00,Fixed line numbers for flask pdf,1,1,1
8ed051d5b5f136397e26dc20845869366afc2cae,Armin Ronacher,2011-02-10T21:43:13+01:00,Fixed a terrible wrong part in the module documentation,1,10,7
09a06abb774062e72d106fa2a732dcad8fd96c56,Jerry Baker,2010-11-03T07:38:48-04:00,Updated 'declarative' link in docs/patterns/sqlalchemy.rst,1,1,1
1643e5c39157e4f43d20b965c9967eeec8e90700,Sean Reifschneider,2011-02-06T14:14:51-07:00,Fixing a word usage issue in docs.,1,1,1
b49de851d943c24a565488a51b8f11fbfd5ad796,Baiju M,2011-02-20T10:50:38+05:30,Link to issue tracker,1,1,0
00c5b7a937b63378394fc6fc576aa6c27106d6d6,Armin Ronacher,2011-02-21T21:56:37+01:00,added create_jinja_loader,3,23,1
4141afa22b6a52279098ef39413f97773c1b75bf,matt swanson,2011-03-13T15:32:19-09:00,fixing cross-reference links on API doc page,1,10,10
6bdde49348f6c4634a42b76c3c66fad163a2e3e6,matt swanson,2011-03-13T15:47:14-09:00,fixing cross-referenced links on testing page,1,2,2
4046d3bd30729324ff4548a42dfcc2d4f821bb5d,matt swanson,2011-03-13T15:47:40-09:00,fixing cross-referenced links on fileupload patterns page,1,4,4
15ae22494df135b0e332aefb9abc43fb42a87d4c,matt swanson,2011-03-13T15:47:57-09:00,fixing cross-referenced links on quickstart page,1,3,3
5764f3abd2e8e211545f9cb362e95e30a76a87d3,matt swanson,2011-03-13T15:48:19-09:00,fixing cross-referenced links on jquery patterns page,1,1,1
da00160db61050da73213ecede1fffaf42f2fdf6,Sam Anderson,2011-03-13T19:26:40-04:00,Fixed some small typos in the documentation.,5,8,8
b3fc9eb36b8021ad966be57532a5fa5ae4231e13,mvantellingen,2011-03-11T15:33:35+01:00,Open the session after the request context is pushed on the stack instead of in the constructor. This allows you to access the request context in a custom open_session method.,1,8,3
5cc40f4728d5b5356cf49b7dfaa2b130e0b0aedf,Aaron Kavlie,2011-03-14T10:36:33-04:00,silent option added to 'from_pyfile' to mirror 'from_envvar'.,1,8,3
fa9817778c83eb35b9c2c4332ccb7e5190d1ffa2,Aaron Kavlie,2011-03-14T10:41:22-04:00,Test passes.,2,3,1
45b97d14e3ab7a8b7e6010bb6490a87b00c2ae2b,Armin Ronacher,2011-03-14T14:19:12-04:00,Started work on app dispatch docs,2,79,0
34a494713c085926d023f8e8f9cf6f0c40bab660,Armin Ronacher,2011-03-14T14:21:28-04:00,Documented some changes in config handling.,2,4,0
235369fd613b72c1767b2b20d9f94dee1d6090d5,Armin Ronacher,2011-03-14T14:21:44-04:00,Removed unnecessary import,1,0,1
3deae1bd48bf7dfad863afae4d368993fc9bafe1,Drew Vogel,2011-03-09T12:31:39-06:00,Clarified language related to avoiding circular imports.,1,4,4
04e70bd5c7bd80696eabaea11afd9080d874f859,Matt Chisholm,2011-03-14T13:00:34-04:00,Add teardown_request decorator. Fixes issue #174,4,136,4
f58c98904f83aeff934b66d87b4e42a06ceb840d,matt swanson,2011-03-13T17:18:19-09:00,fixing some wording issues on the testing page,1,54,57
fbd488678f93c13527a9fba252bd89b53abec5e9,Armin Ronacher,2011-03-14T16:13:58-04:00,Implemented flask.has_request_context(),5,48,0
60de3f295b0dc90635998772e7651b09aa75fab1,Armin Ronacher,2011-03-14T16:44:58-04:00,Updated appdispatch pattern,1,94,18
c1c20ac108bab9daea0c4741e19a68a2186db6e3,Matt Dawson,2011-03-14T19:23:56-04:00,Modify extensionsdev documentation.,1,82,47
1a7f579ece2528e73d9959d6fe4c8d7172fc3959,Aaron Kavlie,2011-03-14T23:32:33-04:00,Improved botched docstring wording for silent failure.,1,2,2
43cf3f307fc872b37de8b8fe986d4af17f767d63,Armin Ronacher,2011-03-15T11:25:17-04:00,Improved wording,1,1,1
97efffad9a9858c0d966723d543e1186629631d4,Armin Ronacher,2011-03-15T11:47:59-04:00,Enable deprecation warnings,1,4,0
dd75cc9e28fc2bed7783cbc65182b9fc3d9c94b0,Armin Ronacher,2011-03-15T12:07:32-04:00,Merge branch 'appdispatch-docs',0,159,0
67581795c4b1d5d27aaadf71f82bb6862887ba74,Aaron Kavlie,2011-03-14T23:32:33-04:00,Improved botched docstring wording for silent failure.,1,2,2
fd0862c77d70aa239e9b687818abf0e8ef8dd743,Armin Ronacher,2011-03-15T12:20:30-04:00,Merge remote branch 'mattd/extensions-docs',0,82,47
4c8c503326f8b26787945082007a294dff4c255b,Armin Ronacher,2011-03-18T09:00:24+01:00,break line,1,3,1
0da56d7f5cfb6a637129444bfe0d6bf2584363ac,Armin Ronacher,2011-03-18T09:15:28+01:00,deprecated init_jinja_globals,4,88,16
5910ef8a439196075f16e8d19d72c8bcb704a62f,Armin Ronacher,2011-03-18T09:16:33+01:00,Lock loader creation,1,2,2
1446614915b9ab4f75cbdfd79a80b71492b00276,Armin Ronacher,2011-03-18T09:30:56+01:00,Added deprecation warnings for modules,2,47,4
a06cd0a64418f2aafafb0a574c64c2ea5f3e9239,Armin Ronacher,2011-03-19T03:28:39+01:00,Started work on implementing blueprint based template loading,4,93,22
0ecc686372f577ccbcbcb818e1386ceb7bd9391d,Armin Ronacher,2011-04-17T19:03:06+02:00,Fixed a typo,1,1,1
a2225bf57e7c20f5c63c3c2b79db397f3724c1dc,Noufal Ibrahim,2011-03-28T17:01:21+05:30,Added a note on actually starting the application,1,8,1
709ecefee1859cf16cc8bdfa642e39fbc6b4421e,Rémy Roy,2011-03-30T22:58:41-04:00,Updating documentation for app.after_request decorator.,1,4,1
0e4cd2e6512c66ba004df0f35f3a21e8cfcdf77c,Kanak Kshetri,2011-03-31T15:53:17-04:00,Fixed a typo that was preventing second code block from appearing in a code block,1,1,1
7ed3196e8d1861acd027c409c47e51cce812ba63,Simon Sapin,2011-04-04T16:53:04+02:00,Add safe_join: returns the filename used by send_from_directory.,3,30,8
3c7b5a68f1ede9c870ae76f44e2dde6102843e54,Armin Ronacher,2011-04-18T16:48:40+02:00,Changelog entry,1,1,0
1dd83964f0c1fb3c4772cf24880f5aeb3f282f66,streety,2011-04-18T02:49:31-07:00,Change to match headers in https://github.com/mitsuhiko/werkzeug/blob/master/werkzeug/contrib/fixers.py,1,1,1
d8fcd4260e9194a03267ddb913a8b5d7cf0948d2,Armin Ronacher,2011-04-18T23:19:59+02:00,Whitespace normalization,2,2,1
e774e3a69eeb9a811a22e73ff87267e8bf4f9027,Armin Ronacher,2011-04-18T23:20:24+02:00,Switch params and example,1,4,5
a4ea3159a27d775b53774cea2d47c733a460fb93,Armin Ronacher,2011-04-25T16:01:58+02:00,Better error messages,1,3,2
017117778ec477205eaba6acab951951808a60a5,Armin Ronacher,2011-04-25T16:02:35+02:00,Document that None skips in query strings.  This fixes #224,1,2,1
9d84a3458b3f3dd5d30d7d6125b7e43bbe169fdd,Aaron Kavlie,2011-04-27T14:25:34-07:00,Merge remote-tracking branch 'upstream/master' into issue_198,0,292,62
c6e4d743a93d8999a8d95044b6d89132e25cb7d9,Aaron Kavlie,2011-04-27T14:28:07-07:00,A couple of corrections to the example fabfile.,1,5,5
15c937b316b16b12df2375c706bcc93e3d37d33e,Ron DuPlain,2011-05-01T16:36:51-04:00,Remove ctx.bind() from doc. It doesn't exist.,1,0,9
e3d577cc2a87cee4e45f9939df1d6d5d99f4d943,Armin Ronacher,2011-05-07T15:28:05-07:00,Merge pull request #228 from akavlie/master,0,5,5
74514fc83795d5ca705f67333993b5c7f9d01316,Ronny Pfannschmidt,2011-05-08T11:31:52+02:00,"the import order note was meant to be bold, not cursive",1,1,1
19dfe5f6310188c25e5e3efcd4581b08bd9f98ff,Armin Ronacher,2011-05-08T03:32:31-07:00,Merge pull request #230 from RonnyPfannschmidt/docs,0,1,1
8b974eb35523fde507055a27f70484133bb21b79,Ron DuPlain,2011-05-12T12:54:56-04:00,Note to use debug=False for third-party debuggers.,1,5,0
57920a5808c03d7d035f592a13a71ba627fe85da,Sharoon Thomas,2011-05-17T11:41:12-04:00,Prevent pop if flashes not in session to avoid modification to session fixes #227,1,2,1
ea77d5e12d5148e8f42e449deac64f363c5db484,Ron DuPlain,2011-05-19T09:14:53-04:00,Touch up docs according to user feedback.,2,4,4
41952d2b259efdd89634aef7f47afc4cef6e7190,Steve Romanow,2011-05-18T18:16:48-04:00,respect request charset,1,7,1
d90765b0265eec81130172efe3250cd1e3c900bd,Armin Ronacher,2011-05-24T16:29:46+02:00,Added testcase for json encoding parameter support,1,12,0
2a81c8a822e166299fed27a403a59a004f689d37,Armin Ronacher,2011-05-24T16:30:08+02:00,Documented change,1,2,0
9c00f8b78772b29288a480df4def4242262cc6e4,Armin Ronacher,2011-05-24T16:31:46+02:00,Merge branch 'master' of github.com:mitsuhiko/flask,0,13,17
7242abcfb22c5b7321dc658766e8b6f5486ff1c3,Armin Ronacher,2011-05-24T16:34:41+02:00,Extend the logging from the dynamically set logger class.  This fixes #234,1,2,1
f2f806285de4505709c1f5a7811ad5c86dbe7580,Armin Ronacher,2011-05-24T07:41:27-07:00,Merge pull request #232 from sharoonthomas/master,0,2,1
34e6933832f16a2031691b7397e42d9d157bd054,Armin Ronacher,2011-05-24T16:42:06+02:00,Documented change in flashing,1,2,0
e3f2dd8f080115d626437bbee3631f7cf5560ca5,Armin Ronacher,2011-05-27T15:59:11+02:00,Added a test for content length behavior,1,16,0
e71a5ff8de93801c30ed6daecac4b8502aa86813,Armin Ronacher,2011-05-27T20:10:53+02:00,Started work on new request dispatching.  Unittests not yet updated,11,436,153
ba6bf23e0d08ca0b9163b4e5c37b3d2fd274b1b2,Armin Ronacher,2011-05-27T20:12:20+02:00,Updated tests,1,13,33
a9fc040c39109f86f3ea98440215b4a54f291f53,Armin Ronacher,2011-05-27T20:21:41+02:00,Updated documentation to use teardown request where appropriate,4,45,40
115d31ddbfac0773794f115eada88a75d651a0f2,Armin Ronacher,2011-05-27T20:29:03+02:00,More documentation updates,3,53,1
b51ecd7f212588b3d7363db90a4ab8318ec2fa80,Armin Ronacher,2011-05-27T20:29:47+02:00,Updated examples,2,4,6
086ecdb91829d43a9b948c6d97524d8de18e2fa4,Armin Ronacher,2011-05-28T15:11:48+02:00,Better reraising of exceptions,3,37,2
673fa18e6d3cb03bf1db1ba3b0322f7211412ecf,Armin Ronacher,2011-05-28T15:14:07+02:00,Merge branch 'new-request-dispatching' into blueprints,0,689,266
7a08331ac062ee1e2ae3c7547f77c2d342ddb3df,Armin Ronacher,2011-05-29T15:54:58+02:00,Latest iteration of the blueprint code.  Far from being done,8,304,274
f7e71b518f30923f494750e476f30d91c415723e,Armin Ronacher,2011-05-29T18:55:06+02:00,Register most stuff only once,2,26,17
5da1fc22153032923b1560a34a0f346d6517a12d,Armin Ronacher,2011-05-29T19:52:10+02:00,Started work on URL value preprocessors,2,81,1
4d6cd1a3901495f66513934bb7e1a6ac58116400,Armin Ronacher,2011-05-29T19:56:16+02:00,URL building should work in theory,2,15,0
db28217574c119b65f4a5c9dcc7922656d60f22b,Armin Ronacher,2011-05-29T20:05:39+02:00,"Fixed a bug, view_args not values",2,2,1
8017febac4d8cfec57378a6d5514ab19957f8cdc,Simon Sapin,2011-05-30T15:06:32+02:00,Don't fail for unicode filenames with send_file(add_etags=True),1,4,1
9beee51b0b1c190a90bdfae946a66ca0dddf0631,Simon Sapin,2011-05-30T21:32:01+02:00,Clarify in docs that the SERVER_NAME config can also take a port number.,1,3,2
c7ff139481f96316d740a34f01cfd0f25e449848,Ron DuPlain,2011-05-30T12:45:07-07:00,Merge pull request #238 from SimonSapin/doc-SERVER_NAME-fix,0,3,2
0baa4800d6bce0560b74a6febc2b17ff6d418aaf,Simon Sapin,2011-06-02T23:29:31+02:00,Merge branch 'master' of https://github.com/mitsuhiko/flask,0,3,2
aaa24fc05ab173d1d0b08379e6e9c7b38ad9bfc9,Armin Ronacher,2011-06-05T09:12:41+02:00,Merge branch 'master' into blueprints,0,3,2
f5ec9952decda8731a1f40ba788ba06d12c0229b,Armin Ronacher,2011-06-05T10:27:15+02:00,Added blueprint specific error handling,4,182,12
1f31ec4bea20e67f1870a0857c869eafa109c4d4,Armin Ronacher,2011-06-05T10:32:00+02:00,Added documentation in update document for new error handling,2,36,0
cb604e39bb3cc06a2c45a72dc6100d2aef191e76,Ron DuPlain,2011-06-05T04:38:24-04:00,Approve Frozen-Flask.,1,11,0
6dae36f94db40d242fee73d10467a25cfa90b580,Armin Ronacher,2011-06-05T13:19:28+02:00,Started work on an upgrade script for blueprints,2,178,4
5e91b0c352d6493b2669c6da413fd0ed65cb6b7c,Armin Ronacher,2011-06-05T13:52:40+02:00,Import and some usage rewriting.,1,65,1
479e242afc0665306745ea1845ba47ceaaede770,Armin Ronacher,2011-06-05T13:53:40+02:00,"Direct rewrites are unnecessary, constructor calls are enough",1,2,3
6d072f00adb12569380becd17f277b5456ad07c0,Armin Ronacher,2011-06-05T14:31:17+02:00,Better control over template rendering calls,1,100,17
670d2bcf7aaf6be3701aa58fb2ad39d3bb80e071,Armin Ronacher,2011-06-05T14:31:33+02:00,Added test project I use for testing,2,31,0
cbfacd8962587d864e89d876e772fb4c1234f94d,Armin Ronacher,2011-06-05T14:32:33+02:00,Added disclaimer,1,5,0
a05f47059b3cd3ae70ee7e904ec902c8ea82476c,Armin Ronacher,2011-06-05T14:33:29+02:00,Merge branch 'master' into blueprints,0,11,0
10104e98cf89b1e57f8359b0209307fefaee2ea1,Armin Ronacher,2011-06-05T14:37:33+02:00,app.modules -> app.blueprints,1,2,1
17d1ade6b956a1dc508f096f951fc52800b2a20e,Armin Ronacher,2011-06-05T14:37:57+02:00,Alternative names for app,1,1,1
aa863efd9294dcd8afef6e5fa590ae2f88cbb0a2,Armin Ronacher,2011-06-05T16:00:19+02:00,Don't scan the whole file contents for template detection,1,9,11
9770054dee42df5e5a1f4dcf5c46e444ac86cb76,Armin Ronacher,2011-06-05T16:11:17+02:00,Started documenting the upgrade script,2,37,2
6094c8536bb9ac90abbca5c970bdc1bd645395ba,Armin Ronacher,2011-06-05T16:16:13+02:00,Usage for the script,1,1,1
99bb902cc351c32c4646d6baeaa3de3bc9086718,Armin Ronacher,2011-06-05T16:21:31+02:00,Error handler deprecation,2,12,3
60bd6209472bf47ddfc31e01b9150739219f6278,Armin Ronacher,2011-06-05T16:22:44+02:00,Warning about deprecation warnings not showing,1,4,0
207a7908e87e994f5ee53f9eb2cb83c9faedd9d9,Armin Ronacher,2011-06-05T16:26:18+02:00,Note for windows users on the upgrade script,1,7,0
c9cd6084c28a319985420cce401c810cf5236176,Armin Ronacher,2011-06-05T16:33:54+02:00,More upgrade notes for blueprints,1,37,0
b4ffa4d9ac9cd652e94a97fa633f021d2f934582,Armin Ronacher,2011-06-06T10:10:10+02:00,Allow name to be specified as the first parameter but with an explict name.,2,5,1
bfd67764fb48311e6a7ddcc85244726d70af677b,Armin Ronacher,2011-06-07T15:32:44+02:00,Started documentation for blueprints,4,94,30
311c244f2e9fdfa0a39cbf1b8372cb6a5fe6fb90,Ron DuPlain,2011-06-07T20:45:26-04:00,Approve Flask-Login.,1,11,0
3b313b1da96e55cb6178f71e847b28e83970fe7b,Armin Ronacher,2011-06-08T14:02:14+02:00,Merge branch 'master' into blueprints,0,11,0
2647bec408b676e5639d3d20ce4c1f9a53188463,Armin Ronacher,2011-06-08T16:22:17+02:00,Added a minimal blueprint example,1,19,0
20bf8edcf4efed9405c6148ee070c22c32fbb7ea,Ron DuPlain,2011-06-07T21:55:07-04:00,Rename teardown example to avoid confusion.,1,5,4
0313c8b24a40d016e6b64495ce72ed912ce0fc24,Ron DuPlain,2011-06-08T08:20:42-04:00,Expand documentation on blueprints.,1,35,26
3d6e3e48ad2445c80761c930ddfbe0ce24be3eb3,Ron DuPlain,2011-06-08T10:59:32-04:00,Replace 'module' with 'blueprint' in docstrings.,1,20,20
5127b8bd26a58cb9ac8214a89cee16eb14349e59,Merlin,2011-06-10T01:38:26-07:00,Added initial uwsgi deployment documentation for nginx; updated nginx URL in fastcgi deployment docs; added uwsgi to deployment index,3,65,1
207006f4c3ad0dc74a1a9c84b4d1dfad50e58407,Ron DuPlain,2011-06-10T12:15:50-04:00,Touch up and integrate docs on deploying Flask.,6,145,123
87234fb2f8c896bd2df336bdce5ffb3e85112cdc,Kenneth Reitz,2011-06-15T23:31:48-07:00,fixed typo,1,1,1
65f9bc7b226ed8e65fc48bb26f6f68c2e2844720,Ron DuPlain,2011-06-16T10:28:51-04:00,"Touch up (tiny) doc as requested by emiel, #244.",1,1,1
59a92ebd71121afc55f4a2f3bd305ca0a2222169,Armin Ronacher,2011-06-16T23:52:50+02:00,Updated blueprint documentation,1,89,1
abe1378caec759cc8c6fc0afeaad248677c4420f,Armin Ronacher,2011-06-16T23:55:49+02:00,Chnaged a bunch of behavior in blueprints for it to be more flexible. Improved backwards compat.,6,50,54
62d91d67f3b96ce7412d747ab3dd60a3aecc8276,Armin Ronacher,2011-06-17T02:45:57+02:00,More documentation updates,2,33,2
dbfa04ece6f07a8cde3dac672b3d3d63b941070f,Armin Ronacher,2011-06-17T03:29:31+02:00,Removed old module documentation and added some new for blueprints.,2,23,181
e17e74d3a74b5d32a622587b2b9da9840bf3a7e0,Armin Ronacher,2011-06-17T03:29:40+02:00,Started work on testcases for blueprints,2,36,3
37fab7888744b23f62f678614656b686bb046379,Armin Ronacher,2011-06-17T03:39:49+02:00,Added a migrated moduleapp as blueprint app,9,65,3
0fcbe0a47895a1d1106b50420fe696e04520b621,Armin Ronacher,2011-06-17T03:42:11+02:00,render_template calls no longer need changing for blueprints.  They need new paths though :(,1,6,69
5ca333e9b7c25b037420831071f60f177a2d9567,Armin Ronacher,2011-06-17T03:42:49+02:00,Merge branch 'blueprints' of github.com:mitsuhiko/flask into blueprints,0,62,52
dbb9a2ed46ddf75ea3101e88deaf61b8788ebc76,Armin Ronacher,2011-06-17T03:45:19+02:00,Added note on templates not being updated,1,8,1
86175054d63df56c4f3c79108d363ef5e127e440,Armin Ronacher,2011-06-17T20:27:25+02:00,More docstrings for blueprints.,4,40,11
d62e277dfec0f374d72b01ca5d73985ac342d3f2,Armin Ronacher,2011-06-17T21:33:31+02:00,Added pattern for url processors because the API documentation itself might not reveal much.,2,127,0
7e55b5084ddbaeeadd8358b216f36e7706c79199,Armin Ronacher,2011-06-17T21:53:11+02:00,Mention the TESTING flag in the docs,2,23,2
d38c61f42a0d0a9827322ac33c6a2ca4eaf240c1,Armin Ronacher,2011-06-17T21:58:03+02:00,More modules -> blueprints,2,8,8
04f2bbcb15bd7b3accd8e0820b83df1b2207aa24,Armin Ronacher,2011-06-20T08:27:23+02:00,Updated JSON docs,1,7,0
3add9c5fc24d0e6c3165c9b416d37ff9296f7c3a,Armin Ronacher,2011-06-20T08:44:02+02:00,Merge branch 'master' into blueprints,0,205,112
e6b9f509ba3c47f748d5c6da5f6de5500248dbfd,Peter Manser,2011-06-20T23:51:30+02:00,Improving documentation for loading jQuery. Now using Google CDN with fallback to local jQuery.,1,7,7
c40937e7bf1df492c99705733f6550f3f09baf91,wilsaj,2011-06-21T10:05:26-05:00,"Bug fix in the documentation for Deploying with Fabric: as of Fabric 1.0, in the local() function capture=False by default, so it must be explicitly set to capture=True so it returns a python string (http://docs.fabfile.org/en/1.0.1/api/core/operations.html#fabric.operations.local)",1,1,1
63a3cea69b04a397c7fa0dbed4f1eeb3a12f8bde,Ron DuPlain,2011-06-21T08:12:44-07:00,Merge pull request #250 from wilsaj/master,0,1,1
239d9ccf5773c84a4f3faf7e415bb298892c2063,Ron DuPlain,2011-06-23T08:42:27-04:00,Remove extreview .rst in favor of website listing.,3,0,287
46ecc57b7c29cd017fd841aef37c5d767cc538e0,Armin Ronacher,2011-06-24T07:30:56-07:00,Merge pull request #237 from SimonSapin/master,0,4,1
26e748cdd36a2fee1bf29f4f22c2b83f43fda69d,Armin Ronacher,2011-06-25T12:24:38+02:00,Merge branch 'master' of github.com:mitsuhiko/flask,0,12,296
0e98a080976f39e20aa6f18e8a335aa23d9334f7,Armin Ronacher,2011-06-25T12:26:07+02:00,Provide ways to override the url rule,1,7,1
2d946b96a1d904faad6cba6b59c666338fb5c733,Armin Ronacher,2011-06-25T12:26:13+02:00,Merge branch 'master' into blueprints,0,19,297
8e928a2fcbac6edca918e9d4efccc4fedb418292,Ron DuPlain,2011-06-25T14:09:37-04:00,"Document Werkzeug's run_simple for dispatch, #225.",2,18,0
ab6bac111c9fa551ae0b6386a2cd6a13b45c26c7,Armin Ronacher,2011-06-26T21:34:27+02:00,Made it theoretically possible to hook into request matching,1,12,6
3d146548c7e687b1938c66df12082a1ab037c75d,Armin Ronacher,2011-06-27T00:31:24+02:00,Added release script,4,144,4
bffe97bb50c8d0b32d66abd59751fef51155a290,Armin Ronacher,2011-06-27T00:34:15+02:00,Added version bumping,1,12,0
8232aaebaf9829a7b520448be0bd0b587717fc39,Armin Ronacher,2011-06-27T00:35:38+02:00,Merge branch 'master' into blueprints,0,18,0
874079bffed0f02235f55e4a512822194ac2449a,Armin Ronacher,2011-06-27T00:45:31+02:00,It's still dev :),2,2,2
85efa3f89571d66071b86110bf7b615e38234aa8,Armin Ronacher,2011-06-27T01:04:18+02:00,Updated upgrade script to no longer change url_for that don't need to be changed,3,59,18
12761bd02ce8480c228008792861c8ce357d396a,Jeffrey Finkelstein,2011-06-26T21:43:48-04:00,fixed pronoun gender in documentation,8,15,15
c5340b1ec471ee8535916eeb042fb2710df64276,Armin Ronacher,2011-06-26T22:58:10-07:00,Merge pull request #257 from jfinkels/master,0,15,15
1c47d8a5f6f98e1dc40773f2b41dac688b440e9c,Simon Sapin,2011-06-27T08:21:09+02:00,Fix a link in the changelog.,1,1,1
ea7a1720779ab4680304d2bc9dffcb6f5c7f2798,Armin Ronacher,2011-06-27T09:20:50+02:00,Test that dotted names work.  This fixes #258,2,26,1
1e7577578f08f1685d98bdac5ce1c43973647aee,Armin Ronacher,2011-06-27T09:30:27+02:00,Expanded url_for docstring for blueprints,1,7,1
4e47ea9105aacc495683c5aa12f91f5f382baee6,Armin Ronacher,2011-06-27T09:30:39+02:00,Merge branch 'master' into blueprints,0,15,15
ccd5ced70e48515e222b84dccc8f21d32c864dcd,Armin Ronacher,2011-06-27T09:40:45+02:00,Chop of ports for session cookies.  This fixes #253,2,16,1
1c8097b35a08ef83d0996df0e51932ee3954e047,Armin Ronacher,2011-06-27T09:43:51+02:00,Updated Python 3 section,1,11,16
7e6c70a133c833ef08f83a7e5cc926bf6e5581f1,Ron DuPlain,2011-06-27T09:23:31-04:00,Add teardown request decorators to blueprints.,1,20,0
3cecdb3966cbe3a40089fbb27d1445052d289aaf,Ron DuPlain,2011-06-27T15:59:22-07:00,Merge pull request #259 from SimonSapin/docs-fix,0,1,1
dcf21989dc71f4ab93ceaf0627e40c516462bd8c,Armin Ronacher,2011-06-28T12:45:49+02:00,Added class based views,3,147,3
775caf726db10c6c736a454b17fcc0f1f1474193,Armin Ronacher,2011-06-28T14:24:37+02:00,Improved cbv and added tests,1,15,5
b36d7b3288442173bcc999ebb4310674869a526d,Armin Ronacher,2011-06-28T14:24:54+02:00,Added class based view documentation,4,192,0
81433cec2987036b3c04d7f5211b128355235837,Armin Ronacher,2011-06-28T14:26:12+02:00,Added changelog entry,1,1,0
b62d76ae06b36d5e80b8a92a1da6fc9927868ef6,Armin Ronacher,2011-06-28T14:28:49+02:00,Merge branch 'blueprints' of github.com:mitsuhiko/flask into blueprints,0,20,0
d3b0edbcf9d98dfefd7afb96ab7a83143dc572db,Armin Ronacher,2011-06-28T14:30:21+02:00,Merge branch 'master' into blueprints,0,1,1
22d468e190c4cdd3af8ea0546157f22b53197855,Armin Ronacher,2011-06-28T14:34:07+02:00,Less annoying gender neutral forms,8,12,12
97c54fd484221cb53e91de9b35f7c132970aa045,Armin Ronacher,2011-06-28T14:36:49+02:00,Correct release date,1,1,1
fb1482d3bb1b95803d25247479eb8ca8317a3219,Armin Ronacher,2011-06-28T14:36:52+02:00,Bump version number to 0.7,2,2,2
b64fa73467424b8e6c4efa565d4d5bc2ae414ab7,Armin Ronacher,2011-06-28T14:37:02+02:00,HEAD is 0.8-dev,2,2,2
62e7f5cea62c5fc735c1993c3c11a29825b71966,Armin Ronacher,2011-06-28T14:45:11+02:00,Better uploads,1,3,3
0ff7fe2a378d89308e3e6b2740ac1469157fa088,Simon Sapin,2011-06-28T06:14:39-07:00,Typo fix in code samples for Pluggable Views doc.,1,3,3
ee001e192d9178ff43c0511dc4292299b0a534d3,Simon Sapin,2011-06-28T06:25:52-07:00,Add a link to pluggable views docs in the changelog.,1,1,1
5afeac0c19b6c9ca6456dff368724492822ea165,Armin Ronacher,2011-06-28T16:06:51+02:00,Fixed release script :(,1,1,1
d0821edca5a075383a98d88d2916b5991897421b,Armin Ronacher,2011-06-28T16:08:19+02:00,Fixed link to the upgrade script.  github changed links apparently,1,1,1
284025fd60fe7e0eba2b1ac9e74f59306e6de60d,Armin Ronacher,2011-06-28T07:09:03-07:00,Merge pull request #263 from SimonSapin/patch-2,0,1,1
eb6549d95a8e9c28f9e4b89c28e370124e7452b9,Armin Ronacher,2011-06-28T07:09:21-07:00,Merge pull request #262 from SimonSapin/patch-1,0,3,3
e2fed6c3a771514a0f6ed2d10e239ef901305713,Armin Ronacher,2011-06-28T16:11:01+02:00,Fixed another typo,1,1,1
57d9a2a1187b306c6997a3dcbac25837a54862f2,Ron DuPlain,2011-06-28T12:00:01-04:00,"Import with statement in helpers.py, #264.",1,2,0
5aabc4070096b6e9dca56b62b8afb514d641f5cd,Armin Ronacher,2011-06-28T23:36:39+02:00,Added changelog entry,1,7,0
7d4c7847085dfe19893ff2a7d4c0d1bd0fbb7981,Luit van Drongelen,2011-06-29T01:06:03-07:00,Missed the -w option in uWSGI deployment docs.,1,1,1
c26a6dd50c847d083cf444616eb5a8c99fb8b43b,Armin Ronacher,2011-06-29T15:36:02+02:00,Admin -> Backend,1,1,1
a101cfc35be437ad0e4f56da0d92f14c27abda67,Armin Ronacher,2011-06-29T18:31:48+02:00,Worked around a werkzeug bug with redirects,3,22,0
510823c1592abe4c57e051e9d21bd134ab7f07a7,Armin Ronacher,2011-06-28T23:37:03+02:00,Bumped version number for this branch to 0.7.1,2,2,2
21d4a054e399a42ac448814116580a5c62991fce,Armin Ronacher,2011-06-29T18:35:11+02:00,Fixed a bug in the release script,1,1,1
7e1ebae3a2879b989cae4d27bb8dd1dc8a1313ee,Armin Ronacher,2011-06-29T18:37:08+02:00,Another fix for the script,1,2,2
c6dbcd572b4d207701c44caea71097d198089a16,Hadley Rich,2011-06-30T22:44:28+12:00,Trivial fix for PathDispatcher example usage,1,1,1
8ba6673670ec58e9cf32c6525d1903bc8f9b66d9,Armin Ronacher,2011-07-01T00:50:18+02:00,Fixed a changelog entry,1,5,4
0fb2e4c84859d9d31fe2170df3f9d51e36a3f3c0,Armin Ronacher,2011-07-01T00:52:06+02:00,More invalid doc fixing,1,6,4
15372661af2974577d5c1d15fdaf88452661c2a9,Armin Ronacher,2011-07-01T00:56:06+02:00,Removed leftover from no longer supported blueprint template loading code.,1,0,2
bd473c158788bd2c1153fc8fe45831aaa648824a,Armin Ronacher,2011-07-06T10:16:56+02:00,Fixed an issue that broke url processors for blueprints.  Added testcases,2,60,2
343d8a94e7ecd1c937685592482de71dcc7b6888,Armin Ronacher,2011-07-06T10:18:03+02:00,Added changelog entry,1,8,0
515e946b020584db7f236eb8ad139f9f32de305f,Armin Ronacher,2011-07-06T10:21:23+02:00,master is 0.8-dev,2,2,2
f55d614427d6c8a3047b22d3a4ae6c1f63e35fc6,Armin Ronacher,2011-07-06T01:25:40-07:00,Merge pull request #269 from hadleyrich/master,0,1,1
805276a8aaa84ba56041d102c283929e782c3c89,Armin Ronacher,2011-07-06T10:25:52+02:00,Merge branch 'master' of github.com:mitsuhiko/flask,0,1,1
1c05f47c3b7c6674aadfe5636078ffa1aa81d7a1,Armin Ronacher,2011-07-06T10:26:59+02:00,Forgot to cherry-pick the release date for 0.7.1 in master,1,1,1
de3b6ab5ee6f14d8e280b7aa0f9193b265b3d6dc,Armin Ronacher,2011-07-06T11:33:02+02:00,Fixed a broken sentence about blueprints.,1,2,1
d63fb818c14ea6acb36942cd66f5ed00dfa3682b,Bastian Hoyer,2011-07-06T16:07:05+02:00,small error in tutorial,1,1,1
1a61b12dbf8909ec7dd2f630b285338a8547e912,Armin Ronacher,2011-07-07T11:26:53+02:00,Added a row for Flask 0.8 to the changelog,1,5,0
0fccfe711fda524f216f82263bb83787a75035fd,Armin Ronacher,2011-07-07T11:27:22+02:00,Refactored session interface,6,59,49
10c99e95e98844ba191e4767550b0dc19fa6d34c,Armin Ronacher,2011-07-07T12:25:25+02:00,Added missing sessions module,1,168,0
5cbfbd229d4cc524e33b1e922b5297264227ed74,Armin Ronacher,2011-07-07T12:29:58+02:00,Documented a change in the session system,1,1,0
7290981cef49058b9c53f8a4465cf85537c0d22d,Armin Ronacher,2011-07-07T12:31:57+02:00,More docstrings for the session mixin,1,7,0
10f8dc18b8d43c2776c9381f681263778674bf0d,Armin Ronacher,2011-07-07T13:11:32+02:00,More doc updates,1,3,1
f29ec355e99e052f98df46875aeb8e319b8e1beb,Armin Ronacher,2011-07-07T13:14:15+02:00,Backwards compatibility import,2,13,0
20371b8657840995cb1b55921cdfb1644a5956ee,Armin Ronacher,2011-07-07T04:21:39-07:00,Merge pull request #271 from dafire/master,0,1,1
deb513c7fe5a285e2bdeff99424e243d7b4f7829,Armin Ronacher,2011-07-08T14:38:49+02:00,"The session interface is new in 0.8, not 0.7",2,2,2
585bf02ee0d23d020f8a24db645c308d912b62e0,Armin Ronacher,2011-07-08T19:20:40+02:00,Better session logic.,1,7,6
d90b1f1705b7bda17743406b4eac5511bdbb702a,Armin Ronacher,2011-07-08T19:21:50+02:00,"Backout last change, save_cookie by itself does that",1,6,7
ebb65b81e1279060bd75d211e5e32aecf0fa3932,Armin Ronacher,2011-07-10T13:33:52+02:00,Removed an unnecessary import.,1,1,1
99c2defb431642f36d6869ff84922dced06c158a,Armin Ronacher,2011-07-10T13:34:21+02:00,Added an example of how to postprocess requests in the testing docs.,1,14,0
c8663e8dab230325037f8988880945340c331486,Armin Ronacher,2011-07-10T13:35:26+02:00,Fixed a typo in the docs.,1,1,1
441c8a5b93aca67f61d584950f351e144f48b10d,ThomasWaldmann,2011-07-10T09:25:08-07:00,fixed typo,1,1,1
e140bad3f8cceb464d190c0abb4e02895f5c5f3d,ThomasWaldmann,2011-07-10T09:28:26-07:00,fixed typo,1,1,1
c246074c9302c93fca204fe1fbe9f9899bf1c4cc,Armin Ronacher,2011-07-10T11:20:39-07:00,Merge pull request #273 from ThomasWaldmann/patch-1,0,1,1
76c8bb5f6c347c2e76af10b4940f03996fd8ea4c,Armin Ronacher,2011-07-10T11:21:09-07:00,Merge pull request #274 from ThomasWaldmann/patch-2,0,1,1
fd679638ea991fbdd5d7318bc9451f0bd5532224,Jesse Dubay,2011-07-11T15:25:37-07:00,typo fix: flask -> flag,1,1,1
1a249e338927efe58228bc70bfa3cf754526ff8a,consigliere,2011-07-11T15:28:11-07:00,Corrected decorators to remove duplicate teardown_request() and add after_request(),1,1,1
ac2915d43870117806d9ebff56712d8c2995ecb9,Armin Ronacher,2011-07-11T15:32:55-07:00,Merge pull request #276 from consigliere/patch-1,0,1,1
eaba852c71d7960b31c678ebfb77df1263fccee8,Armin Ronacher,2011-07-11T17:41:16-07:00,Merge pull request #275 from vreon/patch-1,0,1,1
7dcf6cbc3141d100e229b4a781f67ab1286af055,Michał Bartoszkiewicz,2011-07-12T21:51:53+02:00,Don't use deprecated flask.session in flask.ctx.,1,0,1
2d78a331c142dda455bc20e9b4fb0c267f8b037d,Armin Ronacher,2011-07-12T13:54:55-07:00,Merge pull request #277 from embe/master,0,0,1
9d899cd63e539b92262bbc6f101e7b5408bb31fc,Armin Ronacher,2011-07-13T14:04:23+02:00,Fixed a typo.  This closes #278,1,1,1
f8b9f4d41cda4ae5b66662c8cde9684e34dcfdfa,Armin Ronacher,2011-07-13T14:04:42+02:00,Merge branch 'master' of github.com:mitsuhiko/flask,0,2,3
3b31df81aeccb889810b4b49ce6e608e67ebeeea,Armin Ronacher,2011-07-14T14:18:42+02:00,View functions can opt out of the default OPTIONS implementation,3,32,4
76796c326d9abc243034847c41aa61f80ba3d653,Armin Ronacher,2011-07-14T14:25:14+02:00,Documented view function options,2,42,0
6ca321c97989705b354ecb4fa06aed3ca4360542,Armin Ronacher,2011-07-14T14:25:50+02:00,Added a versionadded,1,3,0
2866ccda1fe19a42adc735d75abaf304f8aed27b,Armin Ronacher,2011-07-15T18:03:48+02:00,Switch to explicit Werkzeug imports,7,17,10
8d2daea327c2d0654004c2be9cb2eae074bbb80a,Felix Hummel,2011-07-14T21:18:53+02:00,be consistent with app.config['UPLOAD_FOLDER'],1,3,2
c9a2ad2b8d079c0ecca701f4c0b15390437c4843,Armin Ronacher,2011-07-16T01:16:03+02:00,Fixed a bug in list_templates,6,23,5
13cddba84f90d28899d1f0f7c2c9bcc901cee64c,Ustun Ozgur,2011-07-18T06:49:53-07:00,Typo: developped -> developed,1,1,2
85c496ad037e2bba3aa5f02470ee536c87aacc23,Armin Ronacher,2011-07-18T07:04:32-07:00,Merge pull request #281 from ustun/patch-1,0,1,2
343e678900a9970857f37b53b5d2f069327cd828,Armin Ronacher,2011-07-18T23:06:15+02:00,Fixed a typo in a docstring,1,1,1
290925e13348385cd3508d9ae52ea328ee9990d9,Dan Callahan,2011-07-19T16:42:11-05:00,Minor documentation typo / grammar fixes,2,2,2
e8e2e934096f36edd8e96d554d06c0e330d94913,Armin Ronacher,2011-07-19T16:20:28-07:00,Merge pull request #282 from callahad/master,0,2,2
d5cfcfeba7313d80d7ac29adb8c54960cb594079,Simon Sapin,2011-07-23T11:13:30-07:00,Intersphinx link fixes.,1,4,3
34c4709d0674607afb32d3ef48738cd0c8003769,Ron DuPlain,2011-07-23T11:15:01-07:00,Merge pull request #284 from SimonSapin/patch-2,0,4,3
c240a1f78101c57591bd23f26a367d214d533eac,Ron DuPlain,2011-07-26T16:32:36-04:00,Add code organization help to tutorial doc.,1,16,0
4d2c8181b4283e3e4d322739f49137e5553f8315,Armin Ronacher,2011-07-27T22:34:18+02:00,Updated docs for streaming,2,71,0
79aa4ac14d8d1d4a9fb93595d94c7d806f3dd5b3,Armin Ronacher,2011-07-27T22:34:34+02:00,Merge branch 'master' of github.com:mitsuhiko/flask,0,23,7
029eebe2f57ed460c3e72d41422f3ffd01f0d4c1,Armin Ronacher,2011-07-27T22:34:56+02:00,No need for the directive here.,1,2,6
a7b85c9f15cccc0f4bd9560ecf7c11af8d3b7b53,Kenneth Reitz,2011-07-29T09:54:50-03:00,Consistent quotes,1,1,1
b34b08654362175417e6ef621e588a6775afea1a,Armin Ronacher,2011-07-29T05:55:50-07:00,Merge pull request #288 from kennethreitz/patch-1,0,1,1
153d727d1f8396b5486dccb48c033e109cba93d6,Armin Ronacher,2011-07-30T02:07:31+02:00,Fixed the docs for the request object.  They were incomplete,1,16,14
eba2f70c6b95d9d61b5854feea64f0ba1fb620d2,Armin Ronacher,2011-07-30T02:11:30+02:00,Clarified a sentence that no longer made sense with the new docs on request objects.,1,4,0
c726e5fee0ce7ec3a0a0aab00cbd18b26c31be9d,Ron DuPlain,2011-07-30T11:02:36-04:00,"Fix lighttpd config, from giskard on #pocoo.",1,1,1
fafcc02f261e90a006efd5cc4dfa876531af9594,Armin Ronacher,2011-08-04T16:44:42+02:00,Added a testcase for 404 errors caused by the routing system,1,12,0
a070b4fe86303d12c3e64d032b0ff7d99df24904,Armin Ronacher,2011-08-04T16:46:10+02:00,Merge branch 'master' of github.com:mitsuhiko/flask,0,1,1
5304a15adc2ff1f19b889a40d039008404b25a61,Brandon Stafford,2011-08-04T22:31:11-03:00,Add runserver.py filename to match earlier section of example,1,1,0
c40a7344f2b1519aedf50f301d3d146ba74058f9,Ron DuPlain,2011-08-04T18:34:31-07:00,Merge pull request #293 from rascalmicro/master,0,1,0
7155f11a723695352323d484610b9a1c6798eb69,Armin Ronacher,2011-08-05T12:35:41+02:00,Added HTTP exception trapping.  This should fix #294,4,86,8
a0fd8fca48f720bfe3fec94e5657a8678939232a,Armin Ronacher,2011-08-05T12:35:56+02:00,Merge branch 'master' of github.com:mitsuhiko/flask,0,1,0
afe5d3cbd44056893aa8c11f4bf17496cee92022,Armin Ronacher,2011-08-05T12:37:57+02:00,Added a missing versionadded,1,2,0
a69b437af705dc8fa4e1b38b86ddad77d6dedb54,Armin Ronacher,2011-08-05T12:40:44+02:00,Cleanup for the json property,1,2,5
5f367e879db5e887f68d2c026fe25a0c62cc3c33,Brandon Stafford,2011-08-05T11:12:21-03:00,Fix typos.,1,4,4
a950f936875fcf7acd64e66273485f770b09c626,Armin Ronacher,2011-08-05T07:16:28-07:00,Merge pull request #297 from rascalmicro/master,0,4,4
2e022cb2727cfa99355261f2c18d1e0fc56e82ee,Armin Ronacher,2011-08-05T16:43:42+02:00,Added debughelpers.  Flask will now tell you if you forget enctype,3,65,0
5e336f9025e32478967189674b199bc967fbe751,Armin Ronacher,2011-08-05T16:46:48+02:00,Merge branch 'master' of github.com:mitsuhiko/flask,0,4,4
17a836d49c8d496d50b726132e58749cf2741dd6,Armin Ronacher,2011-08-05T16:47:12+02:00,Better wording,1,5,5
23c1dd8db2a8dc028516a57b6dca47733bb82173,Armin Ronacher,2011-08-05T16:50:02+02:00,Wording fail,1,2,2
3400b78db23fbd305cb11368946be1bf280e2696,Armin Ronacher,2011-08-05T16:51:45+02:00,Only provide that monkeypatch if all files are missing,1,1,1
f3db68c8cee4f48fbc078e1f5a73bb025b425f91,Armin Ronacher,2011-08-05T16:56:43+02:00,Added testcase for the debug behavior and explicit encoding,2,21,1
ac99cd33a827f0694d718dae5f2699430263ed7e,Armin Ronacher,2011-08-05T21:54:12+02:00,Better internal method name,2,3,3
5ca17c86c088eb79a84b97e913e3122d917d042f,Armin Ronacher,2011-08-07T01:51:02+02:00,Added a missing colon,1,1,1
5500986971b28f270a27db633acf19984eee609e,Armin Ronacher,2011-08-07T02:30:34+02:00,Flask in debug mode will now complain if views are attached after the first view was handled.,3,60,0
02a131746074203dc8d747308f4d2c7ece8aa743,Armin Ronacher,2011-08-07T12:43:38+02:00,Added the ability to trigger functions before the first request to the application,4,74,2
ae00f6d149c353e1ecb683ccbf01be221324a646,Armin Ronacher,2011-08-07T14:15:33+02:00,Tweaked autodoc to skip :internal: methods.,3,21,3
13005d76b98979eeacb169765df3cc2a00b0bb4d,Armin Ronacher,2011-08-07T15:23:57+02:00,Improved cookie documentation,1,32,5
5b1653200047c7c257c924b66cf77f85247921a7,Armin Ronacher,2011-08-07T16:21:58+02:00,Extended quickstart docs for the headers,1,44,0
505cd663cd75b5593a1c9db0eded5298bd67139a,Armin Ronacher,2011-08-08T01:26:39+02:00,Hopefully fixed release script date parsing thingy.  This fixes #299,1,3,2
acac64e36a046cebae07bee7f3e8106b4a80288a,Armin Ronacher,2011-08-08T21:46:53+02:00,Don't only catch BadRequest key errors but all bad request errors.,3,13,11
ce701319756abef4d09c585828a630b8fdef89fc,Armin Ronacher,2011-08-08T21:47:26+02:00,If JSON parsing fails it now issues a BadRequest exception.,4,36,4
68473291344629dff3955fdc07776f2fca7b9b69,Armin Ronacher,2011-08-09T14:51:06+02:00,Flask will now give you an error in debug mode if a post request caused a redirect by the routing system.,3,68,2
92c7bdd2dd943b173476a6d2f26e0831579e2d3d,Armin Ronacher,2011-08-09T15:16:41+02:00,Documented Request.headers,1,4,0
63876614b6734e6404f17c9d3d22b71b3f43d158,Armin Ronacher,2011-08-09T16:16:04+02:00,Removed second mention of json.  This fixes #290,2,3,7
153ecbc9202f249c4037602115ed2c2b5785550d,Armin Ronacher,2011-08-10T13:34:58+02:00,Implemented instance paths,3,94,8
187cb80dcc1b087f1a7b7d4d67afbd531ad01cd2,Armin Ronacher,2011-08-10T13:55:57+02:00,Documented instance root,4,78,3
9af75546f0b00c92574018498f5979322d10cc4c,Armin Ronacher,2011-08-10T13:57:30+02:00,Mention default locations for instance folders,1,12,1
05204250553b41bb40f788d37d27091b61fc1d59,Armin Ronacher,2011-08-10T14:00:57+02:00,Fixed a typo,1,1,1
175d43b2f9c7825b0df4c1049ab571cb1877a807,Armin Ronacher,2011-08-10T17:46:20+02:00,Instance paths are now moved into virtualenv/share/appname-instance if installed,3,93,9
e328eba97cc87a34e846693b62d17bdedaf27134,Armin Ronacher,2011-08-10T17:51:24+02:00,Corrected prefix detection,2,5,3
74f4af59f631ef154ffe6f34d8e525a05f97d4a6,Armin Ronacher,2011-08-10T17:51:49+02:00,Added comments for two branches in the instance detection,1,2,0
fb1a6730cfbf63b6d6ccda93381f0823d8b6c85a,Armin Ronacher,2011-08-10T18:00:16+02:00,Leave eggs when finding the instance path,2,22,1
b3aaf6d5ca4fa53cc78456b2df01ab4d11cec84a,Armin Ronacher,2011-08-10T23:19:33+02:00,Refactored package finding,3,46,33
c3844d11026f84400d5a088dd5c24c6a4a04dcd1,Armin Ronacher,2011-08-10T23:21:43+02:00,Rename _get_package_path to get_root_path to avoid confusion,1,7,3
1d6f86bc87253c1dc1cf0c156f421214c38c3202,Armin Ronacher,2011-08-10T23:25:33+02:00,Updated docstring,1,10,4
eb9a14e1581fd379f25986bb206fe0d8fdc6b1a3,Armin Ronacher,2011-08-10T23:40:53+02:00,Split up a test into two,1,9,7
45d963d6daa4315388530d58c777b838d5465c65,Armin Ronacher,2011-08-10T23:50:43+02:00,The session interface is new in 0.8 not 0.7,1,1,1
77492f8afad5b8a3cc8bca297bf40c73b9e18ff4,Alexis Metaireau,2011-08-13T01:22:10+03:00,typo,1,1,1
713ced603e246b34fd88a417ae0be4d71505be70,Priit Laes,2011-08-17T08:38:34+03:00,Improve configuration docs a bit,1,20,18
b209cd96f5865500c7002e127217fdf9ef9d2225,Ron DuPlain,2011-08-17T06:05:57-07:00,Merge pull request #304 from plaes/config-docs,0,20,18
1bca65d72e7a5da97cbb5f5e4f410c608f2df99f,Armin Ronacher,2011-08-24T15:57:32-07:00,Merge pull request #267 from LuitvD/patch-1,0,1,1
68ec5a30687a89a56406d8abd603b51a6645856e,Pedro Algarvio,2011-08-25T11:46:05+01:00,Allow passing the endpoint to the route decorators on Flask's `application` and `blueprints`.,3,64,2
04e87a93def1593dd886931e0f9e1d4f37f8d243,Pedro Algarvio,2011-08-25T12:01:41+01:00,Add endpoint parameter documentation to the route decorator.,1,3,0
c844d02f1c7558e959891de75494cffd22dc323f,Armin Ronacher,2011-08-25T12:13:55+01:00,Added the APPLICATION_ROOT configuration variable which is used by session backends.,5,43,3
a5da2c98f3ed2f9fe254e3b61799b06fa230a175,Armin Ronacher,2011-08-25T15:18:39+01:00,Implemented flask.testing.TestClient.session_transaction for quick session modifications in test environments.,5,112,4
f0c089ff6b4f4b0be7aba8d1e71802210a57570b,Armin Ronacher,2011-08-25T15:19:13+01:00,Merge branch 'master' of github.com:mitsuhiko/flask,0,21,19
001a5128d87e2cb934d14244d901d47e01980873,Armin Ronacher,2011-08-25T15:20:40+01:00,Refactored tests to use a different subclass,1,19,15
f051939d8ba1c5ec585fd4db1f83237a66020c0a,Armin Ronacher,2011-08-25T15:24:10+01:00,"Test that we're not leaking a request context in the testsuite, fixed a leak",1,25,17
311ac0f533bf5a308200a51b861a9728b9223276,Armin Ronacher,2011-08-25T15:33:03+01:00,Ensure that nobody can nest test client invocations,1,2,0
1ea3d4ea5300d9f456622da0cc55394250fa9b4c,Armin Ronacher,2011-08-25T16:13:43+01:00,Updated documentation regarding the session transactions,1,32,0
03a71e022919a0e1bff6606400e9d5ae234b8244,Pedro Algarvio,2011-08-25T17:26:57+01:00,Deny dot's in blueprint endpoints. Add tests for that too.,2,53,0
e853a0f73959ad12cdabc2d74324cdc9329ae794,Armin Ronacher,2011-08-25T20:47:50+01:00,The test client and test_request_context are now both using the same logic internally for creating the environ.  Also they use APPLICATION_ROOT now.,5,38,29
8dbd71ef8e16ce64cfcf7c526d584ea2771a28d1,Armin Ronacher,2011-08-25T20:48:38+01:00,Added a testcase where SERVER_NAME and APPLICATION_ROOT are not set,1,13,0
485a6c332b1cd10495f6f3aafe2690e07f01b422,Armin Ronacher,2011-08-25T20:49:53+01:00,Moved testcase for test client context binding to the TestToolsTestCase,1,30,30
d3ca55177a9f39de526143c59edc049d28f4424c,Armin Ronacher,2011-08-25T20:56:43+01:00,Updated the docs and examples to non-failing teardown handlers,5,24,5
a43f73c75c169de86dde372d6ecc42019773271f,Daniel Neuhäuser,2011-08-26T10:13:54+03:00,s/Ify ou/If you/ typo,1,1,1
e28e146997ba15383ac8a7829fc59372b61bbce9,Armin Ronacher,2011-08-25T13:15:31-07:00,Merge pull request #308 from DasIch/patch-1,0,1,1
314f9201ab133ca7b78f219937371223e14ee32a,Armin Ronacher,2011-08-25T21:16:06+01:00,Updated instance path documentation to explain the $PREFIX lookup,1,20,8
9070c5c325d25ce09724ef5c5b11477bcc417b73,Armin Ronacher,2011-08-25T21:16:27+01:00,Merge branch 'master' of github.com:mitsuhiko/flask,0,1,1
8340d3c9f5cb38f23dd16d7d28aa643a121c4236,Armin Ronacher,2011-08-25T21:49:50+01:00,Updated docstring on make_response,1,7,0
ef0f626f0a916fdced42e05aa2f58dede6c660fd,Armin Ronacher,2011-08-25T22:09:48+01:00,Added flask.views.View.decorators to automatically decorate class based views.,3,58,0
85ed1bf05834f484ce7dfdc37e11b89eec8cee65,Armin Ronacher,2011-08-26T08:32:36+01:00,Mentioned View.decorators in the views docs,1,21,0
4cb6eea8f1e1edc707874f72cbca43a0f698ec7d,Armin Ronacher,2011-08-26T11:21:26+01:00,Split up testsuite and moved it to flask.testsuite.  This fixes #246,42,2575,2336
12d74be7d7f62400663911d94783320bdfba86d4,Armin Ronacher,2011-08-26T11:24:10+01:00,Added better test runner,1,57,0
2b830af2efb4523fa2e2e9b9dfcc33212effe2e6,Armin Ronacher,2011-08-26T11:24:42+01:00,Use the better test runner in the makefile,1,1,1
3069e2d7f73f80ebc342029616a5cbc5381cfdf1,Armin Ronacher,2011-08-26T11:38:43+01:00,Fight the generic asserts!,8,212,212
fc2caa4b9c75a6ee8569495008efd1f37c27a8cb,Armin Ronacher,2011-08-26T11:43:27+01:00,Changed assert to self.assert_ where it was still in place,8,86,86
d5cd4f8d59a4a8e5860c8813b3f5d3f3631e9183,Armin Ronacher,2011-08-26T11:48:09+01:00,Updated manifests,2,8,2
fbd6776e68a12aa7bf7d646ca03d568cedc616f3,Armin Ronacher,2011-08-26T11:48:33+01:00,Fixed a bug in the testsuite that caused problems when dots where in directory names,2,3,3
0851d956b39634d2cd1618e8c075149d85fb599f,Armin Ronacher,2011-08-26T11:55:11+01:00,Updated README,1,25,8
29b7efa36bd12234a4086cafbe9b8a4099991d08,Armin Ronacher,2011-08-26T11:59:52+01:00,Improved the logic in which tests are found,1,14,14
f30b1174b85ae44b4d215045ef3361f2c3b3a367,Armin Ronacher,2011-08-26T12:00:26+01:00,Also support full qualified test names,1,2,1
5a496885544989ca702e2c9996372a8ebf2cf00d,Armin Ronacher,2011-08-26T12:02:40+01:00,Moved loader code into the testsuite and out of the runner,2,53,56
a082a5e0ba81af15653fe56501c8d2530d3621dc,Armin Ronacher,2011-08-26T12:07:49+01:00,Cleanup in the test finder,1,27,24
5235c3e37e17b3271e3cac4646eaf97fd1cc071a,Armin Ronacher,2011-08-26T12:09:55+01:00,Make BetterLoader() have a better api :),2,5,3
c8ec453d860ae4754331170108ef03322f29889b,Armin Ronacher,2011-08-26T13:47:01+01:00,Require that cookies are enabled in the test client for session transactions,2,18,5
d49221bf2eeabbfa4a5be4e537b35bae1eb6d272,Armin Ronacher,2011-08-26T14:01:46+01:00,The test client now properly pops response contexts on __exit__,4,48,4
b256e9f36c6d170e7209a577efcac2503c8e48e3,Armin Ronacher,2011-08-26T14:05:08+01:00,make_default_options_response now tries to use Werkzeug 0.7 functionality before falling back.,1,12,11
67101c8b9331d289b3ae5428127814d0c19d643c,Armin Ronacher,2011-08-26T14:41:25+01:00,Fake signals no better follow the blinker api,1,1,1
367b254c787c59b208899f1dfee78904c1784c73,Armin Ronacher,2011-08-26T14:51:28+01:00,Make sure that there is a test for subdomain matching with ports,1,11,0
e509d25d32965a8afd7ca98d67ee6f5a6af11cc8,Armin Ronacher,2011-08-26T17:35:47+01:00,Some more cleanups in how the test runner is invoked,2,27,12
c0f42a0978d804237d7bd540f81dcdbc1643ea7f,Armin Ronacher,2011-08-26T18:20:33+01:00,Added shebang to the test run file,1,1,0
2e4c39199d3c8cdcf459675cba6e04bd30f98120,Armin Ronacher,2011-08-26T21:30:41+02:00,Refactored logging of internal server errors.  Can now be customized,1,14,4
dc05722b363b4e77357fb943b2d1ee8abea94cb4,Armin Ronacher,2011-08-26T21:42:17+02:00,Made the foreword less defensive.,1,25,29
718ef4d699d1de79117f92ff16feed98c3a1aa11,Armin Ronacher,2011-08-27T00:32:28+02:00,Added an XXX to a comment to not miss removing deprecated code later,1,1,1
08bf538fb4d173fffcda1397e8485b069c03e718,Armin Ronacher,2011-08-27T00:36:53+02:00,Added a note on the behaviour of the routing system,1,16,0
bb1567dae48fed50f9742b9136c8bd1b82b7bd55,Armin Ronacher,2011-08-27T00:42:06+02:00,Explained why os.getcwd is used for path finding,1,3,0
87f50fdc6f01160d75fcc87569f0754b800fc59f,Armin Ronacher,2011-08-27T00:44:46+02:00,Don't lie to the user about POST redirects,1,2,1
23bf2633f67d00418bd31c0c6918c3a99f06dead,Armin Ronacher,2011-08-29T12:18:25+02:00,Use the _request_ctx_stack instead of the proxy for consistency with the others.,1,2,2
4dc1796b1c09961098edc0aaac90a28be2b7fc9d,Michał Bartoszkiewicz,2011-08-29T21:37:52+02:00,Fixed session loading in flask.testing.TestClient.session_transaction(),2,4,1
ccf464189b116ea4ee458c2ccb24d64f9272e25b,Armin Ronacher,2011-08-30T14:36:50+02:00,Added finer control over the session cookie parameters,5,69,6
5f7f3b17dfe2fbeecf82d5745c497b3ea94bf50a,Christopher Currie,2011-08-30T15:09:56-07:00,Fix for d5cd4f8d which broke install on Windows,1,1,3
a9e09ec50e24c379348bc22606e39e88e47e4a8a,Pedro Algarvio,2011-08-31T10:32:59+01:00,Merge remote-tracking branch 'mitsuhiko/master',0,3262,2432
e942a0974f945bd4551482ecf7e29d87d162d0c1,Armin Ronacher,2011-08-31T06:17:10-07:00,Merge pull request #311 from christophercurrie/master,0,1,3
780297e2bb6939ea9ed6a40846f3dc3fb7dcddc9,Ron DuPlain,2011-08-31T08:33:17-07:00,Merge pull request #307 from s0undt3ch/master,0,121,2
ee8417dac8364f02524edffddff92329f15b95af,Armin Ronacher,2011-09-01T16:57:00+02:00,Late but 2010 -> 2011 in some files,14,14,14
37f9cb9ca69176dec36faff4b2138226b479f65f,Ron DuPlain,2011-09-01T12:35:04-04:00,"Import with statement in testsuite, Python 2.5.",8,23,0
f92a275d549c01deb6da3d7ffd588de212d723b4,Armin Ronacher,2011-09-01T19:51:37+02:00,Merge branch 'master' of github.com:mitsuhiko/flask,0,145,5
7331ae3df58bdf322122010e598b7e7bb793daea,Armin Ronacher,2011-09-03T17:13:01+02:00,Update the testsuite to not freak out about a change in Werkzeug 0.8 that changed the behavior of misconfigured hosts.,1,18,38
b40af3ccd99ba5f392776073fbef9b6b3946e603,Armin Ronacher,2011-09-05T18:51:47+02:00,Updated the documentation to show how to set cookies for not yet existing responses,3,78,0
88617311dba62992bf5736b35e3da9359ac5fedf,Armin Ronacher,2011-09-05T18:52:28+02:00,Added an testcase for subclassing of Flask to supress logging,1,46,0
7b899c85103996d861360a7ce42ab9a21bae3f48,Armin Ronacher,2011-09-07T02:44:08-07:00,Merge pull request #309 from embe/master,0,4,1
b1311bd8cd34318599f066bf57727af43be09142,Armin Ronacher,2011-09-07T11:44:33+02:00,Merge branch 'master' of github.com:mitsuhiko/flask,0,4,1
f6edb31c34e771f7c68a5c84614b0fe315658769,Armin Ronacher,2011-09-07T02:44:52-07:00,Merge pull request #303 from ametaireau/patch-1,0,1,1
4e12eb4c74e844216f8c3dba160c329df0f483cb,Armin Ronacher,2011-09-07T11:45:03+02:00,Merge branch 'master' of github.com:mitsuhiko/flask,0,1,1
7d7d810aea5472101ce04956889dfdb77173a912,Armin Ronacher,2011-09-10T23:20:58+02:00,Single quotes for consistency,1,1,1
f6798885e6cc97bccd1e0fd861b54b01fcdb9605,Ron DuPlain,2011-09-13T21:22:23-04:00,"Update create_global_jinja_loader docstring, #321.",1,1,1
17a46a4d239a640049081b5cdcc1ff20ef63e38a,Joel Perras,2011-09-14T16:53:05-03:00,Fixed typo in docstring of `dispatch_request` method of `flask.views.View`.,1,1,1
f8caa54d31605f8997698d5c6c295ff4cff9ecdb,Michał Bartoszkiewicz,2011-09-17T00:31:09+02:00,Fixed Blueprint.app_url_value_preprocessor.,1,2,2
32c7e43dda6600828ae9b11111d722ab92fb0594,Armin Ronacher,2011-09-17T19:39:10+02:00,Simplified HEAD handling for method views,3,42,1
e68b34eb6c4636f7006a9d4c1172d5d09d6b2dc7,Armin Ronacher,2011-09-17T19:39:19+02:00,Added API example to the method view docs,1,69,0
bd6ce4d48ca138d45561ebff777522e84489cb63,Armin Ronacher,2011-09-17T19:41:24+02:00,Merge branch 'master' of github.com:mitsuhiko/flask,0,1,1
8f85a3b0d161876de378b35ccac42237a18a5342,Armin Ronacher,2011-09-17T22:11:57+02:00,Experimental redirect importing for flask.ext to flask_ and flaskext.,1,54,0
7044b4beccec4380bc7e573559a08f4a8820afec,Ron DuPlain,2011-09-17T13:20:30-07:00,Merge pull request #324 from embe/master,0,2,2
c72ca16234e4dbea448ea43d002eb500c09f4932,Armin Ronacher,2011-09-18T02:10:10+02:00,Added tests for the import hook and fixed a problem with it.,5,89,16
80bd6949a6b4b36b73b56b3804748acc240fa86e,Armin Ronacher,2011-09-18T02:11:10+02:00,Merge branch 'master' of github.com:mitsuhiko/flask,0,2,2
f80bfcaa28da98972002fb906c2559babe75801e,Armin Ronacher,2011-09-18T03:26:46+02:00,Added tests for old imports,5,32,5
e8020e2c5cd6dca816991845bd439e4524594f83,Armin Ronacher,2011-09-18T12:22:15+02:00,Added comment to the importer wiping.,1,5,0
9df2aefd7f0c3c5d0fc47087da2f51b72cad38fc,Armin Ronacher,2011-09-18T12:22:42+02:00,Do not set dotted attributes on flask.ext,2,7,1
8840973a337757ba5b7dab0df00a82d8489d3a06,Armin Ronacher,2011-09-18T12:50:56+02:00,Fixed a cross reference in the docs.,1,1,1
1e6c5f0975d2ddef4430294c555b1deebb18f93b,Armin Ronacher,2011-09-18T12:51:10+02:00,Documented flask.ext.,2,18,0
0719ad5f4fa7d52d38706b3ee60ef91dcfbaa98d,Armin Ronacher,2011-09-18T13:03:05+02:00,Documented new import system for extensions,1,42,38
e94416704d70d64b21afb44569039f2b50db966f,Armin Ronacher,2011-09-18T15:03:35+02:00,Added the flaskext_compat module to support flask.ext in 0.7 and earlier.,1,73,0
933d203828164ef4eabcce29667207deb2409569,Armin Ronacher,2011-09-18T15:10:50+02:00,Started extensions introduction document,2,49,0
9c82840f5256e8aca82c26ab4025712e5c928977,Armin Ronacher,2011-09-18T18:16:50+02:00,Added more tests for the import hook,1,11,1
d4d6cc8401b94ab7c92b70ca5e5b21d22636dd5d,Priit Laes,2011-09-18T13:05:15+03:00,Clean up auditing command,1,7,10
899f8cdf51570376298472c2118001f226e1a20e,Ron DuPlain,2011-09-18T12:20:40-07:00,Merge pull request #322 from jperras/patch-1,0,1,1
907c24e6ffc436971d437b0b9122b840db9466d7,Simon Sapin,2011-07-23T11:32:59-07:00,"Document the debug param for Flask.run, it is not part of **options given to run_simple.",1,4,3
90884a78fbba4068fa93f87626baccd148cd4a57,Ron DuPlain,2011-09-18T15:34:37-04:00,Cross-reference debug docs in run docstring.,1,1,0
7997bae5bb048e4623647c57faae447b28da907f,Armin Ronacher,2011-09-19T21:00:28+02:00,Explicitly activate compat module,2,27,37
2b8ea40cd63b7db86d73085d27b9a113688d7053,Armin Ronacher,2011-09-19T21:00:44+02:00,import -> activate,1,1,1
81b4271fa67f160dfde210ed011c219f4b065594,Armin Ronacher,2011-09-19T21:15:42+02:00,Merge branch 'master' of github.com:mitsuhiko/flask,0,13,14
54875e93173f96d44a73431a4929059c55aed797,Armin Ronacher,2011-09-20T00:03:24+02:00,Direct passthrough is counter productive,1,3,8
457371519545711214a82e2dc6ca8907e3263151,Armin Ronacher,2011-09-20T18:57:37+02:00,Reworded before 0.8 ext docs.,1,7,9
9a70e62b8d545c8de7e3728e544cebe289a39254,Armin Ronacher,2011-09-21T03:47:36+02:00,No longer swallow important import errors.,2,35,3
ee9b4016323ba0f7a773a5e014bc23bcf1a322cd,Armin Ronacher,2011-09-21T13:01:58+02:00,Added a comment on who the is_important_traceback seems to work.  It's only speculation,1,14,0
9691b7f0bf70553e61a88c8c7b6ffcac776b8d26,Armin Ronacher,2011-09-21T21:34:47+02:00,Deal with partially setup packages in the redirect hook.,6,49,7
0c75be1172000ad4d0b60920ef5a6fb78880a7d2,Armin Ronacher,2011-09-22T14:08:03+02:00,Whitespace normalize,1,1,1
d4d75701bc1ea02a0e9b7e3e0d1aee777bd59116,Armin Ronacher,2011-09-22T14:08:52+02:00,Added ext to the packages,1,1,1
56afafae67ff0db8b9994a4c59d978b56327e886,Armin Ronacher,2011-09-23T02:04:21+02:00,Do not break extension tests if tested with installed extensions.,3,14,9
b8ef7360eb80b2018c21384f1f32693ab22595d0,Simon Sapin,2011-09-23T10:34:41+03:00,"Add to sys.path, not sys.path_info",1,1,1
436d24ee665a39d48bd0b915f63bc5fd22997e25,Ron DuPlain,2011-09-23T06:02:37-07:00,Merge pull request #327 from SimonSapin/patch-2,0,1,1
d2eefe25e7fec31a5f4254f6a65934bd00ab0392,Armin Ronacher,2011-09-24T20:25:28+02:00,app.name shall be __main__ for console apps,1,1,1
c6316132b173f96a6f5a90ff3b62f706f8a62560,Armin Ronacher,2011-09-24T20:27:38+02:00,Context preserving is now part of Flask and not the test client.  This fixes #326,5,65,22
32cdb7298fc61bee8f210ab69d67d03df50ffba4,Armin Ronacher,2011-09-24T20:28:06+02:00,Merge branch 'master' of github.com:mitsuhiko/flask,0,1,1
df1dd57045b38ea7dcca44622744ab24e53e399e,Armin Ronacher,2011-09-25T18:49:00+02:00,Cleaned up url routing common docs.  This fixes #279,2,114,59
142c9c391be4ad182fb17d4190a19feea7b79246,Armin Ronacher,2011-09-25T18:56:15+02:00,Fixed typos in copy/pasted text,1,2,2
83b1da8df8ead2d419382af2ab3c3a4fa9db3b8b,Armin Ronacher,2011-09-25T19:01:30+02:00,Inserted verb,1,1,1
6d0b3264c2263e06eb0d5c854fd5782f04a34b24,Armin Ronacher,2011-09-25T19:02:47+02:00,Mention localhost:5000 being pointless in the docs.  It already says that down on the page but not on the key,1,3,1
6dccf775468ea0a849d3c1c3965e3a1db6a36a3f,Armin Ronacher,2011-09-25T19:12:41+02:00,PERMANENT_SESSION_LIFETIME can now be an integer.  This fixes #310,3,35,9
8da8a21b69cc06e58b1b28fa0ecec63b5cf3d9b4,Armin Ronacher,2011-09-25T19:17:50+02:00,Moved the conversion thing into the ConfigAttribute.,3,27,28
363d9ed10dfa35816e4b635f9cc761925c8ef2ac,Armin Ronacher,2011-09-25T19:24:37+02:00,More doc typo fixes,1,2,2
396c4bdcc0f30241e009516e430bc1742ad344bf,Armin Ronacher,2011-09-25T22:19:20+02:00,"Fixed a typo.  ""Does not"" of course",1,2,1
f01b654ac4c0a4789369440557267b75df55fd59,Armin Ronacher,2011-09-27T12:27:33+02:00,total_seconds -> seconds for 2.6 and earlier,1,1,1
95c4dcb4d50e69b927855cd6a446579d2fe45b4e,Armin Ronacher,2011-09-27T13:33:23+02:00,Refactored flask.ext process to not swallow exceptions on weird Pythons.,4,210,108
04b90f5ad47d04bace76c18f634d54b0da4b91ce,Armin Ronacher,2011-09-27T14:36:06+02:00,Parentheses are for Python3,1,2,2
585ff1db3db8569f16536aea75f64e1dd927041c,Armin Ronacher,2011-09-29T23:33:46+02:00,This will be Rakija,1,1,1
d5e10e4685f54dde5ffc27c4f55a19fb23f7a536,Armin Ronacher,2011-09-29T23:34:02+02:00,Bump version number to 0.8,2,2,2
3765cc2e9e6ea2d227f898d5b176aa50680e491c,Armin Ronacher,2011-09-29T23:36:57+02:00,This is 0.9-dev,3,7,2
766522cb587850f643f3bb6cb011735ae6a98510,Armin Ronacher,2011-10-02T01:06:22+02:00,Prepare for an 0.8.1 release,3,7,2
0dd9dc37b6618b8091c2a0f849f5f3143dc6eafc,Armin Ronacher,2011-10-02T01:08:54+02:00,Fixed an issue with an unused module for Python 2.5 (flask.session),2,5,1
d04c9a61e3f5e0a6ff5965fa9d3b1608e4aa3de2,Armin Ronacher,2011-10-02T01:09:36+02:00,Merge branch '0.8-maintenance',0,10,1
b51fbdc8e00ea777dcfdfa39ae789206ecfdb0a7,Armin Ronacher,2011-10-06T10:49:12-04:00,Removed a newline,1,0,1
1759d8e4d80df3c3dc709c9bace2eb07d5685596,Armin Ronacher,2011-10-06T10:57:03-04:00,Added support for anchor link generation.,3,22,1
a9f68dd4c7fa976a9274a33f5ac86ffdb8f88987,Armin Ronacher,2011-10-06T10:57:06-04:00,Merge branch '0.8-maintenance',0,0,1
b115b38dbec3598735c57e1f48610cd82b161af1,kracekumar,2011-10-06T23:45:35+05:30,Added PasswordField in docs/patterns/wtforms.rst,1,1,1
6dec92dde9f385c9b86475f109b3de96f2d41913,Armin Ronacher,2011-10-06T12:27:09-07:00,Merge pull request #333 from kracekumar/master,0,1,1
ebd74688070617a4cb6dd39df616f4691a98666d,Armin Ronacher,2011-10-07T15:09:02-04:00,Added a newline,1,1,0
230e136f32746c5dbd4e06dbad3e329807440c71,Armin Ronacher,2011-10-07T15:09:12-04:00,Subscribe to signals with extra kwargs in the docs,1,8,8
174f32250ec54950badbaf3878d9d6acc8328ddd,Armin Ronacher,2011-10-07T15:19:03-04:00,Mention that people subscribe with **extra.,1,4,1
583c5f7935292cdbb11fc406c8afc1171eb7187e,Armin Ronacher,2011-10-07T15:19:42-04:00,Merge branch 'master' of github.com:mitsuhiko/flask,0,1,1
61a95196ac28771466ada43a1c01effda42040a5,Armin Ronacher,2011-10-11T19:09:37-07:00,Changed logic for debug level log settings,3,12,1
4ab97047dee359af1afce6fe5431ffa7c5ed5795,Simon Sapin,2011-10-13T11:49:51+03:00,Typo fix,1,1,1
d16c6abf533264a19b58596010bd2dfb4d94f1d1,Armin Ronacher,2011-10-13T04:34:13-07:00,Merge pull request #334 from SimonSapin/patch-3,0,1,1
11c9bf29437ce847089703876cdec8cea68ca594,Ross Lawley,2011-10-17T13:12:12+00:00,Api fix status_code => status,1,1,1
eb6a244a89286608f97c8967a2929cd623eabd5a,Armin Ronacher,2011-10-17T06:30:42-07:00,Merge pull request #337 from rozza/master,0,1,1
e4d9ccd6ec889a8b52b28953c0bb6d490db7df63,Cory Li,2011-11-02T01:45:39-03:00,Changing instance_root to instance_path,1,1,1
5a7c02b541bba64f4905d1d1be76a9725e4f5358,Ron DuPlain,2011-11-02T06:13:14-07:00,Merge pull request #342 from Cixelyn/master,0,1,1
f52e7a9dc944f425c2f2a77706bc2af98b23295c,Armin Ronacher,2011-11-04T02:46:22+01:00,Added support for _method to url_for(),3,33,2
11c7b1df2359f6d01f24d055b92aed0c9e961e88,Armin Ronacher,2011-11-04T02:46:44+01:00,Merge branch 'master' of github.com:mitsuhiko/flask,0,3,3
51e4a58a85bc1500d1400ba7d633d570f6296745,Jim Rollenhagen,2011-11-05T09:02:05-04:00,Fix flask issue #338,1,4,2
e345a3afb5bf6ebf20e566f0846a58d6f55971eb,Jim Rollenhagen,2011-11-05T09:03:18-04:00,Fix string format error while we're in here.,1,1,1
7f4c12b33565c4d0802c4385bb2bbaa6c5735196,Armin Ronacher,2011-11-05T17:43:40+01:00,Break up a circular dependency on shutdown,3,93,0
9dd61eea6b49bfe1cc4639f5bc4c1371df938d95,Priit Laes,2011-11-08T10:31:45+02:00,Added testcase for redirect and session keeparound bug,1,26,0
d628df6ab6c57b34acfb412e135d0d095636c539,Armin Ronacher,2011-11-20T16:54:40+01:00,Store session after callbacks.  This fixes #351,3,22,2
8ae6ced82db441d0696ebfbf2e33e720be1008fd,Armin Ronacher,2011-11-20T08:00:14-08:00,Merge pull request #345 from jimrollenhagen/master,0,5,3
75050d4bc5ee656c7b33d998107829b6ff138f6d,Craig Dennis,2011-11-20T17:03:37+01:00,"Simple documentation corrections, mostly typos.",3,3,3
b8866aeb22afb8f4e303892a9e90c9e4124ba801,Armin Ronacher,2011-11-20T17:06:37+01:00,Merge remote-tracking branch 'plaes/testing-redirects-session',0,26,0
9c8f138a42aa43ee8177ed84df5946f8ef6d0c58,Armin Ronacher,2011-11-25T21:08:19+01:00,Improved test coverage for the test client,1,18,9
4fe80c05c6f3fc24f145f34e2bc6ce7fbe9f21ad,Armin Ronacher,2011-11-28T22:47:36+01:00,Not yet stable? Bollocks,1,1,3
c90858a95d5fbe474ba075c3221de0b6f38c9ef2,Armin Ronacher,2011-11-28T22:48:14+01:00,Added a branch to test functionality enabled by new test client,1,3,5
a9726c43aca2cf7daed3b3690b060494911e72c5,Armin Ronacher,2011-12-04T18:59:37-05:00,Updated mod_wsgi docs to reference the sys.path hackery,1,6,1
7ccca13bbdfcbab126722c050dc4ea3d8fa56dc3,FND,2011-12-24T10:55:52+01:00,Fixed various stylistic issues in documentation,3,79,80
065afe53a6f72e42428c4373ed10d082868f25d6,Armin Ronacher,2011-12-27T19:08:44+01:00,Improved doc exaples.  This fixes #370 and #371.,1,4,4
b6625ec19329031ddb26dec63c6bd0477a00bf22,Armin Ronacher,2012-01-05T00:04:50+01:00,Fixed a wrong example in the view docs.  This fixes #374,1,1,1
f64098c784f93db9a60d7576cd4fefab8000dc97,Armin Ronacher,2012-01-04T15:05:16-08:00,Merge pull request #369 from FND/docs,0,79,80
d50a0b495566fa39ab30c79848dee3bdb3457201,awsum,2012-01-07T21:11:35+02:00,typo fix,1,1,1
c824ffcf38dbda7d8191099ef4ae688d165d395e,Ron DuPlain,2012-01-07T11:20:29-08:00,Merge pull request #375 from awsum/patch-1,0,1,1
26a9c2079d77aba93dde6f95472f3d89d2d9783d,Ron DuPlain,2012-01-07T17:50:11-05:00,Add test to catch imports at Flask instantiation.,2,13,0
d16491145dc553bc30aa9c71fb3647fda8d23534,Ron DuPlain,2012-01-06T11:48:14-05:00,Update module helpers to avoid Python imports.,1,16,15
a3b30b7e3b026e821716be63d586e078eaa6ee7f,Ron DuPlain,2012-01-07T17:54:37-05:00,Handle zip & interactive cases in module helpers.,1,24,16
fde6e364a497cd44d049df17c93d1fd05ec09f90,Ron DuPlain,2012-01-07T17:55:02-05:00,Update tests for new module helpers.,5,78,52
970de5e8b67b6c5bbaac082e888f8ebc6e16cfb7,Ron DuPlain,2012-01-09T10:25:06-05:00,Add discussion to NoImportsTestCase.,1,9,1
83189f20bf9c3c026e7ecd9565b4373c4fea8d10,Ron DuPlain,2012-01-16T09:05:42-05:00,Add .egg for zipimporter instance path test.,1,0,0
1f20a11284e3e9bcfc08939c48e3ab590da7c7a4,Ron DuPlain,2012-01-16T09:23:40-05:00,"Fall back to imports w/exotic pkg loaders, #380.",1,8,1
a59cbd4f5256a356fcb7858bf0a5a0ad535e8e6d,Priit Laes,2011-12-08T14:41:29+02:00,Minor grammar fix,1,1,1
d18868bd17f612d5598b8e8cc29800ae84c37620,Priit Laes,2011-12-08T17:36:52+02:00,Add simple decorator example,1,10,2
e2cb8d2ef195df8ffc76587d136182b431b96983,ThomasWaldmann,2011-09-30T14:03:01+03:00,"fixed typo, quote ""with"" statement",1,1,1
94692607e6247a919f952375d922e930751cadcf,Sundar Raman,2011-11-02T15:18:04-04:00,Documentation on how to use external debuggers like eclipse/aptana,1,34,2
d620ea7ea2be35b4757f27fdca49be91d8dfd165,awsum,2012-01-13T01:36:15+02:00,Update docs/api.rst a bit to reflect code.,1,4,0
46651659c29a3ff8fa470e32d3e35f9cc2c7fbc0,Kyle Wild,2011-10-23T16:41:00-07:00,"Fix a typo (""is""->""if"") in the comments; clarify a bit",1,3,3
8532bd51a709263907a4604660b8dabf51e39ab2,Kyle Wild,2011-10-23T16:41:59-07:00,[docstring] Remove an extra `if` clause to clarify sentence,1,1,1
2a4d3ef1168e0ea1733898527229961c9ddafced,Reisen,2011-07-08T15:46:16+01:00,Added a template filter decorator to blueprints.,1,11,0
ce4d589d5b7bbda46b9c34211dcd3e1c90ee83c9,Ron DuPlain,2012-01-16T20:16:48-05:00,Add non-decorator template filter methods.,2,30,7
820d099e82aa8ee01e1e82b85e2c6636d63be98a,Ron DuPlain,2012-01-16T20:21:26-05:00,Add tests for template filter methods/decorators.,2,149,0
96f7beba46c52cfa4d9231d066271564f995e3c0,Ron DuPlain,2012-01-16T20:53:20-05:00,Document recent changes.,1,12,0
e5161a773e2d562aed2df96a0c80b34004022cef,Ori Livneh,2011-06-25T18:34:33-07:00,commas after introductory phrases,1,2,2
1a9e082a76df4b7433c0dda5d22e05b1e7c2c263,Ori Livneh,2011-06-25T19:14:34-07:00,tweaks to style,1,54,56
c34a87033f19174029083fe928c9a65acbeb24d5,Ori Livneh,2011-06-25T19:16:44-07:00,tweaks to style and structure,1,7,6
593b003b5ca40e4a4a7d2a4319afaad91eac5c62,Ori Livneh,2011-06-25T19:17:37-07:00,tweak to one sentence,1,1,1
df19ee95bda35825521ddaf210cbe17659d8f6bf,Ori Livneh,2011-06-25T19:55:01-07:00,more editorial work,1,77,78
ed40eacf423b9a182f3ca75287ddba9a5eb77801,Ron DuPlain,2012-01-16T21:45:19-05:00,Add tiny doc touchups.,2,2,2
b9907b496911d0d8676225151a36c28fe4f4b72f,Ron DuPlain,2012-01-16T22:22:04-05:00,Expand get_flashed_messages tests.,1,44,5
676b3a4c13986f5743b8e6f3fa4d7c6cc2a401a4,Ron DuPlain,2012-01-16T22:44:06-05:00,Check status code in test client or fail silently.,1,27,15
fa069f94dec3aeec4a81a00e7bbd8d95e400bf5f,Steven Osborn,2011-10-16T19:44:37-07:00,Allow category filtering in get_flashed_messages to allow rending categories in separate html blocks,2,30,1
81010bf7afb786d3a19ddc2469f9bfdcc9e0d194,Ron DuPlain,2012-01-16T23:10:21-05:00,"Add get_flashed_messages to CHANGES, expand docs.",2,32,3
c93ea5551c6928745414f186ef465e2699a6833b,Ron DuPlain,2012-01-16T23:16:43-05:00,Keep flashed message examples in one place.,2,13,35
46e7bc70833e803657726aaff7c63ca4f4865c79,Joe Esposito,2011-10-24T17:46:35-04:00,"In Flask.run, now when the host/port argument is None, it will use its default value.",1,4,0
19d32cb17285e2614d8aecbf4b0f63cfdac629cf,Ron DuPlain,2012-01-16T23:33:13-05:00,"Update Flask.run signature, note defaults.",1,5,4
234ac198cb9d3955d19d3ebe74cbbd91a2d4bb92,Ron DuPlain,2012-01-16T23:38:36-05:00,Add updated Flask.run to CHANGES.,1,6,0
49b77fbc7aa826efbf0b58d6973ef02c50e8fc66,Ron DuPlain,2012-01-17T11:38:00-05:00,Add missing colons to versionadded.,1,2,2
2e5de9829774ca10682b298544bf3ce2bf61bab7,Ron DuPlain,2012-01-17T19:33:48-05:00,Use app.testing=True for asserts in messages test.,1,13,12
56177bcbd16f9e73252d7af7c78d25dc60ed946d,Ron DuPlain,2012-01-17T19:43:11-05:00,"Document app.testing=True for test client, #381.",1,11,0
b786eac5574e478d51314333fb6309456bff7b76,Ron DuPlain,2012-01-18T18:57:05-05:00,"Add test for limited imp loaders, #380.",1,87,0
76c1a1f7227ca13f3c5952b248af93b75e9a95c9,FND,2012-01-23T20:12:56+01:00,"fixed spelling of ""instantiate""",3,4,4
2792dcf23e848472767a075e7c30e28890fd539d,FND,2012-01-23T20:27:42+01:00,simplified as_view documentation,1,4,4
fbbe14791f2d417bfa57618eecaa503b69f459ac,Ron DuPlain,2012-01-23T11:51:15-08:00,Merge pull request #387 from FND/docs,0,7,7
c5ebf9a97d0443bff59ff6a37aee8afd870ceabb,Jeffrey Finkelstein,2012-01-24T16:48:04-05:00,Added PATCH method to the list of HTTP method functions for use in the flask.views.MethodView class.,1,1,1
476f8d57a27d96ce5d099541bd9368de540bea0e,Armin Ronacher,2012-01-24T14:01:27-08:00,Merge pull request #390 from jfinkels/patch-1,0,1,1
92dbe3153a9e0c007ecd1987ccd5f3d796c901af,Ron DuPlain,2012-01-24T18:00:14-05:00,"Export .epub with docs, #388.",2,3,1
36f3184396f72b106911f497ce43c3415cb4f551,Ron DuPlain,2012-01-26T13:24:15-05:00,"Automate .mobi generation of docs, #388.",2,7,0
5cb50a46eeb29dddacf21d0348050e02ff96c3b5,Ron DuPlain,2012-01-31T05:46:18-05:00,"Fix Message Flashing doc, from SwashBuckla #pocoo.",1,10,2
4aebc267bc67c5d8a1687c0e5a7ecc949d6e7d20,FND,2012-01-31T13:54:46+01:00,"Hyphenate ""class-based""",5,11,11
7ba5196ba6230feede5afc24d7eff4fd15742397,Ron DuPlain,2012-01-31T07:05:03-08:00,Merge pull request #392 from FND/docs,0,11,11
d33f9990c80bd25fd36e19ea4d010fe0a1a56c42,Priit Laes,2012-02-01T14:49:46+02:00,Document context processors' variable functions,1,19,0
8ef2ca99b991f66f0b61975e883325fcf5c13046,Ron DuPlain,2012-02-01T18:03:29-05:00,Reword context processors for functions.,1,14,12
5a1bef4429f289eac52f8ccf57a1a8409898d489,Ron DuPlain,2012-02-01T18:03:32-05:00,Demonstrate in docs how to use registered filters.,1,7,1
dfd3ef6d5460d666226d1831de48cdaff72c1bb6,Ron DuPlain,2012-02-03T13:19:04-05:00,Add cookie size limit note to sessions section.,1,7,0
69e7a0a2a0391ed1bdd102deffbd98137790f959,Ron DuPlain,2012-02-03T18:11:14-05:00,"Move debugger details into a new section, #343.",2,70,38
84b96ac9d398afd5a620c48cfe9e969b95e6577a,Ron DuPlain,2012-02-04T10:37:58-05:00,Add pypy to tox.ini.,1,1,1
96d7f207878bcd561c4085312eb9e235b9dc4d2d,Ron DuPlain,2012-02-04T10:44:16-05:00,"Fix tox warning, test ""not installed in testenv"".",1,1,1
3de8de1985f46297243eab340abd6c45c82bb9c4,Kenneth Reitz,2012-02-06T20:19:32-05:00,pip > easy_install,1,1,1
4a75198f36625b472215a4ef6192c41f950fa202,Kenneth Reitz,2012-02-06T20:28:17-05:00,pip and distribute installation,1,15,11
73a859533525febe42c0645ec25eeaa049123973,Kenneth Reitz,2012-02-06T20:41:13-05:00,vent and no more .,1,5,9
60f7e3a7b463db68f3cc22085b6c5eaac985e7f7,Kenneth Reitz,2012-02-06T20:41:13-05:00,vent and no more .,1,11,15
deb03da3ffc4a0fc107098c672d292e1de9b8031,Kenneth Reitz,2012-02-06T21:04:13-05:00,Merge remote-tracking branch 'origin/pip' into pip,0,0,0
5e848176e5b4db2958614e94024bd742830446eb,Kenneth Reitz,2012-02-06T21:05:51-05:00,typos and fixes,1,5,5
e070ede050fdb2ce155e13e29f5588c9831fa6b5,Ron DuPlain,2012-02-07T10:42:25-05:00,"Use ""."" not ""source"" for shell sourcing.",1,3,3
04bb720d3813c8cfe3ae46d2fb85dbc9a03a9b70,Ron DuPlain,2012-02-14T18:13:29-05:00,"Fix Blueprint example with template_folder, #403.",1,2,1
0b3369355dadb39ac1ce9580d95004233031a287,Dmitry Shevchenko,2012-02-24T00:46:20-06:00,Allow loading template from iterable,2,24,3
fdad6713eba3f7aaae6ca4f6f50bb8b72452c6d9,Ron DuPlain,2012-02-24T09:33:11-05:00,"Add updates to render_template to CHANGES, #409.",1,3,0
fc7fe628466857fd8b83c1b2b8501df2d15ae4a9,Andrew Ash,2012-02-22T22:50:26-08:00,Update docs/errorhandling.rst,1,1,1
20a3281209a5e99271c911f9c1143b1e6f0fb0b5,awsum,2012-02-21T22:04:36+02:00,Update docs/patterns/wtforms.rst,1,5,3
b9f4e0bd9c6e200ae930c2d9c07c582be118b051,Paul McMillan,2012-02-26T12:43:50-08:00,Remove redundant words from quickstart.,1,3,3
85ad4ffb605eee37cae9ffa1f82c5b6bb95c7820,Dmitry Shevchenko,2012-03-01T02:07:26-06:00,Blueprint example app,7,64,0
62621ccd133ffcbe2c88d18841c0669d03739ac0,Dmitry Shevchenko,2012-03-01T02:24:56-06:00,Blueprint example tests,1,36,0
76773e1d0a8cabbe048bb76f9306185e9d83a85c,Dave Shawley,2012-03-01T08:34:08-05:00,Fixed silent keyword arg to config.from_envvar.,2,19,2
8d7ca29a3554d20324ed9c75d9c095dfa8a8c439,Dave Shawley,2012-03-01T08:53:58-05:00,Cleaned up test case for issue #414.,1,2,2
8445f0d939dc3c4a2e722dc6dd4938d02bc2e094,Thiago de Arruda,2012-03-02T07:46:39-03:00,Fixed assumption made on session implementations.,1,3,1
7ed3cba6588fbd585b10e58e15e352e90874732d,Ron DuPlain,2012-03-08T09:14:14-08:00,Split ebook build process into own make target.,1,4,2
9711fd402010b2e14a98879f0457174c3ca15a24,Jeffrey Finkelstein,2012-03-08T16:41:39-05:00,"On JSON requests, the JSON response should have Content-Type: application/json and the body of the response should be a JSON object.",3,66,4
6b9e6a5a52f22bdf6b86b76de1fc7c8e1a635a8f,Kevin Burke,2012-03-11T20:20:32-07:00,"add heroku/deploy options to quickstart, and add more clear links in tutorial setup.",2,46,10
605d0ee34421fbc1dd714790ff016834c9b3f0cb,Kevin Burke,2012-03-11T20:33:43-07:00,update links,1,6,5
075b6b11c8b1690d946b8839e6dc4eb8a8cb7e3c,James Saryerwinnie,2012-03-11T20:45:58-07:00,Fix issue 140,3,47,1
2befab24c50a8f1a3417a7ce22e65608ba3905e1,Kevin Burke,2012-03-11T23:17:40-07:00,remove localtunnel things that were added to snippets,1,1,22
06b224676d2f6c38fbf1f486f636e81a85016d45,Dave Shawley,2012-03-12T11:19:17-04:00,Added _PackageBoundObject.get_static_file_options.,2,34,3
2d237f3c533baa768b29d808f1850382542bbd2f,Matt Dawson,2012-03-12T10:57:00-07:00,Fix grammar in extension dev docs.,1,3,3
8216e036e96594a4932d1f6a3569fcf39fe3c2bd,Thibaud Morel,2012-03-12T11:16:03-07:00,Specifying supported Python versions in setup.py metadata,1,3,0
cb24646948a8c00c5b39f0d76bf75e153ac502b1,Christoph Heer,2012-01-17T21:09:59+01:00,Add jsonp support inside of jsonify,2,35,0
561775cbf677f72d6d8d505af79c114bc750b6b7,Ron DuPlain,2012-03-12T11:33:42-07:00,Merge pull request #435 from mattd/master,0,3,3
cb3d0b931d51fc420e5273dcf6e25d2be60de364,Ron DuPlain,2012-03-12T11:34:07-07:00,Merge pull request #436 from teebes/master,0,3,0
09370c3f1c808e9251292bc228b6bef4b1223e93,Ned Jackson Lovely,2012-03-12T15:26:05-04:00,Clean up docs and review pull request #384,1,10,9
12544c3a8dbe4296b6f5cc8c2d602034d5924cd3,Ned Jackson Lovely,2012-03-12T15:27:41-04:00,Merge branch 'master' of git://github.com/mitsuhiko/flask,0,6,3
27194a01d8f7e4fd913811859ec4051ff99c52f4,Ned Jackson Lovely,2012-03-12T16:02:53-04:00,Fix typo in docs.,1,2,2
68f93634de2e25afda209b710002e4c9159fd38e,Ned Jackson Lovely,2012-03-12T17:18:27-04:00,Second thoughts on mime type,1,2,2
71b351173b1440d6ca2dc36284d080fda2a22006,Anton I. Sipos,2012-03-12T14:53:24-07:00,Move JSONHTTPException and JSONBadRequest to new module flask.exceptions.,2,50,38
74a72e86addd80a060f1abf9fe51bfc3f5d5be8b,Max,2012-03-12T14:58:26-07:00,Changed some things in the foreward to diminish its discouragement.,1,2,2
d8c2ec4cd863112af4c55e1044c8d3024d58f21a,Max,2012-03-12T15:03:26-07:00,Fixed linebreaks.,1,79,75
c78070d8623fb6f40bf4ef20a1109083ca79ef7a,Max,2012-03-12T15:08:52-07:00,Wrapped paragraphs; changed some words.,1,74,79
756a5565ea395c5113e8e9cf21b39060548aa5ba,wilsaj,2012-03-12T17:21:49-05:00,docfix: wrong converter name: unicode -> string,1,1,1
a77938837c6466edfde7f1708ef56587189a5e2b,wilsaj,2012-03-12T17:21:49-05:00,docfix: wrong converter name: unicode -> string fixes #364,1,1,1
d4eb1af3734f76a9dea0cb5cfbe5eb02fa511ab8,wilsaj,2012-03-12T18:01:45-05:00,Merge branch 'docfix-route-converter-unicode-string' of github.com:wilsaj/flask into docfix-route-converter-unicode-string,0,0,0
8d1546f8e64e093847ad3d5579ad5f9b7c3d0e45,James Saryerwinnie,2012-03-12T16:28:39-07:00,Reword the docs for writing a flask extension,1,49,70
8f568cfc19f5b5f2aa59b06d4e2b5b8d31423605,Max,2012-03-12T17:12:55-07:00,Split foreword into two files; edited lots.,2,112,89
4e9b7867c989a1d1b0c03ddb2ea62d689b6abab1,Ron DuPlain,2012-03-13T11:43:13-07:00,Merge pull request #411 from PaulMcMillan/docs_fix,0,3,3
1d1db80e062bb576cd542a7a3ca990360c5b57ba,Ron DuPlain,2012-03-13T11:47:04-07:00,Merge pull request #427 from kevinburke/fix-existing-tutorial,0,26,10
3bf1750b5dfde8890eab52850bf2e6c0a3de65cf,Ron DuPlain,2012-03-13T12:12:47-07:00,Tighten quickstart deployment docs.,2,17,7
c1a2e3cf1479382c1d1e5c46cd2d1ca669df5889,Ron DuPlain,2012-03-13T13:41:03-07:00,Add Rule #0 to extension development.,1,4,0
f7bb2b5f19146cbaed375f29520f57c3c385762f,Ron DuPlain,2012-03-13T13:51:53-07:00,Merge pull request #430 from jamesls/issue140,0,47,1
f4a31db9f6a9b8bdfeb023f247eb6e8a42af3162,Ron DuPlain,2012-03-13T13:59:31-07:00,Merge pull request #433 from dave-shawley/master,0,34,3
146088d58066f16ef4bc8172f8120402517c34d3,Ron DuPlain,2012-03-13T14:37:48-07:00,"Expand docs on send_file option hook, #433.",3,21,5
d94efc6db63516b7f72e58c34ae33700f3d9c4fb,Ron DuPlain,2012-03-13T16:34:16-07:00,"Expose send_file max-age as config value, #433.",6,55,14
a5d1cf415e142c2926845601257d3d6c05cb3ded,Ron DuPlain,2012-03-13T17:00:18-07:00,Merge pull request #440 from jamesls/extension-docs,0,49,70
96010161576be4eee372e87f4e311fc307a801ad,Ron DuPlain,2012-03-13T17:00:35-07:00,Merge pull request #441 from wilsaj/docfix-route-converter-unicode-string,0,1,1
d626787a3461edcebd38025269f74a5428f64edb,Ron DuPlain,2012-03-13T19:17:29-07:00,Merge pull request #438 from garbados/improve_foreword,0,112,90
eac350d1e6d53b47b0fd5b111125ee1a208eaf93,Ron DuPlain,2012-03-13T19:27:24-07:00,Merge remote branch 'njl/master',0,36,0
73cb15ed2cb208381b31e7f868adfb4117cc803d,iammookli,2012-03-15T18:20:17-07:00,Update docs/patterns/mongokit.rst,1,1,1
fe9f5a47687cccaaaf13f160d747ce8b4c03bad9,jtsoi,2012-03-16T09:38:40+01:00,"Added an example of how to configure debugging with run_simple, it has to be enabled both for the Flask app and the Werkzeug server.",1,17,0
ee6ed491d3a783076c278e4b4390baf14e6f3321,Simon Sapin,2012-03-19T00:52:33+01:00,Have tox install simplejson for python 2.5,1,3,0
bb99158c870a2d761f1349af02ef1decf0d10c7b,Jon Parise,2012-03-19T22:33:43-07:00,Remove an unused iteration variable.,1,1,1
c2661dd4bcb41e5a4c47709a8be7704870aba0de,Filip Ristić,2012-03-20T22:07:58+01:00,Update docs/patterns/packages.rst,1,1,1
079c5ef7ff7bbcab9c18b5c9b25980f83db032e2,Kenneth Reitz,2012-03-20T19:01:28-07:00,Merge pull request #445 from iammookli/patch-1,0,1,1
36da8e41de17ae89fc2d2650d72b1f687af43ca1,Kenneth Reitz,2012-03-20T19:18:19-07:00,Merge pull request #450 from SimonSapin/simplejson_tox,0,3,0
b29834dac37a13f82019aa1c7e9d06622cf5790e,Kamil Kisiel,2012-03-24T14:09:43-07:00,Fixed weird string quoting in setup.py,1,1,1
e08028de5521caf41fc11de8daec2795f1f51088,Simon Sapin,2012-03-27T17:08:55+03:00,pip vs. easy_install consistency,1,1,1
6b4a86df3bb5406e6a26df22d47454ed3af2b024,Kenneth Reitz,2012-03-27T07:12:01-07:00,Merge pull request #462 from SimonSapin/patch-4,0,1,1
35383ee83c568ce642ffef6733d8b91ebd206185,Pascal Hartig,2012-03-28T10:33:27+03:00,Removed triple-quotes from print statement in setup.py,1,1,1
38187bcd9f42d630d05ffcecd810fbc7220d7847,Armin Ronacher,2012-03-28T01:50:37-07:00,Merge pull request #464 from passy/patch-1,0,1,1
85e2857ed4a203eb7955cc7bf8b425a51019eb2f,Armin Ronacher,2012-03-28T01:51:26-07:00,Merge pull request #455 from jparise/methodfuncs-iter,0,1,1
437a1bf5c453487f3ab7db46d43dce26f57913a5,Ron DuPlain,2012-03-28T05:56:59-07:00,Merge pull request #458 from kisielk/patch-1,0,0,0
e76db15e26b76bdaed4649474f6509e383142e9c,Sergey,2012-03-31T10:11:12+03:00,Update docs/quickstart.rst,1,1,1
c2698416a835dfb5d0e52e8c291ea43eaa3d1757,Kenneth Reitz,2012-03-31T00:40:16-07:00,Merge pull request #467 from vorobiov/patch-1,0,1,1
7e4b705b3c7124bc5bdd4051705488d8bb31eb5b,Ron DuPlain,2012-04-01T10:54:00-04:00,Move others.rst to wsgi-standalone.rst.,1,0,0
976c9576bd7b41f955862448c9914774dc47d1cf,Ron DuPlain,2012-04-01T10:54:27-04:00,Reorder deployment options.,4,40,39
9a1d616706d251b19571d908282deadedd89869b,Ron DuPlain,2012-04-01T10:57:44-04:00,Add simple proxying nginx config to docs.,1,28,6
9ab41edbd727d69d6936b866ea606c9b7e7bac8f,Ron DuPlain,2012-04-01T11:19:51-04:00,Touch up proxying docs.,1,11,6
71a97662663babca96365e01bc2017f9f178c95b,Ron DuPlain,2012-04-01T08:23:26-07:00,Merge pull request #417 from tarruda/master,0,3,1
0eb75b317bd62ece31875158fb31262ce7d05e69,Ron DuPlain,2012-04-01T11:33:42-04:00,Add notes on mutable values & sessions.,2,9,1
8740fff90781b3fd0fd9ec51a0b6a15a45f96489,Ron DuPlain,2012-04-01T08:37:44-07:00,Merge pull request #446 from jtsoi/patch-1,0,17,0
df772df24f22f7f0681a8d5b211dad764ce9c8a6,Ron DuPlain,2012-04-01T11:40:37-04:00,"Touch up run_simple doc, #446.",1,5,4
f43003967e2139ee6d89e7dcf267ba8d52200ac6,Ron DuPlain,2012-04-01T08:42:39-07:00,Merge pull request #439 from aisipos/jsonexceptions,0,78,4
91efb90fb3d580bad438c353bdfe4d604051a3a4,jfinkels,2012-04-01T13:03:22-03:00,Removed extra blank line to fix ReST formatted documentation string in wrappers.py. Should have gone with pull request #439.,1,0,1
f267f9302a532f0f4a0b29b700841060ee058c64,Ron DuPlain,2012-04-01T15:39:49-07:00,Merge pull request #469 from jfinkels/patch-2,0,0,1
f46f7155b27a741081fc13fa7fb1db53e54f5683,Kenneth Reitz,2012-04-01T20:57:50-04:00,2012,2,2,2
b16c988f1e7de5f0ec9dae11817b9109de59355d,Ron DuPlain,2012-04-03T20:55:58-04:00,Fix static endpoint name mention in quickstart.,1,1,2
492ef06bff569d6037fa43e561b203fe444b60d5,Ron DuPlain,2012-04-04T11:39:07-04:00,Clarify use of context-locals with signals.,1,13,0
f07199009c463ed5eaab7b2cacd785d46f87699d,Ron DuPlain,2012-04-04T11:41:40-04:00,Fix reqcontext ref in signals doc.,1,5,5
9c48387072128c32dde06dc9a6e812195f18012d,Dmitry Shevchenko,2012-04-08T18:09:12-05:00,Removed unneeded print statements form mongokit pattern doc,1,0,3
a1305973bfef18a341224ad4f748c35d77a64cdb,Armin Ronacher,2012-04-09T14:19:13+01:00,Fixed a typo in a comment,1,1,1
47288231fe8f9c6b2c413d50160c32c3884d5785,Armin Ronacher,2012-04-09T14:34:12+01:00,Implemented a separate application context.,3,78,3
307d1bc4e51fc35282f2d504b9df3359604b8f8a,Armin Ronacher,2012-04-09T15:04:35+01:00,Added support for basic URL generation without request contexts.,4,87,21
f8f2e2dff481e55fa9ae7cc3f70f36d61bcf56d7,Armin Ronacher,2012-04-09T15:16:09+01:00,Added more tests for the new stack behavior.,3,33,2
0207e90155abe937568727e4e9eca949b8247cd5,Armin Ronacher,2012-04-09T15:22:36+01:00,Updated docs for the app context.,3,28,1
ab110d8fe573c92f0f607a05cf31549399b98c1a,Armin Ronacher,2012-04-09T15:24:43+01:00,Documented config changes,1,10,1
3249eeb438daec34dc4ac69e1ab9968fabd4b5a8,Armin Ronacher,2012-04-09T15:26:09+01:00,Merge branch 'master' of github.com:mitsuhiko/flask,0,616,249
cf1641e5beec1ec11f418fa6e775fc44b9410180,Armin Ronacher,2012-04-09T15:56:33+01:00,Changed the implementation of returning tuples from functions,5,61,33
34bbd3100bbfb9a406a417a9fe4e8944aa87c629,Armin Ronacher,2012-04-09T16:11:35+01:00,Fixed a failing testcase,1,3,1
9bed20c07c40a163077b936f740a4e96a6213688,Armin Ronacher,2012-04-09T17:29:00+01:00,Added documentation for appcontext and teardown handlers,10,287,64
cb54c462b809e36d12af571fa36affb4af3f7e96,Armin Ronacher,2012-04-09T17:32:37+01:00,Pass exc explicitly to the inner context.,1,1,1
32f845ea75ce57429aa383463be6654b2af06983,Armin Ronacher,2012-04-09T17:33:14+01:00,Added an example for using the db connection without the request,1,11,0
52f9cefbcd6df23f75bf93804a9e84c038536fe8,Armin Ronacher,2012-04-09T17:35:16+01:00,More documentation updates for 0.9,2,9,1
d26af4fd6dd71793cf6373c1c18c82349494e0aa,Armin Ronacher,2012-04-09T17:38:08+01:00,Fixed some smaller things in the docs,3,3,3
bcd00e5070caf6f5ff7639d3758f5595bc5507a1,Armin Ronacher,2012-04-09T17:56:37+01:00,Fixed a typo,1,1,1
9d09632dbfc0c08ab1a5290fbf282aad7d13e2f8,Sean Vieira,2012-04-09T17:17:52-03:00,Fix spelling.,1,1,1
989aabbe32d2460f673cf075b8ac7cf7781b85ac,Ron DuPlain,2012-04-09T14:24:25-07:00,Merge pull request #483 from svieira/patch-1,0,1,1
acb61ae57b6fe9a82aaa9804c0e4bba8c2441746,Paul McMillan,2012-04-10T13:14:38-07:00,Minor docs fix.,1,1,1
1a19ddc55c5484f14dde728cbd20f81333a2c3f9,Ron DuPlain,2012-04-10T13:16:17-07:00,Merge pull request #486 from PaulMcMillan/docs_fix,0,1,1
a2eb5efcd8be834ca7e30e6392fa3a2067ad3a55,Florent Xicluna,2012-04-12T19:14:52+03:00,few typos,1,3,3
2a6c80a37d8a13516499be791100312576cf34d0,Kenneth Reitz,2012-04-12T12:45:22-07:00,Merge pull request #489 from florentx/patch-1,0,3,3
ffbab00cd1c9ef89ab795b14b187334766556be7,Natan,2012-04-17T19:28:28-07:00,Rectified rampant 'roule'.,1,1,1
fd62cd82cb270847491370cd43f270af6acc1400,Ron DuPlain,2012-04-17T21:00:22-07:00,Merge pull request #493 from kuyanatan/patch-1,0,1,1
0d2ffc094b45e717439c679255f4aecd018e24d0,Ron DuPlain,2012-04-18T15:44:07-04:00,Use 'venv' consistently for virtualenv directory.,1,1,1
b885edf81013f05161525db1eaf4e64fc6f5c2c4,Ron DuPlain,2012-04-18T15:54:04-04:00,Fix typo pointed out by tri on #pocoo.,1,1,1
10c34e6652fac704c9c77a47d4853896f3030e34,Ron DuPlain,2012-04-19T11:50:08-04:00,"Reword 0.9 upgrade doc, thanks to plaes on #pocoo.",1,6,5
a3cb2a33829ee517530d30cd920e5d652b358086,Ron DuPlain,2012-04-19T11:51:38-04:00,"Use American English for ""behavior"" in docs.",10,18,18
34380b9c1d24750b500c1d9687a1f0ea91931f76,Vadim Pestovnikov,2012-04-20T09:07:58-04:00,Add detailed Apache httpd fastcgi configuration.,1,57,3
fb011878857693659c6ec6f095fe3849803915e1,Ron DuPlain,2012-04-20T09:20:20-04:00,Touch up fastcgi doc.,1,16,14
0333c824bfa93fafabfb10b80f84d85abecda6bc,Alex Vykalyuk,2012-04-21T22:27:24+03:00,Removed link to ep.io from quickstart,1,0,1
2ae2338ebfcf721f7baa86af2114575fd45ebe2d,Kenneth Reitz,2012-04-21T13:11:30-07:00,Merge pull request #496 from alekzvik/master,0,0,1
d90f0afe39724040d0be92df054e2b1438886134,Ron DuPlain,2012-04-21T18:40:02-04:00,"Add test for jsonify padded=False, #495.",1,5,2
36194697ae8371f42d3041c1f89b6f2e77c34826,ekoka,2012-04-21T23:36:08-03:00,Update flask/app.py,1,1,1
bb31188ec3882e9a6c6035b7a65ca257d424e31a,Ron DuPlain,2012-04-22T12:30:15-04:00,"Add a BuildError hook to url_for, #456.",3,46,0
8c8c524ddb791c2f7eed47b6d2e4317faf06a659,Ron DuPlain,2012-04-22T12:51:31-04:00,Re-raise BuildError with traceback.,2,20,1
028229d0ff531db172f8cda52210de8903dbc14b,Alex Vykalyuk,2012-04-23T00:32:48+03:00,Fixed typo in docs/quickstart,1,1,1
ccc6816459312d2af813d984c5d8f530e57cecdf,Kenneth Reitz,2012-04-22T14:33:57-07:00,Merge pull request #498 from alekzvik/master,0,1,1
148c50abf983eb8bbd8ecb565c9f98912048af46,Ron DuPlain,2012-04-23T21:20:47-04:00,Document url_for BuildError hook.,2,35,0
2262ce4915aec0dfffa8e71244ebe10f72d11111,Ron DuPlain,2012-04-23T21:36:28-04:00,"Skip template leak test when not CPython2.7, #452.",1,6,3
b31f2d9a640c154e41de6d9631e95cf105e96e1f,Ron DuPlain,2012-04-23T21:46:53-04:00,"Require Werkzeug>=0.7, #449.",2,6,5
ff5ee034b8c71a79d3f29c7b7a1ad27f6a8893e3,Ron DuPlain,2012-04-23T21:47:28-04:00,Touch up README.,1,3,1
7c79ce6e418f07a49be8c25a4c5a40e5347be257,Ron DuPlain,2012-04-23T23:42:58-04:00,"Revise foreword and Becoming Big docs, #484.",4,129,113
26da6a5365e1fd229932f167a299128f30fae154,Ron DuPlain,2012-04-24T01:48:05-04:00,Use default send_file max-age consistently.,6,88,45
33bae1a8dcadbf56fb19ad814fa516b6468bb2cb,Ron DuPlain,2012-04-18T20:46:07-04:00,Add Flask.request_globals_class to customize g.,4,20,2
e78e2a1641e5b7ad538d93154ee59445f4d4eaf7,Ron DuPlain,2012-04-24T02:10:16-04:00,Document example request_globals_class use cases.,1,7,0
12dcba8849d153c7e13e99b6bcf57922e1a97240,ekoka,2012-04-24T05:32:52-03:00,Update flask/testsuite/basic.py,1,23,0
2053d04db0f303430f5f6c5bc6e97b8bec46c399,Armin Ronacher,2012-05-08T11:56:11+01:00,Improved interface for the URL build error handler,3,29,25
dbfd406a21191c26c2987ffd11f7c49b8733cd82,Armin Ronacher,2012-05-08T12:51:26+01:00,Added required_methods,3,14,1
086348e2f2874fb701048d5e1390cfe674de1f70,Armin Ronacher,2012-05-08T13:14:32+01:00,Added after_this_request decorator.,6,51,2
444698d42b6cd2bb356d3ac6a7fa9f2be7e0df55,Alex Vykalyuk,2012-05-14T23:39:27+03:00,Changed docstring according to docs.,1,1,0
447afc3525b009ed369943e13437d98e07898bdc,Marc Abramowitz,2012-05-27T18:02:54-07:00,"Fix failing test: ""AssertionError: 'application/javascript' != 'application/json'"" in flask/testsuite/helpers.py"", line 88",1,7,3
2c8cbeb0c0b577f8588aa832c4bb763b8e5b3b82,Marc Abramowitz,2012-05-27T18:31:07-07:00,Add .travis.yml,1,11,0
9f055104ad1a8bfa29c8cccf830dea196b5a9344,Kenneth Reitz,2012-05-29T17:04:23-07:00,Merge pull request #515 from msabramo/travis,0,18,3
99aaacb1a99891aa2eb57f6fe9b8a0c3f87cb454,Natan L,2012-05-30T20:23:02-07:00,Emended extensiondev.rst.,1,4,4
5c2aa7a9210acb4b16b86d5cda5264a2f5d11aa2,Ben Rousch,2012-06-12T14:26:10-03:00,"Added link to extensions in ""Hook. Extend."" section.",1,3,2
4b21e2d38ccf66f236c5f1c8a10bd9d7904f2599,Massimo Santini,2012-06-13T16:43:34+03:00,I think it should check that cache_timeout is not None to allow for a (I hope legale) value of 0 for such parameter.,1,1,1
5bbf8bdcd9619fa15a3380f99fe6d66d08b1f783,Ramiro Gómez,2012-06-17T02:22:02+03:00,Update master,1,1,1
35312be63c633cbad76a790f47b1b50a94f07eb4,Armin Ronacher,2012-06-17T05:56:02-07:00,Merge pull request #527 from mapio/patch-1,0,1,1
9034461e5bc3a3e75c64b603c89a28acc7bd2144,Armin Ronacher,2012-06-17T06:00:28-07:00,Merge pull request #525 from brousch/patch-1,0,3,2
9cce327040a2851f90be90d27ad73f4c6cfc787d,Armin Ronacher,2012-06-17T06:07:29-07:00,Merge pull request #529 from yaph/master,0,1,1
6809ffccf2b8b94633717f839b42ae8e3fbca1c3,Armin Ronacher,2012-06-17T14:13:53+01:00,Don't build websites with travis,1,4,0
b04827283ea36cc456367f1ac4e0700b90b71283,Armin Ronacher,2012-06-17T14:17:22+01:00,Removed padded JSON (JSONP) again.,2,1,44
7b1c8fd15b619aee9eb6bc53dd50bd2d7e9bea3d,Armin Ronacher,2012-06-17T14:22:15+01:00,Added #522 in modified version,1,12,1
24e01318d31c6a541a44636d3a97310ff814d0c1,Armin Ronacher,2012-06-17T06:22:54-07:00,Merge pull request #517 from kuyan/patch-1,0,4,4
a9e753f7064e38e40819b49a51491e681dd0f42c,Armin Ronacher,2012-06-17T06:24:35-07:00,Merge pull request #497 from ekoka/master,0,24,1
9be47f5932cd3ae3363ab9fafdcb00d991ebff6b,Armin Ronacher,2012-06-17T06:25:10-07:00,Merge pull request #479 from dmishe/patch-1,0,0,3
1f3e667b5d9ffb60c218c250df27144793a5acdb,Matt Wright,2012-06-18T18:33:17-03:00,Fix documention for `after_this_request`,1,1,1
1f82d02b33dad8ac7a4aa49e690767027690fe1a,bev-a-tron,2012-06-25T13:31:11-04:00,Fixes #519 by adding return statement,1,3,2
7bc6eead47061d1135e420ec1a54eeaf702ed470,Kenneth Reitz,2012-06-25T10:35:46-07:00,Merge pull request #531 from bev-a-tron/master,0,3,2
274d1a82f8242229b8060afafdce53a7dbd0a435,Kenneth Reitz,2012-06-25T10:36:14-07:00,Merge pull request #530 from mattupstate/master,0,1,1
ddeeca74c2e18b4334d390c59d3d3b58c7af0672,Kenneth Reitz,2012-06-25T10:37:40-07:00,Merge pull request #509 from alekzvik/master,0,1,0
0ba758d448ca18d98bf05dfa2ad48b59eedbb942,Kenneth Reitz,2012-06-25T10:49:11-07:00,Merge pull request #413 from dmishe/master,0,100,0
8071f11328ab2b767608c5c63d0bad72d9408120,Armin Ronacher,2012-06-26T17:18:59+02:00,Fixed an issue with the new path finding logic,1,13,1
558750494f6f99b1272218c35d86e6452484e77c,Armin Ronacher,2012-06-27T12:08:01+01:00,Removed unnecessary import,1,0,1
43c6a1ede87da5c20d8b5c7db995cf2d22eb40b2,Armin Ronacher,2012-06-27T12:22:39+01:00,Fixed a comment,1,2,1
2e816f554a3a5b9db19c87b892726387bdf3e1d7,Armin Ronacher,2012-06-27T12:25:21+01:00,Merge branch 'master' of github.com:mitsuhiko/flask,0,166,56
d5218997d927be869dd55ef04542e1bbc1e69653,Armin Ronacher,2012-06-27T15:06:39+01:00,Added flask.stream_with_context,8,222,27
19def9606ac50bd308ea283e283cbcf62498d6c7,Armin Ronacher,2012-07-01T12:08:38+01:00,This is 0.8.1,3,3,3
bea5858411b9138e3bf797b87ac6b0f5491c1897,Armin Ronacher,2012-07-01T12:10:50+01:00,Merge branch '0.8-maintenance' and push to 0.9,0,3,3
ee3e251f9eb557721517faa6d06a6addd48ebc24,Armin Ronacher,2012-07-01T12:12:36+01:00,Updated CHANGES,1,1,1
d4415dd6653adb25b89b6276dd140141266ba46b,Armin Ronacher,2012-07-01T12:26:45+01:00,Fixed an rst syntax error,1,1,1
56f5224ef7cdc48a05b4ce6dcc37043feab0c0bb,Laurens Van Houtven,2012-07-01T19:31:53+03:00,CHANGES: July 1th should be July 1st,1,1,1
e32de730f9458e781c3bd6fd501dec627f256471,Armin Ronacher,2012-07-01T09:32:36-07:00,Merge pull request #536 from lvh/patch-1,0,1,1
d8e5a37d8a5e9dda1154c6c7c614bb7a4c42afdd,esaurito,2012-07-02T00:38:27+03:00,Fixed codename,1,1,1
07878722a86a72a9600ad5bc3dc577d693d91a0a,Kenneth Reitz,2012-07-01T15:07:39-07:00,Merge pull request #537 from esaurito/patch-1,0,1,1
1beb0f2e7f8c60df41cd7b198c1ed1748a0fea3d,Armin Ronacher,2012-07-02T09:11:24+01:00,Fixed a syntax error,1,1,1
0553bbdefe55709a1fc36dce445f552f398a428e,Sven-Hendrik Haase,2012-07-04T21:12:41+02:00,Made it explicitly clear where changes should go in the tutorial,1,5,2
7003fe61352bab3a1dc62d18dffb00ef749b050d,Ron DuPlain,2012-07-04T12:18:28-07:00,Merge pull request #539 from svenstaro/master,0,5,2
690b0c34ff3a9160aad16c613f29b1a8e25ca232,Sven-Hendrik Haase,2012-07-04T21:19:41+02:00,Fix chose -> choose typo,1,1,1
c7cdb2f83e9842a2ed9715d550392eea2be806cb,Ron DuPlain,2012-07-04T12:20:15-07:00,Merge pull request #540 from svenstaro/master,0,1,1
ea2a0629c9fc3874319e98b3842365ffd889f43d,Ron DuPlain,2012-07-04T15:27:15-04:00,Touch up dbinit tutorial doc.,1,1,2
c3f651dccbba801fa07426cef1e6604b579b8fe7,Simon Sapin,2012-07-12T16:31:53+03:00,"Remove the unused `ScriptNameStripper.to_strip` in the FastCGI doc example.",1,0,2
b9df128ba86ec5bc5513bf38b5484f74866ff447,Akai Kitsune,2012-07-16T21:08:02+03:00,Added directions for mod_wsgi vhost configuration under Apache on Windows,1,14,0
40ccc0a99aa9c1f975bcc7f69d452afd46fc8b90,Randall Degges,2012-07-20T14:29:10-07:00,Fixing some wording in the design documentation.,1,3,3
9d9f240df8da4b433c914e76b6ea2c7e82f3e320,Kenneth Reitz,2012-07-20T14:31:55-07:00,Merge pull request #559 from rdegges/master,0,3,3
3800c7396b20d90ff3a84a3f26c9f12e7365a085,Ramiro Gomez,2012-07-21T13:55:45+02:00,Try to correct confusing sentence in doc and fixed word duplication.,2,2,3
0f3bc38a18909cae8903f3229a2866aa64a52b2a,Kenneth Reitz,2012-07-21T04:57:39-07:00,Merge pull request #562 from yaph/master,0,2,3
b0fdae4e1f45274e0b399523cca9b55627d9afde,Sven Slootweg,2012-07-21T21:00:44+02:00,"Fix regex in lighttpd example config to only match static/ and sub-items, and not all directories that start with 'static'",1,1,1
20a542fc8ac6dadbcbac92e84fb554e00ccc897a,Paul McMillan,2012-07-26T09:56:01-07:00,docstring typo,1,1,1
50dc2403526c5c5c67577767b05eb81e8fab0877,Kenneth Reitz,2012-07-26T12:32:03-07:00,Merge pull request #567 from PaulMcMillan/docs_fix,0,1,1
ed1619adadc56641b8ab1ba2c03d45023960aaf2,Priit Laes,2012-08-01T11:27:28+03:00,Docs: Mention SERVER_NAME in the url_for() docstring,1,3,1
e3b3e05052ea36456cb557b8799b7b0ed00865bd,Priit Laes,2012-08-01T11:29:40+03:00,Docs: Fix docstring formatting,1,1,1
9a0f6519aaa14aa8f6d0a076e269e8ca8b1668aa,Kenneth Reitz,2012-08-01T09:34:49-07:00,Merge pull request #571 from plaes/doc-improvements,0,4,2
4df3bf2058954624f9376fd16774a769299dc40a,Armin Ronacher,2012-08-11T02:36:14+01:00,Implemented experimental JSON based sessions,5,172,1
ee28dcf2cff53aae0c88db34ff872e0b042c6bf5,Armin Ronacher,2012-08-11T02:36:29+01:00,Added changelog entry for 0.10,1,5,0
b87919348104774e9c959fc00976966e38161129,Armin Ronacher,2012-08-11T02:37:03+01:00,Set current dev version number to 0.10,2,2,2
1740d7c51afb4f051bf30f5326d6eab7933e917e,Armin Ronacher,2012-08-11T02:37:21+01:00,Merge branch 'master' into json-sessions,0,2,2
43f41201e919aed68301e69a8a4f708a646b98c5,Armin Ronacher,2012-08-11T02:37:43+01:00,Merge branch 'master' of github.com:mitsuhiko/flask,0,16,13
704d94d7b92f9ebf1594b110f59f852739d9da30,Armin Ronacher,2012-08-11T02:37:52+01:00,Merge branch 'master' into json-sessions,0,16,13
3f82d1b68ea6f5bf2970c2df8ff5cf991439a9bf,Armin Ronacher,2012-08-11T03:09:14+01:00,Switch to itsdangerous,2,44,59
c3d38a21c664440fb8284aaaf8fbcce4a1c0849f,Armin Ronacher,2012-08-11T03:11:40+01:00,Removed json_available hack,3,8,33
a4977cfe2b57218579ca224af7cfea0864e6665b,Armin Ronacher,2012-08-11T03:13:16+01:00,Removed outdated section in the docs,2,2,43
fe85970665ea3a38f9c6a8ef4756ff3a913850b6,Armin Ronacher,2012-08-11T03:38:46+01:00,"Various improvements in regards to the itsdangerous usage, bumped to 0.17",2,41,16
77c2c3b183cf54f4cd678ccb4545246ea33fc52b,Ben Rousch,2012-08-17T16:45:04-03:00,Added _ to fix link to extensions in Hook. Extend.,1,1,1
11c746189dd8b49740a833d0e8428a85b6174799,Alex Morega,2012-08-20T16:57:18+03:00,Fix code example in pluggable views documentation,1,1,1
ad304701025057475c19b7d79c9612f70488add4,Kenneth Reitz,2012-08-26T09:49:52-07:00,Merge pull request #579 from alex-morega/fix-doc-views,0,1,1
1dde7b8be795d7261e3960a14275ac19f90b7cd6,Kenneth Reitz,2012-08-26T10:20:54-07:00,Merge pull request #563 from joepie91/master,0,1,1
80b2689335442fcfb11772a4e68017784523d91d,Kenneth Reitz,2012-08-26T10:25:56-07:00,Merge pull request #577 from brousch/patch-2,0,1,1
8d330a368a7f0aa6ba8508cb2b4b64f6415a0c7b,d1ffuz0r,2012-08-29T22:26:39+04:00,fixed issue #524,1,1,1
69e419e020ea731a5bf4d4e95a6227761f01bcc7,pinchsp,2012-09-04T00:51:45-03:00,Fixed small mistake in sqlalchemy pattern,1,3,3
48f7cdd01699fdc4048b18d827fccfbf9f266c9f,Finbarr O'Callaghan,2012-09-06T18:04:51+01:00,various typo fixes,6,18,18
e8d50a7abafff3306c5076f10d82b66224c0ebd4,Finbarr O'Callaghan,2012-09-06T18:19:50+01:00,fixed spelling but not the grammar!,1,1,1
e93447f25e5f0cf0c10c32daa10b02e23ba2bc1a,Finbarr O'Callaghan,2012-09-06T18:30:41+01:00,"actually to actual, again, fixed spelling, not grammar",1,1,1
9ecbd20286aebcd2040cf7463d5288726787c1f3,Ralph Bean,2012-09-13T15:16:38-03:00,Update flask/templating.py,1,2,2
7fc0ddb57c0fed629924863c7672707346219dbd,Armin Ronacher,2012-09-16T08:52:51+09:00,Merge branch 'master' of github.com:mitsuhiko/flask,0,24,16
22af78a96f98222c2292d71dd1914f5be56362a0,Armin Ronacher,2012-09-21T01:02:42+09:00,Removed outdated sentence in the testing docs,1,0,4
ee76129812419d473eb62434051e81d5855255b6,Kenneth Reitz,2012-09-22T18:50:11-07:00,Merge pull request #594 from ralphbean/patch-1,0,2,2
7233a3e0a223e8d426ff937f5c03d88636b0ade4,Ryan Macy,2012-10-01T14:45:02-05:00,Fixed typo occours to occurs,1,1,1
3b9fe7c48606dc865950fa683f70eb1946c643cf,Kenneth Reitz,2012-10-01T12:46:42-07:00,Merge pull request #603 from rmacy/patch-1,0,1,1
639817b6212465264d9c24faf4e43cefa2e7ae50,jfinkels,2012-10-05T02:49:55-03:00,Update docs/quickstart.rst,1,3,3
e1a576122be4675c3c648c0a4eccc075b3e15a29,Armin Ronacher,2012-10-07T10:33:37+02:00,Merge branch 'json-sessions',0,163,53
261c4a6aee88361e0de5d86061d873bbad2cb3a9,Armin Ronacher,2012-10-07T12:40:59+02:00,Updated documentation for the new sessions,2,9,5
4f1cb4212376acbbe7ab14fb8caa8a5025b4659e,Armin Ronacher,2012-10-07T12:48:19+02:00,"make_test_environ_builder when used with subdomains was not working correctly, now it uses urlparse module for detecting full URL and changing path and base_url correctly",2,44,1
62c0c67d88b619d4da7f1d98a4c50e8e6928280b,Armin Ronacher,2012-10-07T12:49:03+02:00,Merge branch 'master' of github.com:mitsuhiko/flask,0,3,3
b2fc9febdda6ce4c90f1aca351c01e8b71fde11b,Armin Ronacher,2012-10-07T03:49:36-07:00,Merge pull request #607 from jfinkels/patch-3,0,3,3
f034d8d3451f590fca1badeac5da0230bed9b148,Armin Ronacher,2012-10-07T12:51:46+02:00,"Add @template_test() decorator for creating custom jinja2 tests, like existing @template_filter() for filters.  Fixes #332",5,265,11
c9a7fdf1b02ee79676d39bb614007bf922931a9c,Armin Ronacher,2012-10-07T12:53:36+02:00,Documented latest commit in changelog,1,2,0
39329bfc0788e1475038f9c65cb350daa45b39de,Armin Ronacher,2012-10-07T03:54:58-07:00,Merge pull request #591 from finbarrocallaghan/master,0,17,17
c5f938bc55455e90a83b7c1b458a440f2e2ab129,Armin Ronacher,2012-10-07T03:55:55-07:00,Merge pull request #583 from d1ffuz0r/issue_524,0,1,1
b2cf9e7212296a3cdf4898ccc653bd1e25668e57,Armin Ronacher,2012-10-07T03:56:35-07:00,Merge pull request #590 from pinchsp/master,0,3,3
18413ed1bf08261acf6d40f8ba65a98ae586bb29,Armin Ronacher,2012-10-07T13:02:05+02:00,Added HTTP override middleware to docs.  This fixes #582,2,44,0
5b462dd38224648e7a3e533449784a9e236f957d,Armin Ronacher,2012-10-07T14:50:21+02:00,Fixed a typo in the docs.  This fixes #576 and #575,1,1,1
7f8709147435bea69fa15ae0de9a2326ab5dfc41,Armin Ronacher,2012-10-07T14:51:26+02:00,Added a missing exposed import.  This fixes #575,1,2,1
de5038f2fb25189e6d2ba8bc479d3d940a8ea43b,Armin Ronacher,2012-10-07T14:56:02+02:00,Added total_seconds() helper for pythons before 2.7,1,5,1
aecb760c6adb1ee9a32b6cca5b47920cb9bf9e1b,Armin Ronacher,2012-10-07T06:06:23-07:00,Merge pull request #550 from AkaiKitsune/master,0,14,0
c01d36aabd45fdc5e6d7eae118337349b625fe3c,Armin Ronacher,2012-10-07T06:06:45-07:00,Merge pull request #548 from SimonSapin/patch-6,0,0,2
3bec75d230507335eaf9066605d3893e185b9e11,Armin Ronacher,2012-10-07T15:24:03+02:00,Set the content-length header for sendfile.  Fixes #447,2,2,0
01ac057d36156bdcb722df1b06da3c1968bc205d,Armin Ronacher,2012-10-07T15:24:28+02:00,Merge branch 'master' of github.com:mitsuhiko/flask,0,14,2
c4f2075f4c4c27856fe0af77250fb75c61c0d86b,Armin Ronacher,2012-10-07T15:33:25+02:00,tojson no longer escapes script blocks in HTML5 parsers.  Fixed #605,3,10,5
b5bb49d080475e4fb90f6a47dacab60b53470e9d,Armin Ronacher,2012-10-07T15:46:21+02:00,Added a new example for checksums on input data.  This fixes #601,2,56,0
3c1d7758d54a5ad2c9fa1ea0933ed10b6cfeb696,Armin Ronacher,2012-10-07T15:58:21+02:00,Removed dev tag from setup.cfg.  Fixes #596,1,0,1
f8b6033a3b86691470a36db57eba17d996c7d5e8,Armin Ronacher,2012-10-07T16:04:31+02:00,Added a workaround for samefile.  This fixes #600,1,4,1
b6f37c40f8d426f4af340b722d28ccea7f4caf2a,Armin Ronacher,2012-10-07T16:08:00+02:00,Updated travis config for notifications,1,10,0
6e4015d62427a220206d58742ae3e54439ecd97a,Armin Ronacher,2012-10-07T16:08:13+02:00,Removed tox file,2,0,11
e2b3f07d7c94793414693a310d54c667e0a8da7d,Armin Ronacher,2012-10-07T16:16:21+02:00,Stop the joinspam,1,2,0
661ee54bc2bc1ea0763ac9c226f8e14bb0beb5b1,Armin Ronacher,2012-10-07T17:12:16+02:00,Raise exceptions if a function is overridden by a new endpoint.  This fixes #570,3,23,1
f701f699477800497636fd5b28132744ec68928d,Armin Ronacher,2012-10-07T17:13:12+02:00,Documented new error case,1,2,0
3afcbf160eff2a5ab6ac35a82e0719f972df8972,Armin Ronacher,2012-10-07T22:58:41+02:00,Extra safety for safe_join.  Does not look exploitable but better safe than sorry.  Fixes #501,2,9,1
301e244df3dc747a73e2564a046976af5d0164eb,Armin Ronacher,2012-10-07T22:59:52+02:00,Consistent use of encoding naming,1,1,1
b146d8277ab90cf6d43ea54113383076e4fd0318,Armin Ronacher,2012-10-07T23:31:48+02:00,Added wrapper module around simplejson/json for much simplified customization.,9,224,81
05c6502cbde016f0475233faa0c6364634cccac9,Armin Ronacher,2012-10-07T23:41:41+02:00,Let json.* work even without app on the stack and added tests,2,42,6
5e88c8184d19851c4ccc9a74595819bbe374e839,Armin Ronacher,2012-10-08T06:48:13+02:00,Removed deprecated and awkward flask.session module,2,3,19
f34c0281252bf1838e2ec24fe8b064b232a098ef,Armin Ronacher,2012-10-08T07:01:49+02:00,Added template tests and made config a true global,5,43,11
3e9f4e254b5757d80218c0d8077bd44465365489,Armin Ronacher,2012-10-08T07:05:32+02:00,Updated a comment that was misleading with recent flask sqlalchemy installations,1,3,2
c2e5799879ed22a4657b75df6da66d6074ae7cc7,Armin Ronacher,2012-10-09T14:02:32-05:00,Updated examples to new sqlite patterns and added new section to appcontext docs,4,169,104
f6a5a7a0cc91ccd06e89ac0820dd6d7bdf2c2ef1,Corbin Simpson,2012-10-11T14:05:01-07:00,docs/deploying/wsgi-standalone: Add Twisted Web.,1,23,0
7ee40e9348fba36d57727d7aa58d802b191c0197,Markus Unterwaditzer,2012-10-16T21:56:51+02:00,Fix #611,1,1,1
a15c6c569ab40f0da2d18b1bd338bd03ddb024eb,Mitchell Peabody,2012-10-16T16:57:57-04:00,"The builder on github is using python 2.5, the views.py testsuite uses the with",1,1,1
275f830c8346c29af424b1ed2f2ffabee2408ec8,Mitchell Peabody,2012-10-17T11:56:39-04:00,There was a duplicated call to url_adapter.build(...),1,0,2
f06c80a21508d827a6db1223ad4de253fde013a3,Armin Ronacher,2012-10-17T16:36:48-07:00,Merge pull request #614 from mizhi/master,0,1,3
5583fe8acfd763f7f0b74cce00ef5f5f658caaa0,Armin Ronacher,2012-10-17T16:37:16-07:00,Merge pull request #613 from untitaker/issue611,0,1,1
8339cb35082fc93d3a9c98616aed7fe0c1c642dc,Armin Ronacher,2012-10-18T00:48:15+01:00,Added support for unicode json dumping.  This fixes #535,5,52,9
af76dd0fd44301a6434d193626f8bf309eee8b26,Tony Narlock,2012-10-19T11:50:59-04:00,"Highlight first field on page load, enter sends submit request, double quote to single quote. Submission focuses first field again",1,17,5
1e39871d681bd41451cf8694cd67fffe017fa522,Quentin Roy,2012-10-20T18:18:42+02:00,Add back path=None argument into find_module. This fixes #618 and revert #524.,1,1,1
2b885ce4dc3f6b2ea2707a39a8198a84d7ad3991,Armin Ronacher,2012-10-30T14:47:17+00:00,Added better error reporting for unicode errors in sessions,2,17,0
3c54f30c2b761e3decd56aa7ab8e5d00493238a1,soulseekah,2012-11-03T18:06:23+06:00,missing ' in example,1,1,1
82b29c09ac898042d589d852f1ef6f107fec9f71,Gennady Kovshenin,2012-11-05T06:00:46+06:00,Use sqlite3.Row factory in Flaskr,2,9,2
caefb67ccd0f8c1f5961c7e71f9658af98f9f009,Max Countryman,2012-11-05T15:31:07-08:00,correcting typo,1,1,1
692a5c25887c652c9f5ccefadb48c6d8365ea02a,Kenneth Reitz,2012-11-05T15:51:04-08:00,Merge pull request #626 from maxcountryman/patch-1,0,1,1
30a51f2573423fce764b7f250e97e4b39471a480,Max Countryman,2012-11-12T16:58:38-08:00,correcting typo,1,1,1
b6dac3812f84359e6e9fb3d23e6ea55d6f87561c,Max Countryman,2012-11-12T17:00:51-08:00,really fixing it this time,1,1,1
4515b838eaf18c46fa37c250975c407b8b9a4f19,Kenneth Reitz,2012-11-15T17:56:45-08:00,Merge pull request #634 from maxcountryman/master,0,1,1
2fabc65505d697d5c22f3f3a164222cf6a7cf3b2,Kenneth Reitz,2012-11-15T17:58:36-08:00,Merge pull request #624 from soulseekah/patch-1,0,1,1
fedc96c0b9a1c48d11819f03fc82065336af89a4,Kenneth Reitz,2012-11-15T18:37:35-08:00,Merge pull request #609 from MostAwesomeDude/master,0,23,0
be1ed3327126edcb485be85a8f2de58f23b6ab64,Iyra Gaura,2012-11-17T18:13:14+00:00,Ended your paragraph tag.,1,1,1
160aa8078166f7b32015c6b3ad63a91c4500badc,Markus Unterwaditzer,2012-12-10T18:37:03+01:00,Added hint about print statements in CGI.,1,4,0
a319516518bb39cb840529f41df713a6b4a6a563,Erik Rose,2012-12-11T14:11:27-08:00,Fix a typo in the deferred-callbacks docs.,1,1,1
813149677d2627a9ca462dbb2fae985369b54384,Kenneth Reitz,2012-12-12T16:06:18-08:00,Merge pull request #647 from untitaker/print_in_cgi,0,4,0
823bebf13a35f22d867bc3fdb0ef2cae20aa4cd4,Kenneth Reitz,2012-12-12T16:18:25-08:00,Merge pull request #636 from ghost/patch-1,0,1,1
be0b5196bf5b11130ca1688c1aab2750afba8433,INADA Naoki,2012-12-13T19:03:54+09:00,Update docs/extensiondev.rst,1,4,5
61d43c7f1269d9dafb40d4483cf88c7e32e95edc,Armin Ronacher,2012-12-19T15:46:18+01:00,Removed unnecessary end-tags and fixed some broken html,5,20,26
c549e583c4cab9b657cf91544375031a64c79733,Markus Unterwaditzer,2012-12-17T21:32:59+01:00,Fixing my own pull request #647,1,1,1
1949c4a9abc174bf29620f6dd8ceab9ed3ace2eb,Armin Ronacher,2012-12-21T11:45:42+01:00,flask.g is now on the app context and not the request context,9,71,20
2af0ffaef63dbd6031d889d28e4d60794becb7b6,Armin Ronacher,2012-12-21T11:47:27+01:00,Added proxies to template context,2,12,2
cc82feb084092bf8212d0fb3a58386841f2294f6,oliversong,2012-12-26T00:05:18-05:00,Changing string to text in schema files,3,8,8
7ec45c2d02205fbe3e03c6d20b8b158fcaf9f073,Armin Ronacher,2012-12-27T07:20:39-08:00,Merge pull request #654 from untitaker/print_in_cgi2,0,1,1
dfdbc00eafb3e7578b81f82a59630f2e79691cee,Armin Ronacher,2012-12-27T07:22:05-08:00,Merge pull request #653 from methane/patch-1,0,4,5
e101655820d4b91159be48dd57b391f0117c6d1f,Armin Ronacher,2012-12-27T07:22:25-08:00,Merge pull request #649 from erikrose/doc-typos,0,1,1
ab3d9d12c6f16712895735903cfbb136f22aeeec,Armin Ronacher,2012-12-27T07:23:30-08:00,Merge pull request #655 from oliversong/master,0,8,8
e3e4f4c2b88ecc32babc714fcc345a978aeee2f0,Kenneth Reitz,2012-12-31T17:55:39-05:00,2013,1,1,1
ff2e8449ffbb37cb8ebf4d7575c0e9102c78e772,Kenneth Reitz,2012-12-31T18:00:58-05:00,2013,1,1,1
7a3d74f19f98b69e3047d0ed0085b5a1c9f806fc,Baiju Muthukadan,2013-01-04T14:37:13+05:30,WSGI specification has finalized for Python 3,1,1,3
2b30900e2c007cf39b3d73a8ad53afe2f29a3a2c,Markus Unterwaditzer,2012-11-08T20:57:17+01:00,Fix #623,1,3,2
b4fc4412e8bbdb359d1f5b9dd22a95326e73b896,Trung Ly,2013-01-14T14:53:06-08:00,Update docs/patterns/deferredcallbacks.rst,1,1,1
f1537a9d7a1e5ab53e38166a2a8fd7bad9278c18,Armin Ronacher,2013-01-21T17:44:32+00:00,Always trap proxy exceptions,2,8,2
61d3bbf1d237cd8f03e37af88ad4a6b59f27d4e1,Armin Ronacher,2013-01-21T17:55:07+00:00,Fixed last commit and added test,2,31,6
b5069d07a24a3c3a54fb056aa6f4076a0e7088c7,Max Countryman,2013-01-17T15:08:45-08:00,adding `_scheme` parameter to `url_for`,2,34,0
fb6dee3639b5fad1800472cb5258d2603408e732,schneems,2013-01-24T17:49:55-06:00,update README to markdown,2,56,55
6fa449de00ae89bb1d1ae5e6f793b60d32c1ba76,Kenneth Reitz,2013-01-24T18:55:21-08:00,Merge pull request #669 from schneems/master,0,56,55
b975dd4667ddbdf3733e6620d2329596db9dbfad,Kenneth Reitz,2013-01-24T18:57:45-08:00,Merge pull request #667 from maxcountryman/secure-url-for,0,34,0
94a9b9665b6a0a5b1aac46c4212da519205a22ad,Kenneth Reitz,2013-01-24T19:01:43-08:00,Merge pull request #660 from baijum/docs,0,1,3
1e14783abddd99c450e7865f135bf126efe5fad1,Kenneth Reitz,2013-01-24T19:02:30-08:00,Merge pull request #665 from trungly/deferred_callbacks_fix,0,1,1
777c0c56b5768582eb57607846a945f94c37e154,Kenneth Reitz,2013-01-24T20:13:30-08:00,Merge pull request #630 from untitaker/doc_fix_appctx,0,3,2
17fc38c397aeea01165275f6811e34989f2ff00d,Kenneth Reitz,2013-01-24T20:21:31-08:00,Merge pull request #617 from tony/jquery-example-iteration1,0,17,5
3fdcefbcda47c1ad7fd3432d0643d127cd2918d4,Kenneth Reitz,2013-01-24T20:22:02-08:00,Merge pull request #625 from soulseekah/master,0,9,2
05f162329d425a3037c10cebfcdf941ce2802ca7,Armin Ronacher,2013-01-27T00:38:25+00:00,Added celery pattern,2,93,0
3b393f89f66733f7824a50b33b93eae9999812ad,Armin Ronacher,2013-01-27T00:46:19+00:00,"Added template_global, fixes #657",4,74,0
6ab569b0e3791cf04db7c333bbf5b78d33255dad,Armin Ronacher,2013-01-27T00:56:01+00:00,Added note on teardown in debug mode.  Fixes #661,1,7,0
6bd0080575a3413e349a20a658cc720809782238,Armin Ronacher,2013-01-28T15:08:54+00:00,Added workaround for Chrome cookies,2,9,1
bfeee756967ba1f6a74a6f2f4c3c617b4c0c4245,Armin Ronacher,2013-01-29T19:31:45+00:00,Changed session cookie defaults to work better with google chrome,3,28,0
a754d28302b64dc9d86a5454b15d174b0115fa21,lambdadi,2013-02-11T18:55:24+05:30,Database improperly closed in example code,1,1,1
c999c179a25998bfd52db359b243a07fdb8584c1,Devon Mizelle,2013-02-17T11:04:20-05:00,fixes #677 - mistype in docs/quickstart,1,1,1
a92588f161221dc1428eb3bc701ca79eb2a3ca11,Alex Couper,2013-02-22T11:15:40+00:00,Add closing html tag,1,9,8
cc8a85d7539bf7f1a6a0affd55f338e46af0d1c1,Alex Couper,2013-02-22T11:21:17+00:00,Move docs explaining instantiating Flask,1,8,9
8ee01ad5ed7296bb1030f3412c866b6fb39a92ad,Alex Couper,2013-02-22T15:33:20+00:00,Put the link to Flask class docs at the end.,1,3,3
1be13297c1518d01fb09bd65f7bfb6ca7449c424,Alex Couper,2013-02-22T15:34:16+00:00,Remove comma.,1,1,1
b2aae044ca9c9875c594d57a3bd92bd80d8d56ff,Paulo Poiati,2013-02-27T23:46:17-03:00,Flash messages signals,4,32,1
cc5d6134c76d92134bc555706ca2d02af11e1d35,OrangeTux,2013-02-28T11:12:16+01:00,Update css.rst,1,4,4
8a968a9378b4db323af71683ccd09b810afc2bbb,Kenneth Reitz,2013-03-06T09:49:23-08:00,Merge pull request #689 from OrangeTux/patch-2,0,4,4
aa83d9132fde44d4fda5b34bea1f0872780746aa,Kenneth Reitz,2013-03-06T09:52:47-08:00,Merge pull request #683 from alexcouper/master,0,17,17
b9118ca0ccc5eb420570907a0ddcbc7cbd059b0f,Kenneth Reitz,2013-03-06T09:53:36-08:00,Merge pull request #681 from dmizelle/docs-quickstart,0,1,1
8a6cba9e63567556468676b556fba43da6cba3f2,Michael N. Gagnon,2013-03-15T07:31:00-07:00,fix typo in quickstart guide,1,1,1
9d8674d5b64db6ceab2bf331776a8900b8a9a636,Markus Unterwaditzer,2013-03-16T11:13:07+01:00,Added more information about app factories.,1,18,0
ac9d8b09a5f8d3d4580cd432ab05eab2cf2529c7,Armin Ronacher,2013-03-21T13:57:29-07:00,Merge pull request #693 from untitaker/factory_docs,0,18,0
0a29c295cd1a5bf87b269a150e9889c4590ea70e,Armin Ronacher,2013-03-21T13:57:47-07:00,Merge pull request #692 from mikegagnon/patch-1,0,1,1
5997890c6996a5eaebc14fff5642ae55acf30cd4,Armin Ronacher,2013-03-21T13:58:52-07:00,Merge pull request #687 from poiati/flash-signal,0,32,1
4366bb392a5d41373d0a87c98a75eed59ceffd60,Armin Ronacher,2013-03-21T21:04:06+00:00,Documented new signal message_flashed,3,27,0
78ae0ec7f8d436df789d98c64e3579a196f52ada,Tomasz Kalkosiński,2013-03-25T12:29:28+01:00,Add import to jsonify example.,1,2,0
1723990aee6ef4587d851081c36b824418549266,=,2013-03-26T21:23:55+00:00,Fixed a few typos on quickstart,1,7,7
0a5d62f9ee44ccf6fed1584ef68b0c4c7d728b11,Ed Burnett,2013-03-26T16:56:05-07:00,Updated jquery.rst with the current Google Developer hosted libraries URL and jquery version,1,2,2
02150c0f2bf62fb980467e53f4f608d11f332f07,Ed Burnett,2013-03-26T16:57:16-07:00,Added self to AUTHORS file,1,1,0
84958e57290f6d65203b9e6529efc3dfe9024caf,Kenneth Reitz,2013-03-31T20:05:02-07:00,Merge pull request #700 from SpOOnman/master,0,2,0
6309987dca72ebe62539ce7b851a072f4e4e9173,Kenneth Reitz,2013-03-31T20:05:57-07:00,Merge pull request #701 from bruston/quickstart-typod,0,7,7
b9355a7d5f79cfa06324a72cbaef4b9ec7a299d3,Steve Leonard,2013-04-04T06:56:24-03:00,Mention register_error_handler in errorhandler doc,1,5,0
f74f446961f9fd8ecb2edffca53b82016cc41343,Trey Long,2013-04-04T12:31:42-03:00,fixing process_response,1,1,1
8ca7fc47d0c9036f12ca628aabccb44a8dc3858d,Alexander Thaller,2013-04-05T13:48:08+03:00,Update README,1,1,6
0faed95385d731babac7d46a28e90ee25e702abd,Armin Ronacher,2013-03-21T21:04:06+00:00,Documented new signal message_flashed,3,27,0
d1bf82b0f4b180ac7523a7b7e63e7246039d4e71,Jason Moon,2013-04-14T00:10:38-07:00,Fixed typo in URL Processor documentation,1,1,1
1358fd9f3e0d1cdfa2a948a1176b276188ea959e,Cenk Altı,2013-04-24T09:42:52+03:00,Syntax highlighting for PyPI long description,1,2,2
a9b22af9bc77fb89047faa45090dc39631c2d0d5,Akshar Raaj,2013-05-03T17:41:43+05:30,Fixed documentation in 'Design Decisions in Flask',1,1,1
9abe26c14c7f9138a6b3c7b2d39c9d733749bb7e,Kenneth Reitz,2013-05-03T10:11:18-07:00,Merge pull request #723 from akshar-raaj/fix_docs_design,0,1,1
34433cfd982809af41950629f6c4b846b440fb2f,Kenneth Reitz,2013-05-03T10:11:40-07:00,Merge pull request #719 from cenkalti/master,0,2,2
1441e02256a169ded5e1bdeaa304b279de98d53a,Kenneth Reitz,2013-05-03T10:12:00-07:00,Merge pull request #714 from jsnmoon/master,0,1,1
097353695e3178a38403b204ae4889c8a32bf997,Armin Ronacher,2013-05-14T11:00:04+01:00,Added flask.copy_current_request_context which simplies working with greenlets,7,272,114
30d9efb24a951515fa422a21b84a04f5d333167b,Armin Ronacher,2013-05-14T11:00:45+01:00,Merge branch 'master' of github.com:mitsuhiko/flask,0,13,11
833198c91be327d23210115b15b5f6ce26bda91d,Armin Ronacher,2013-05-14T11:23:31+01:00,Added a missing comma,1,1,1
6a8acc115e312e1e23e70b66d493b4cdc00d1133,Armin Ronacher,2013-05-14T03:25:33-07:00,Merge pull request #709 from halexus/patch-1,0,1,6
ef62e8440e050bb8791505f66cf48f1b756571b1,Armin Ronacher,2013-05-14T03:25:49-07:00,Merge pull request #702 from edburnett/master,0,3,2
2ba37d2b85ac2c6cacb62055162e2e7b5e9cc55e,Armin Ronacher,2013-05-14T11:33:13+01:00,Fixed some rst markup problems,1,5,5
38eed272f955ccbe5eba29aa5b88357cf09e5aa4,Armin Ronacher,2013-05-14T11:33:18+01:00,Merge branch 'master' of github.com:mitsuhiko/flask,0,4,8
18673ba370e6744049aa2622b5973506d80659e0,Armin Ronacher,2013-05-14T11:33:36+01:00,Added uuid support for new session serialization and documented it,3,21,0
c349c91affd1d2123f50ab7a3d8c571da489338e,Armin Ronacher,2013-05-14T11:35:45+01:00,Added support for UUID objects to JSON serializer as well,1,6,3
335e0af73114a74cbe040be7a618720ec4e3b884,Armin Ronacher,2013-05-14T03:36:29-07:00,Merge pull request #708 from xealot/master,0,1,1
7265bb7fa0dd5f489e325deb1c14f17fac77e590,Armin Ronacher,2013-05-14T03:49:50-07:00,Merge pull request #676 from lambdadi/master,0,1,1
574a97cd701df65ef1b4aff3f3e0549d69ce5419,Armin Ronacher,2013-05-14T11:51:38+01:00,Disabled memory tests by default,2,7,3
1c2dddb35549d0ec24c606f29d7055f7b44ad9a3,Armin Ronacher,2013-05-14T11:51:46+01:00,Merge branch 'master' of github.com:mitsuhiko/flask,0,1,1
b89af66346538764bf506571ac8a7bfaf5d31083,Armin Ronacher,2013-05-14T14:05:34+01:00,"Revert ""update README to markdown""",2,55,56
521398d5e79b4a2b910815a2870d39d8182a6cc2,Armin Ronacher,2013-05-14T14:06:11+01:00,Added missing newlines to readme,1,4,0
6caaa8a527134dc9aff6d5c442969e96f9c00f21,Thomas Waldmann,2013-05-18T16:24:40+02:00,automated change using python-modernize: use 'as' in except,12,32,32
b52b7b1f9322e7ab3e69a387dbfe9fe14de4c401,Thomas Waldmann,2013-05-18T16:31:40+02:00,automated change using python-modernize: replace execfile,1,1,1
b8b769ad41edeb2320774d88502dd998df272397,Thomas Waldmann,2013-05-18T16:39:39+02:00,automated change using python-modernize: fix methodattrs,1,1,1
40fad2ece80e8bf6784e137028645fa66a3cd9c2,Thomas Waldmann,2013-05-18T17:06:25+02:00,"document python 2.6 minimum requirement, remove all stuff that refers to 2.5",10,8,20
c87735ff1bc30ed8c9e80d385ddb69ad5f4f4a12,Daniel Neuhäuser,2013-05-18T08:18:05-07:00,Merge pull request #731 from ThomasWaldmann/docs,0,8,20
bbdfc839029889af7477b6dbbe8dc4c230ba6f73,Daniel Neuhäuser,2013-05-18T08:24:00-07:00,Merge pull request #732 from ThomasWaldmann/exceptions_as,0,32,32
26a9e907343389bf5c752615e0c99e5ec8a8833e,Daniel Neuhäuser,2013-05-18T08:24:45-07:00,Merge pull request #734 from ThomasWaldmann/methodattrs,0,1,1
05923f7f2f9681c8d90def3a64ea71652c15935c,Daniel Neuhäuser,2013-05-18T17:32:38+02:00,Merge branch 'exec' of github.com:ThomasWaldmann/flask into sprint-branch,0,1,1
1b753cb1b1764de5bf3afe1f96032362208febc6,Thomas Waldmann,2013-05-18T17:47:40+02:00,"require 'six' in setup.py, add flask._compat for stuff not yet in 'six'",2,14,0
cfbfff2d2692a94bdb29133c2e7bb6b792cb337d,Thomas Waldmann,2013-05-18T17:57:43+02:00,python-modernize automated changes: misc. minor stuff,2,3,2
0f8c47c988fbecc30785959065a53e00861c8558,Thomas Waldmann,2013-05-18T18:00:15+02:00,python-modernize automated changes: fix_dict,2,5,3
dcd052366b43df7bfe730c2e991ff37c617ba52b,Thomas Waldmann,2013-05-18T18:03:37+02:00,python-modernize automated changes: fix_next,3,5,3
522cd0009367d1f775b0e978681426773f51ce14,Thomas Waldmann,2013-05-18T18:12:30+02:00,python-modernize automated changes: fix_unicode (but without six.u()),6,13,9
323a840c5ab39e1df889d93ad0da28c5bd553c57,Daniel Neuhäuser,2013-05-18T18:27:49+02:00,Add tox.ini,1,5,0
aba1d3a5074953702f1ddc9fe623d2a724dd6570,Daniel Neuhäuser,2013-05-18T18:28:59+02:00,Test on 3.3 on travis,1,1,0
287905e67c2f22df3c3055a0cca025931726cd02,Thomas Waldmann,2013-05-18T18:39:10+02:00,py3 compat: use six.reload_module,1,2,2
8494574fdfa748a299e39339327327d09dbaf16a,Daniel Neuhäuser,2013-05-18T18:54:45+02:00,Merge branch 'six' of github.com:ThomasWaldmann/flask into ThomasWaldmann-six,0,42,19
c618db92d6059ab1262ea2450b0f81a94cdad901,Daniel Neuhäuser,2013-05-18T18:55:36+02:00,reload_module is in six.moves,1,1,1
506db0eab2bf9e514177d8b46e2708f10601cf36,Daniel Neuhäuser,2013-05-18T19:00:06+02:00,Use print_function,1,4,3
ceb7c7f7717c13cdb9c6d2eccb135a9edc71eef7,Daniel Neuhäuser,2013-05-18T19:05:10+02:00,Don't notify IRC for this branch,1,0,6
81c9b3570b70c092a2428fe9f21fb897ea5486b1,Armin Ronacher,2013-05-20T09:44:05+01:00,Removed 2.5 from travis,1,0,1
aecc41deb8d5cb8a1505be52648c78432e9238ae,Armin Ronacher,2013-05-20T09:47:07+01:00,Restore 2.5 support for the time being,2,3,0
a503520ac51d16558ce91f7d7fc9d30a910d928c,Thomas Waldmann,2013-05-21T23:34:25+02:00,copy _compat.py from flask in here (and adapt docstring),1,100,4
e1d356fb713f3272db2a23f9f898c34c5dc79dc0,Thomas Waldmann,2013-05-22T01:33:04+02:00,ported some more stuff to py 3.3,24,36,87
da5edad23a13336d218ee08f9b8843f611aded07,Daniel Neuhäuser,2013-05-22T16:19:57+02:00,Use werkzeug@sprint-branch in tox,1,1,0
ee013e01b0f0007e4908458fbb8e60944c40a6b7,Daniel Neuhäuser,2013-05-22T07:20:41-07:00,Merge pull request #736 from ThomasWaldmann/sprint-branch,0,136,91
884aad8ecebe309d3b17502ecaa64008d2b461e4,Daniel Neuhäuser,2013-05-22T16:33:05+02:00,Test using itsdangerous with 3.x support,1,1,0
3f51a09db4673c45f19cf1dcdbe04212ac7de890,Daniel Neuhäuser,2013-05-22T16:33:50+02:00,itsdangerous uses json instead of simplejson now,1,1,1
05f66ad73543db207791ea5d6a2de2e8eaaf1640,Markus Unterwaditzer,2013-05-22T17:05:48+02:00,Fix some literals,9,125,126
97815b999e831205b90018e81569b55ef8fd0043,Daniel Neuhäuser,2013-05-22T08:11:46-07:00,Merge pull request #737 from untitaker/sprint-branch,0,125,126
5b89355b1c9771431fb8a011094591ad43461b0a,Daniel Neuhäuser,2013-05-22T17:14:07+02:00,Response data is bytes,6,41,41
239780be289efd365c07be2f60bab9223388399e,Daniel Neuhäuser,2013-05-22T17:23:38+02:00,Use assert_true instead of assert_,12,147,144
8e9f0bdedca3edd5ba2e8902f05406acff8b8b44,Daniel Neuhäuser,2013-05-22T17:30:37+02:00,Use assert_equal instead of assertEquals,1,4,4
4d73ef1a194a4280d437db5cbc9ceb8850e99e1f,Daniel Neuhäuser,2013-05-22T19:19:46+02:00,Add missing msg argument to assert_true(),1,2,2
9f8a2075c79fec1b5481f5a5a95bb23b40bf68f2,Daniel Neuhäuser,2013-05-22T20:12:50+02:00,Use assert_in where appropriate,9,82,76
62e7275bdf2bce19eb9fcfd31780e9314f96f092,Daniel Neuhäuser,2013-05-22T20:17:29+02:00,Use assert_false where appropriate,5,15,12
8f73c552a96cc54e6abefcfc0c4e9d4cdd7dc040,Daniel Neuhäuser,2013-05-22T20:53:32+02:00,"Add missing assertIn, assertNotIn methods on 2.6",1,7,0
3f80b0fd6c054d924c41a3c91152ec1984d8c28c,Daniel Neuhäuser,2013-05-22T21:03:01+02:00,module name is quoted in ImportErrors on 3.x,1,6,1
4bea6bbe6d2200dfdbcca3dfc2fe561488c82a8e,Daniel Neuhäuser,2013-05-22T21:07:53+02:00,Make DebugFilesKeyError.__str__ return str on 3.x,1,3,1
3d36d6efb9371be92f6f22c844ed6a17c87f4a88,Markus Unterwaditzer,2013-05-22T21:09:32+02:00,Fix leak in leak detection code,1,4,1
d395d3684a6b9243ffd9091ea9b28275d90aeb91,Daniel Neuhäuser,2013-05-22T12:16:25-07:00,Merge pull request #739 from untitaker/sprint-branch,0,4,1
135c53a5f2f990512d2be348dc16ef719233a314,Daniel Neuhäuser,2013-05-22T21:30:45+02:00,Fix .iteritems() access in flask.sessions,1,5,5
a0801719f8f24a0e3192eca203bbd341c4e557ec,Daniel Neuhäuser,2013-05-22T21:40:30+02:00,Remove six dependency,9,21,21
43b6d0a6d062ace75cc2b0f7200b770eac23edcd,Daniel Neuhäuser,2013-05-22T22:49:25+02:00,Ensure that config file is closed immediately,1,2,1
79ec3d81c1c0e4db7eb800e69f2c7aab3d8d02b3,Daniel Neuhäuser,2013-05-22T22:58:12+02:00,Prevent UnboundLocalError in test_build_error_handler,1,2,2
eb023bcfad7741248705f6715055ffe46928b7fe,Armin Ronacher,2013-05-23T13:46:51+01:00,Support old and new name for json,1,5,2
4c27f7a8c4bbe6621681178be716e6270067a3ad,Armin Ronacher,2013-05-23T13:59:10+01:00,Removed incorrect JSON exception subclasses,4,11,73
16df96c552fc9b842c6245960b811481d499ab91,Armin Ronacher,2013-05-23T14:01:33+01:00,Merge branch 'master' into sprint-branch,0,17,74
85ba8c96e9371368cff772e4e270cf685d015e03,Armin Ronacher,2013-05-23T14:07:25+01:00,Fixed a broken test,1,2,1
22816b1d3d6db4dbcecf8c07c8e54a0ad2a8d28b,Armin Ronacher,2013-05-23T14:09:22+01:00,Removed 2.5 support in master,1,0,3
df5890ad715e35b58b7a00d202cb7145fee8418d,Armin Ronacher,2013-05-23T14:15:27+01:00,Change travis test command,1,1,1
250247d96c84b3bb3e45af5b8c1411aca2b35287,Armin Ronacher,2013-05-23T14:17:51+01:00,Added install section,1,2,0
12c08c03fb9e58d83094021a559329a7985e93c6,Tobias Bieniek,2013-05-25T09:10:41+03:00,Fixed typo in app.blueprints docstring,1,1,1
8bb972e5ae647650457bc4e94ff51cb5e34951dd,Thomas Waldmann,2013-05-25T19:13:48+02:00,"fix minitwit/flaskr test errors, improve docs about file open mode",8,42,40
ffbcad1e46ff88981e9f787f29234de49d31a54f,Daniel Neuhäuser,2013-05-25T10:35:08-07:00,Merge pull request #742 from ThomasWaldmann/sprint-branch,0,42,40
da10fb41b73c9b304d4d10f5ad44f12b3adc6a96,Daniel Neuhäuser,2013-05-25T10:36:10-07:00,Merge pull request #741 from Turbo87/patch-1,0,1,1
af5576a6c50ec849a824c1ace15f187d378db771,Thomas Waldmann,2013-05-25T19:46:26+02:00,fix iterator in testsuite helpers,1,3,2
3c5d7bab26cf63b677b23ad9f4620e3bb6bfc706,Daniel Neuhäuser,2013-05-25T10:49:25-07:00,Merge pull request #743 from ThomasWaldmann/sprint-branch,0,3,2
83f76585725fd380b61f35576bb1c307fe2a1a5e,Thomas Waldmann,2013-05-25T20:19:17+02:00,fix metaclass usage for py3,1,2,3
96b8ffbb29eaba834a30352554e42cf2406c7e06,Thomas Waldmann,2013-05-25T20:24:14+02:00,always import from ._compat,6,6,6
1fe20d32087cb3e0ae1139b7fca1545db64b8cff,Daniel Neuhäuser,2013-05-25T11:28:16-07:00,Merge pull request #744 from ThomasWaldmann/sprint-branch,0,8,9
f9e9e774646ff7cbd2df6386c7055760936a9fcd,Thomas Waldmann,2013-05-25T20:58:12+02:00,fix data types in after_request test,1,2,2
4baeac07d97b73c1c7ca14c9d5ca7ff35d583165,Daniel Neuhäuser,2013-05-25T12:01:49-07:00,Merge pull request #745 from ThomasWaldmann/sprint-branch,0,2,2
13cc69911c6b5c742489ffe6e8c6458dec32e230,Thomas Waldmann,2013-05-25T22:01:14+02:00,fix typos,5,10,10
f4f4c3555fe2056fb69cc17587076705d07cdf0e,Thomas Waldmann,2013-05-25T22:04:37+02:00,Merge branch 'sprint-branch' of https://github.com/mitsuhiko/flask into sprint-branch,0,0,0
77753e9b73a8ed8f908e2877455f629ea6e7a6a4,Daniel Neuhäuser,2013-05-25T13:06:43-07:00,Merge pull request #746 from ThomasWaldmann/sprint-branch,0,10,10
bb2e20f53fd66981190658a58e206a3f8aa4f3e3,Daniel Neuhäuser,2013-05-26T15:37:52+02:00,Depends on itsdangerous>=0.12 now,2,1,2
0f5d8c258ce2822caa0b183632d691d5c1652eb0,Thomas Waldmann,2013-05-26T19:15:53+02:00,Merge branch 'sprint-branch' of https://github.com/mitsuhiko/flask into sprint-branch,0,1,2
ac04bc78361d5562f8289e8efe16a2e9a97b0d01,Thomas Waldmann,2013-05-26T20:33:22+02:00,replace 1/0 by 1 // 0 to get rid of DeprecationWarning (and PEP8 issue),6,13,13
915d7180fcd0defd23384e30b630e2cb31a39222,Daniel Neuhäuser,2013-05-26T11:41:28-07:00,Merge pull request #747 from ThomasWaldmann/sprint-branch,0,13,13
404265110ab52ffd2a5d4991f115913aacba94a3,Daniel Neuhäuser,2013-05-26T21:46:22+02:00,Always return a list from get_flashed_messages,1,1,1
775c76ac5c4365deb31061d0a8ef942d0585f81d,Armin Ronacher,2013-05-30T12:48:04+01:00,Enabled test mode for an app,1,1,0
ffd9296507db6bfad1339b75c0ccdc7fa030cb67,Armin Ronacher,2013-05-30T12:51:12+01:00,Close request objects if they support closing.,1,3,0
47572c5b4006c54f0991587d5c07d599d0ad3325,Armin Ronacher,2013-05-30T14:24:29+01:00,Set the content length automatically before calling wrap_file,2,2,0
eb622fb34f0b2433b21b6b5454273a597b77a6d4,Armin Ronacher,2013-05-30T14:31:36+01:00,Fixed a whole bunch of resource warnings in the flask testsuite,3,22,0
8aaf3025864acbb803b652495d282bc5aa7a8128,Armin Ronacher,2013-05-30T14:35:23+01:00,Disable direct passthrough for accessing the data attribute on newer Werkzeugs,1,2,0
51042f4c9f2c68a63ad5b8ee3000a52518a4b87b,Thomas Waldmann,2013-05-30T16:00:43+02:00,fix issues in test_context_refcounts that were unnoticed yet as they did not make the test fail,1,2,1
bbfef4c406506d89c662038c11c6c67bc97b67e3,Thomas Waldmann,2013-05-30T16:02:28+02:00,flask view function may return bytes/str/unicode,1,1,1
abc1505196ba3bc9517ec142ced7c1204c3ac21b,Armin Ronacher,2013-05-30T15:07:18+01:00,Fixed various issues on the Python 3 port,3,36,10
7f35fc293559e5c809de78909872896236100189,Armin Ronacher,2013-05-30T07:08:17-07:00,Merge pull request #751 from ThomasWaldmann/sprint-branch,0,3,2
9ae8487330e0dc3a8d169d89cadf85fb11ded1ea,Armin Ronacher,2013-05-30T16:16:39+01:00,Fixed a broekn testcase,1,1,1
90e3906d02780c47e813649b1e282bfd279d7cb1,Armin Ronacher,2013-05-30T17:58:27+01:00,Fixed some test failures,3,7,2
f1918093ac70d589a4d67af0d77140734c06c13d,Armin Ronacher,2013-05-30T18:15:17+01:00,Changed teardown error handling to be more reliable.,3,30,6
e07dcb5562c336975e31ce014aa33d2ab1f5ac98,Armin Ronacher,2013-05-30T18:17:04+01:00,Adjusted a testcase for Python 3,1,3,0
b8aa9fed9a6837d29c472c642539dcf3496479ab,Armin Ronacher,2013-05-30T18:19:01+01:00,Added tox-test command,1,4,1
29e63e01abade576727af2ea76e133167fb2cd69,Armin Ronacher,2013-05-30T21:39:06+01:00,Merge branch 'sprint-branch',0,733,550
da747738e8f4a3baa34ea4c074ec81f6874b5235,Armin Ronacher,2013-05-30T21:39:22+01:00,Merge branch 'master' of github.com:mitsuhiko/flask,0,1,1
6bd5dfad0c24d1a1077e7b1e00ffd6d64ba07a31,Armin Ronacher,2013-05-30T21:39:54+01:00,Test Flask against werkzeug master,1,1,1
e9fa24cfa367754c4435224cb9840f0a84a5faec,Armin Ronacher,2013-05-31T00:56:09+01:00,Make travis install development werkzeug,1,3,1
1c8c21abd529249db567b701400cf764555941b5,Armin Ronacher,2013-05-31T00:59:54+01:00,Let travis notify the #pocoo irc channel,1,7,3
3d9055b3b73b1d09f933bfd070f704e9e8bdff2a,Armin Ronacher,2013-06-01T00:20:00+01:00,Added the JSONIFY_PRETTYPRINT_REGULAR config variable.  This fixes #725,4,18,3
77d293cf49e586f03fbea96d0bae237bc7ed230f,Armin Ronacher,2013-06-01T19:24:03+01:00,Order JSON keys by default to avoid trashing HTTP caches,5,57,1
c629f69e698fd815969e91e5c8c59323c61a256c,Armin Ronacher,2013-06-02T11:54:22+01:00,Make the JSON module work better in the absence of an application context,1,5,1
0190b770a1e3339c2cd96e6a44f44083aeeebb54,Armin Ronacher,2013-06-02T17:23:53+01:00,Removed a bunch of code from _compat,3,8,43
6dfe9332606a497a1931f9cad4a150f2866e3cda,Armin Ronacher,2013-06-02T17:25:04+01:00,Removed an unnecessary as statement,1,1,1
1b40b3b573f5d98cf9fbc453305cd535c0b2578d,Armin Ronacher,2013-06-02T21:47:28+01:00,Fixed request context preservation and teardown handler interaction.,4,59,1
56d3b74488346a03b74fb4a9fd633cc5f79191d8,Armin Ronacher,2013-06-02T23:24:28+01:00,Added a test for non-ascii routing,1,12,0
ef72b78042d7feffc864e7f2da3f62835fc63ee8,Armin Ronacher,2013-06-03T12:25:08+01:00,Imply the |safe on tojson in templates and change escaping logic,7,46,31
fd99abea57cfa3e72aee2116c58f962ec155a29c,Armin Ronacher,2013-06-05T09:47:31+01:00,Fixed too strict tests for cookie setting that broke on werkzeug changes,1,2,2
0676bb8ab54a575616cd65d3c2ef1cc31fb82a84,Armin Ronacher,2013-06-05T09:53:26+01:00,Added appcontext_pushed and appcontext_popped signals,7,87,2
1f6be7ff63048cdf8dfc979b39d068bca7d5584b,Armin Ronacher,2013-06-05T09:58:28+01:00,Added example on faking resources and context,1,48,0
93073489a0321225090bb21548521c2047219937,Armin Ronacher,2013-06-05T10:02:33+01:00,Documented changes on the g object some more,3,24,1
05479eb95424ca6bd2b88b9895858b19ea58af7d,Armin Ronacher,2013-06-05T10:35:41+01:00,Some reindentation cleanup,1,3,3
62dbe0e1ca8b0fc4a0d5384948db6112cfaf91d2,Armin Ronacher,2013-06-07T00:46:30+01:00,The default run method is now accepting the port from the SERVER_NAME.,2,13,2
94c6ae51d70156bc23a400635d60ae3b99df3e73,Armin Ronacher,2013-06-07T00:56:21+01:00,Some small cleanup,1,2,2
681cb8f366d8253360805ba58321871bfe3fc959,Armin Ronacher,2013-06-07T15:42:49+01:00,Switch to teardown_appcontext for docs in sqlalchemy pattern,1,6,4
e17024e85a30eefa2f491f980c954224f7544867,Armin Ronacher,2013-06-08T12:57:15+01:00,Added a testcase for some more routing things between blueprints.,1,19,0
5f648a8eb801e4ee6038a87cec11b416e0763a61,Armin Ronacher,2013-06-09T01:30:15+01:00,Added Persona example,6,198,0
23d8d66256dcf2eddd3531858ff1580e95ce2d44,Armin Ronacher,2013-06-09T01:39:51+01:00,Added site name to persona login,2,4,2
efd6e468aefbf977704aa9aff52e84686c00958b,Armin Ronacher,2013-06-09T11:46:43+01:00,Removed view_func from route documentaiton.,1,0,2
c889fbc231af08a0cd28a9694b60ffde9e1ff650,Armin Ronacher,2013-06-09T12:06:33+01:00,Changed interface for `flask.g`,4,29,19
e2d4aa12070e5a039a43f39272db3928951794e4,Armin Ronacher,2013-06-09T12:23:14+01:00,Added a missing note to the docs,1,3,0
29bda590b240d39eaec1e8812467fe7321b6b967,Armin Ronacher,2013-06-09T12:30:27+01:00,Modernized docs in a few places,3,29,18
2c9c269284aa0738d917af8f60e4552a3100d898,Armin Ronacher,2013-06-09T12:32:12+01:00,Fixed a broken reference,1,1,1
0ac95821135c84b7375f3eab3088f180a9aefca8,Armin Ronacher,2013-06-09T12:42:24+01:00,Added notes on Python 3,4,64,9
f9846b905528fe9f6eecca86faf47d3a775f1b3b,Armin Ronacher,2013-06-09T12:46:01+01:00,Added requirements for Python 3,1,9,0
fc2225b46361515d2b1a7ef75a41f16e68f20577,Armin Ronacher,2013-06-09T12:47:01+01:00,Fixed a broken link in the docs,1,1,1
f9f8180f15005eca9db4af23f0abe48c56458efc,Armin Ronacher,2013-06-09T17:26:10+01:00,Added documentation on API error handlers,2,64,0
335cbe01ce2deb8c0ded026e9f1d0b9eb0bbd633,Armin Ronacher,2013-06-11T20:18:26+01:00,Fixed a typo,1,1,1
6565bd848e68097fd827040af6c9e712f759d07b,Mark Steve Samson,2013-06-12T22:04:49+08:00,Fix typo,1,1,1
964174931d29370c286d13ccc44689ae0fb4dff5,Armin Ronacher,2013-06-12T16:27:48+01:00,Added request.get_json().,3,64,16
c7a683d2fdb9ee7bd66347ce1cd5a7b7cadc9756,Daniel Neuhäuser,2013-06-12T10:57:01-07:00,Merge pull request #764 from marksteve/docs,0,1,1
27405956242fa399e0844130f09482b5033e3dcc,Armin Ronacher,2013-06-13T09:00:24+01:00,Changed build matrix for travis,3,17,1
43625defefc63b7320555dc7179aae3b0aa7104f,Armin Ronacher,2013-06-13T09:00:47+01:00,Merge branch 'master' of github.com:mitsuhiko/flask,0,1,1
8149509f3dbfd8ce12588162a6f2109de89c21a7,Armin Ronacher,2013-06-13T09:05:31+01:00,Fixed incorrect version definitions in travis,1,4,4
bc5e212e09c71cf58c8a6bab3a0985fbec28cb39,Armin Ronacher,2013-06-13T09:11:37+01:00,Added release requirements,2,4,1
d9ebac10bbc04fe48b76d1b5c7b27407ac8ebf38,Armin Ronacher,2013-06-13T09:30:39+01:00,Flask should now work with release requirements on 3.3,1,1,3
3061ab5b7ebbf7faee416e6279a3238cdfbb1669,Armin Ronacher,2013-06-13T09:35:23+01:00,"Release date is today, codename is Limoncello",1,1,1
3b9574fec988fca790ffe78b64ef30b22dd3386a,Armin Ronacher,2013-06-13T09:35:35+01:00,Bump version number to 0.10,2,2,2
ac187bded7339dbf88baa2c6c7d8adddef657cac,Armin Ronacher,2013-06-13T09:36:03+01:00,This is 0.11-dev,2,2,2
ec5291e46dde7f697fca810ebf137e4e320b0b25,Armin Ronacher,2013-06-13T09:37:09+01:00,Fixed invalid reference,1,1,1
41171d11ae37c4dfae79f17e1477b7bf8bdc034a,Daniel Neuhäuser,2013-06-13T22:16:14+02:00,Add Python 3.3 classifier,1,1,0
0780fc404d8caab2a03e4ab0537d169477b4390d,Daniel Neuhäuser,2013-06-13T22:16:53+02:00,Add myself to AUTHORS,1,1,0
5886925ff34db3d9e913a4bc44891876a7fe65d5,Armin Ronacher,2013-06-13T23:36:50+01:00,Started 0.10 maintenance branch for a bugfix release,3,7,2
06872b5c72fd2391d48aa1d9b6fdb9cefed4e82e,Armin Ronacher,2013-06-13T23:37:25+01:00,Merge branch '0.10-maintenance',0,5,0
d34dde72e969919e720ffc66f73577bf6cd37ac7,Armin Ronacher,2013-06-13T23:38:20+01:00,Merge branch 'master' of github.com:mitsuhiko/flask,0,2,0
2713ea98cb0fc22952ba6ddf88209da1a2efa270,Armin Ronacher,2013-06-13T23:46:20+01:00,Use same version specifications as in Werkzeug,1,1,2
89731d86b6d2d6c3295f79ca3a504fc6c2762634,Armin Ronacher,2013-06-13T23:46:39+01:00,Merge branch '0.10-maintenance',0,1,3
c502dfbbfbee49c15ce4a57f7d417b71a73a10b6,Armin Ronacher,2013-06-14T00:05:09+01:00,Changed |tojson filter to quote single attributes,3,28,2
63d9ede451cdb7c92ad7451ad4f85c3be1bf306c,Armin Ronacher,2013-06-14T00:05:55+01:00,Merge branch '0.10-maintenance',0,28,2
58ad83f37c8f643d6b573ebbedf03a1fc3677c51,Armin Ronacher,2013-06-14T00:24:17+01:00,Added support for bytes in sessions back,3,11,0
c9337c044c9ba3bb7f92a14a0bc469c303865a62,Armin Ronacher,2013-06-14T00:24:27+01:00,Merge branch '0.10-maintenance',0,11,0
44e39ab0713566bd91363f19ed09921df5db0196,Serge S. Koval,2013-06-14T10:28:37+03:00,Fixed class-based views support,2,30,1
72bbeaf056ed7ee1adbadc4eeb2dfdddb705fa8c,Armin Ronacher,2013-06-14T09:41:20+01:00,Added changelog entry for the method registering fix,1,2,0
e562acf029faf2052ee57c13e7144ef3522198ca,Armin Ronacher,2013-06-14T09:53:40+01:00,Set release date for 0.10.1,1,1,1
298334fffc8288b5a9a45ef4150e3c4292e45318,Armin Ronacher,2013-06-14T09:54:07+01:00,Bump version number to 0.10.1,2,2,2
d94b1bec24f47e5997787f5ee762d8b2566d81b4,Armin Ronacher,2013-06-14T09:54:27+01:00,In case we need a 0.10.2,2,2,2
977e7660accc6b31bdd002b74f0a29b2846c84ba,Armin Ronacher,2013-06-14T09:55:08+01:00,Master is 0.11-dev,2,2,2
dfdcac22927f8027f393e66d78345106cdbbfae5,Armin Ronacher,2013-06-14T10:54:16+01:00,Fixed some embarrassing grammar,1,1,1
582a5c7b89467b91662c9183c1b6d6b9d789e173,Stefano Costa,2013-06-14T16:35:46+03:00,Correct small typo in internal link,1,1,1
dda373823be9bfc69002ca4a01c2397ef5719141,augustusdsouza,2013-06-15T00:01:34+05:30,Fixed a typo,1,1,1
71ec3295098042df92e1a300464e83011024a8c1,Daniel Neuhäuser,2013-06-14T14:17:19-07:00,Merge pull request #770 from augustusdsouza/patch-1,0,1,1
b461c6eec2754401caaee4a9b94306c323582ef5,Armin Ronacher,2013-06-16T03:40:57-07:00,Merge pull request #768 from steko/patch-1,0,1,1
88b74b376e3781ac0204c5a22dcd08279a21722e,Daniel Neuhäuser,2013-06-19T17:24:02+02:00,Don't use werkzeug dev version in tox anymore,1,0,1
ec5b182f15d711aa92fe16480011fbe0fb9d3a63,Karol Kuczmarski,2013-06-22T22:09:30+02:00,Add Flask.config_class feature,3,23,1
a225a304b822da292ed83f4c0ce28234a5d5ec5e,Igor Mozharovsky,2013-06-23T03:36:20+03:00,Fix typo,1,1,1
2132040a5f552f4d9de3c46e4fe7f90433db95b4,Daniel Neuhäuser,2013-06-22T17:54:31-07:00,Merge pull request #776 from seedofjoy/master,0,1,1
f88cc2d2f9d14d97e33ddd2bbaa4b1885db06e1c,Daniel Neuhäuser,2013-06-27T16:49:27+02:00,Fix broken test_appcontext_signals test case,6,17,1
c02c23ee303b9bea99eaf9c512721c28e83cea36,Daniel Neuhäuser,2013-06-27T16:52:34+02:00,Merge branch '0.10-maintenance',0,17,1
a364140bef85f9919fd3831d23ec6983cdf80be5,Daniel Neuhäuser,2013-06-27T17:08:02+02:00,Do not test with blinker dev version,1,3,1
02b2df580aeaebe2e95af2b2c793fad6fc9c1152,Daniel Neuhäuser,2013-06-27T17:08:20+02:00,Merge branch '0.10-maintenance',0,3,1
e2fdf28e97695e9bcc4ea962bfcfefee70510e33,BobStevens,2013-06-27T16:31:04-04:00,word change for clarity,1,1,1
9fe209b497ca6f51ffbb0bfc9d0131240067d807,BobStevens,2013-06-27T16:32:20-04:00,fixed typo,1,1,1
4028e2395c3b559ca65db13fb1407c79ca79a4c7,Martín Gaitán,2013-06-30T13:17:39-03:00,plural,1,1,1
d56d96c8c253a86b5abe20d92584a50017470a06,Daniel Neuhäuser,2013-07-01T06:43:38-07:00,Merge pull request #784 from BobStevens/master,0,2,2
c8961c6dc99ab876279aacb7d48e963363e633e2,Daniel Neuhäuser,2013-07-01T06:44:03-07:00,Merge pull request #786 from mgaitan/patch-1,0,1,1
13b828379385d04d191fd7b8ae99b4353f9cfca4,Daniel Neuhäuser,2013-07-03T12:37:43+02:00,Test blinker development version again,1,1,3
6c8955b5beaf7254c68b4305229b15315c5ca6b7,Daniel Neuhäuser,2013-07-03T12:38:27+02:00,Merge branch '0.10-maintenance',0,1,3
f606a6d6a156fe87bb1c9a5f81675d00a225aa65,Daniel Neuhäuser,2013-07-05T23:18:13+02:00,blinker repository moved to github,1,1,1
06139e7b085e14e3b1801ee1c470d874bb8b0377,Daniel Neuhäuser,2013-07-05T23:18:36+02:00,Merge branch '0.10-maintenance',0,1,1
f632ba25e0406d2f0e374eb2e4637599a18bff77,Chris Rebert,2013-07-22T02:12:17-07:00,api.rst: fix some spelling/typos,1,3,3
ab1be65c88b01f3318e42afd089006d24e083274,Daniel Neuhäuser,2013-07-22T06:43:21-07:00,Merge pull request #799 from cvrebert/patch-1,0,3,3
5ace060e5e68e5b8e176075b205caf25fec0c505,Nick Zaccardi,2013-07-22T09:03:57-05:00,cleared up confusion for from_envvar,1,7,7
e59e00576d68641ad88143598f3d97aa1d12ec1a,Armin Ronacher,2013-07-24T21:48:28+02:00,Fixed a documentation typo,1,1,1
6a621440efb541067e6004f418fc7e6eb8c81f67,Armin Ronacher,2013-07-24T21:48:47+02:00,Merge branch 'master' of github.com:mitsuhiko/flask,0,26,11
73b4a52ca525dc2a671c6966ee3c403d848ba768,Eric Radman,2013-07-26T15:07:40-04:00,"Update example for Apache FCGI config to use worker processes using FastCgiServer, along with some notes about FastCgiExternalServer",1,27,6
c541f7e3eebaaa494c1af3a82b35d0cebdf542b7,Armin Ronacher,2013-07-26T23:44:40+02:00,Fixed a typo,1,1,1
afa33e37ecf1214dbf7d619181791af70e600ef5,Armin Ronacher,2013-07-26T14:47:11-07:00,Merge pull request #800 from nZac/issue#783,0,7,7
fd9bf8f37609f220f4829050eed94df208543c56,Markus Unterwaditzer,2013-07-27T01:20:42+02:00,Fix #782 -- /tmp/ in tutorial,1,6,0
1982c208ceebfd317e30ba16a40402850e97e1c9,Armin Ronacher,2013-07-26T16:28:08-07:00,Merge pull request #808 from untitaker/issue782,0,6,0
b6116c1de3f3556f6ae18d87348355d2545ce314,Robert Picard,2013-07-29T13:42:04-04:00,Remove Werkzeug bug workaround from flask/app.py,1,0,5
da49f7398d80cdd34e7f0bce28ea119a19d8c81d,Armin Ronacher,2013-07-29T13:24:49-07:00,Merge pull request #811 from rpicard/remove_options_workaround,0,0,5
1a66a7e11005b93cb7b288ab5505290b5afa751a,Armin Ronacher,2013-07-30T16:43:41+02:00,Added line for 1.0,1,5,0
d1d835c02302884b2db1cab099b3ea6a84f41d32,Armin Ronacher,2013-07-30T16:43:54+02:00,Added SESSION_REFRESH_EACH_REQUEST config option.,5,96,0
559ae196e72118b65eb0069fa108bb7768a8bfcf,Armin Ronacher,2013-07-30T16:45:23+02:00,Merge branch 'master' of github.com:mitsuhiko/flask,0,6,5
3e4dbf93d9ef2b64d32b291aa6f7620bdbc6576a,Armin Ronacher,2013-07-30T16:56:40+02:00,Fixed a test that broke on 3.x,1,4,4
af5a0853bfe36d547af93b904729a43fcf8cc55d,Markus Unterwaditzer,2013-07-30T22:35:53+02:00,Fix #815,2,10,0
2e17ad7fd42d8575f308af9c17496d38ceb72b5e,Armin Ronacher,2013-07-31T07:44:44-07:00,Merge pull request #816 from untitaker/allowed_methods,0,10,0
159ae3dc26248fa0c65f1990b11363c2cc009f54,Bill Mill,2013-07-31T22:06:15-04:00,"Fix doc bug, clarify use of make_dicts",1,2,2
08931401e8fefa31af2432d27b2346a96ffe8e2c,Armin Ronacher,2013-08-01T01:15:17-07:00,Merge pull request #817 from llimllib/master,0,2,2
5e8dd8b2872584483e7fb7506337a7d940ea8cc0,Chason Chaffin,2013-08-04T01:42:23-07:00,Changed sort_json test to test str sorting,1,32,2
a2bc61b5ab19e899735f8945f68123b4cea570d5,Armin Ronacher,2013-08-04T13:59:22-07:00,Merge pull request #819 from chason/master,0,32,2
9e5ab21c8e503a3e5a29b4ca77fd63663ec6e44a,Kevin Burke,2013-08-04T22:33:17-07:00,app.py: Link to correct EnvironBuilder docs,1,1,1
1b08d527c70b1934b2ec381a8d3d40dc2a4fdac8,Armin Ronacher,2013-08-05T09:08:29+01:00,Merge branch 'master' of github.com:mitsuhiko/flask,0,32,2
b290bf4079bc325d6b13f9043afb17c4aee48df0,Matt Wright,2013-08-07T18:03:37-04:00,Add ability to config from a JSON file,3,50,0
63a126c66a047507f634348688dfcf760b14d5ae,Jamie Grove,2013-08-10T11:35:47-04:00,Update blueprints.rst - Error Handlers,1,15,0
8246ce6a15d31a6d36d673a4f39be548fd5a3262,Jochen Kupperschmidt,2013-08-11T15:59:46+02:00,Fixed tiny but distracting typo.,1,1,1
f3c5bff9901c4513927d4d4a50c0f4b286f25659,Daniel Neuhäuser,2013-08-11T12:40:57-07:00,Merge pull request #831 from homeworkprod/json-docs-typo-fix,0,1,1
94f436013792249a9bb7206c2868d4c6c21fd887,Daniel Neuhäuser,2013-08-13T15:53:58+02:00,Explain is_package AttributeError in find_package,3,23,2
2d8a21c7321a9ead8e27208b49a18f4b8b27e2c1,Daniel Neuhäuser,2013-08-13T15:58:46+02:00,Merge branch '0.10-maintenance',0,23,2
f5d38dc4fcdf1d8edb3e42c67b6e0e1127cd00c7,enkore,2013-08-17T21:32:52+02:00,Update sessions.py,1,1,1
17e5fb365d7bde8fc795311bb37fe6358e258dc5,Maximilian Hils,2013-08-19T10:56:08+02:00,Fix typo in docstring,1,1,1
be73233a553456b0b2e75322ac7c5a341ed9942e,Daniel Neuhäuser,2013-08-20T14:35:01-07:00,Merge pull request #840 from mhils/master,0,1,1
3e90de2e10cfde5803fab87768430cffff7c78a0,Will Bowlin,2013-08-23T00:22:57-05:00,corrected documentation for Request get_json(),1,2,2
9cff681f97849029d9ca0047fc999d899ae2fd53,Adam Obeng,2013-08-24T21:21:18-04:00,Fix typo,1,1,0
29f3a1ac237f75ca9f330a3c285a5a4d12b0dadb,Daniel Neuhäuser,2013-08-25T04:25:50-07:00,Merge pull request #844 from adamobeng/patch-1,0,1,0
42cf782ee36a7cebb4b499a15e344017fede2c38,Armin Ronacher,2013-08-30T19:50:45+06:00,Removed g object from example as it was unused,1,1,1
05161d35844ba7cc1f46c08a51de632b5f3c5269,Armin Ronacher,2013-09-01T01:32:41+06:00,Rewrote tutorial to use the g based appcontext object,7,162,126
51d7c8de7dbd0e7c799750c9ec9866168e3f70db,Armin Ronacher,2013-09-01T01:43:24+06:00,Merge branch 'master' of github.com:mitsuhiko/flask,0,26,4
8f1dada542d9e9cc9af0eada3e99eb7ceda2e873,Armin Ronacher,2013-09-02T04:57:01+06:00,Some cleanups,3,3,4
5207c69064898f513c0b08110514f3fd39e5a4a5,Daniel Neuhäuser,2013-09-03T19:47:00+02:00,Fix #856 ommited typo in quickstart,1,2,2
36d70d8789954e9e3e5512d1df2215119279a7c4,Daniel Neuhäuser,2013-09-03T10:58:04-07:00,Merge pull request #843 from wbowlin/master,0,2,2
12d6ec413083606761264753f6216111ca38db8c,Sean Vieira,2013-09-03T23:36:10-04:00,Fix with block,1,1,1
b03181363bd78ab0934af3badd9b4845e454fbb3,Wouter Van Hemel,2013-09-04T12:15:32+03:00,Add a non-decorator version of the error handler register function,1,11,0
ff59db16bc9b0d278615c479a6160e9fa4f6b5dc,Daniel Neuhäuser,2013-09-04T07:54:42-07:00,Merge pull request #858 from svieira/patch-2,0,1,1
079ae20f24e23ba4ab32faeca88705b247fd3eb2,Wouter Van Hemel,2013-09-06T10:43:02+03:00,Add tests for user-defined exceptions in blueprints,1,33,0
cff35237efea11c4bbc8c2fc75e24cbea30b26ce,Michael Bikovitsky,2013-09-07T18:21:15+03:00,Fix test_no_error_swallowing,1,3,1
b7337080e48990393cf960890504710bc7cbc136,Michael Bikovitsky,2013-09-07T18:29:49+03:00,Fix test_send_file_object,1,1,1
6ebe45b0ad6251fb8f38d9495f4f9354d508c2be,Jet Sun,2013-09-07T17:42:06-07:00,Fix typo.,1,1,1
5d205016040e9a5a5c6c511bb6b48877450e7032,Daniel Neuhäuser,2013-09-08T11:27:27-07:00,Merge pull request #863 from jet-sun/patch-1,0,1,1
bb882454a0c7b161a2ac29126a74b25dc8e12940,Oliver Beattie,2013-09-09T15:13:42+01:00,Make the decorators attribute on View a tuple by default,1,1,1
2a512ab9078ff4842f14c361c2529246bbbc669e,Oliver Beattie,2013-09-09T15:15:47+01:00,Merge branch 'master' of github.com:obeattie/flask,0,1,1
8089eb576915e71e3238147631bb4a261b3366f6,Christopher Su,2013-09-19T23:31:09-07:00,added missing import in sqlalchemy doc,1,1,1
3d67736e090f55fcdc476452ac89a79fdd14cc23,Daniel Richman,2013-08-17T22:40:06+00:00,Check error handlers for specific classes first,3,49,3
231f45b432189500e760a63b41664f5f406793be,dmackinnon,2013-09-25T11:50:02-04:00,Fix typo,1,1,1
475b0c1cd94716efc1bb42ed0a2fd52dd7cf71c1,defuz,2013-09-26T18:46:30+03:00,fix typo (jsonfiy),1,1,1
3e485009a8ca606c742c88c92cfd178547b708cd,defuz,2013-09-30T18:40:35+03:00,add TEMPLATES_AUTO_RELOAD option to config,4,28,0
5ecca4c0dae52c7645f9dbda6cbfc32ec76a3498,Hyunjun Kim,2013-10-02T15:10:27+09:00,Fix a typo on blueprints module name.,1,1,1
f161a71c190da7320d4a6be177c14928961fdf09,Alexey Shamrin,2013-10-03T05:15:27+04:00,quickstart: import `request` in HTTP methods example,1,2,0
fc85bf42ae8fcd6cc76c734d0871bb78ad2a8f06,rsyring,2013-10-11T08:39:46-04:00,"Update appfactories.rst, make extension related section clearer",1,28,10
e31a2a80ec4254e8ac8127558bc29cfd23d05511,John Hobbs,2013-10-11T17:03:54-05:00,Update url_for documentation,1,7,7
b7f21831fa71fa74f1b37ee23f2b7744f886a61f,talam,2013-10-12T18:14:26-04:00,Updated some typos,1,3,3
1df0f2dc1cc227ba005d402dacfd6ee44b97e637,Matt Skone,2013-10-15T09:17:19-07:00,Escaped 'text' keyword in column name.,1,1,1
a7f5d60789bbc360147b85af04e4412865122ccf,Sean Cronin,2013-10-15T12:37:25-04:00,Makes the error names consistent,1,1,1
46b5754d97d11327efac22618ad5994851656937,Adrian,2013-10-15T21:47:42+02:00,Don't refer to flaskext in docs,1,2,2
cab514e9f17e68d66c61739325808dc5ed494e90,Daniel Neuhäuser,2013-10-16T10:06:01-07:00,Merge pull request #886 from talam/patch-1,0,3,3
4212e67d29ae00acb8f46f72212de161777a0d23,Daniel Neuhäuser,2013-10-16T10:08:49-07:00,Merge pull request #890 from seancron/documentation-fix,0,1,1
544118bef94e647258a997ac3b1ae04625164ed7,Daniel Neuhäuser,2013-10-16T10:09:41-07:00,Merge pull request #891 from ThiefMaster/docs-flaskext,0,2,2
a3a2f521f14ba90689efc661afe7a0375409c83e,Daniel Neuhäuser,2013-10-16T20:12:20+02:00,Clear exceptions when pushing a context,4,40,0
b63a9926dd1e771b9a138b6624ca47cf8c1343e2,Daniel Neuhäuser,2013-10-16T20:13:19+02:00,Merge branch '0.10-maintenance',0,40,0
5689ef36398c8f5a85bfe2335875560f6614f3b8,Daniel Neuhäuser,2013-10-22T14:01:33+02:00,Fix typo s/at at/at a/,1,1,1
9cecf0d81c58e5d0727d83e4ee11352997546354,Christopher Su,2013-10-22T11:37:35-07:00,moved Table import to next code block,1,3,1
c021e58775eaf8e2dc7a91c903dc1c95dc18e829,Day Barr,2013-10-25T16:51:29+01:00,Fix typo in docs for error_handler_spec,1,1,1
d14f57d9b8b68056ccd0e92a3fe0138ddcc0f246,Daniel Neuhäuser,2013-10-29T02:35:48-07:00,Merge pull request #895 from daybarr/patch-1,0,1,1
05dbf52fa586ccd86a7d774e918faa5e9ae414a5,d3spis3d,2013-10-30T11:29:18+11:00,URL Reversing in Quickstart #779,1,3,2
ecb31c680451cbcbf3b933e620d3bf4ee42a8042,Pengfei Xue,2013-10-30T16:45:44+08:00,fix typo,1,1,1
d4f863428906be57dedb17409753294161b00293,Daniel Neuhäuser,2013-11-01T02:18:14-07:00,Merge pull request #899 from pengfei-xue/master,0,1,1
0d648fa4685ee18dfc4a4fe056d366d76e67ab58,Reetta Vaahtoranta,2013-11-09T13:13:14+00:00,Changed the wording of some sentences there were difficult to understand.,4,13,20
afd3c4532b8625729bed9ed37a3eddd0b7b3b5a9,Armin Ronacher,2013-11-09T13:41:09+00:00,Rewrapped lines,3,20,12
67c165bcbb4028bd8335342f230692100fcd9776,Afik,2013-12-16T22:04:51-08:00,Update celery.rst,1,3,3
6a37c1716dcd0431878dad230f9111c268d2ad98,Mark Hildreth,2013-12-24T14:36:28-05:00,Fixed incorrect grammar in Config.rst,1,1,1
5addabfbddbb0f620d81adc7bcafbf8bd5f12a3e,Zachary Wright Heller,2013-12-24T20:12:34-08:00,Fix typo in helpers.py,1,1,1
70f8b39c52527573e65e7066024a187867564c01,Mikael Åhlén,2013-12-31T22:16:13+01:00,"added a new behaviour for responses that enable the tuple to be in the form of (response, headers) and continiue to support the (response, status, headers) format.",3,39,12
dbc40961913381ecf1513fa2467aefeef6d4d41b,Mikael Åhlén,2013-12-31T22:59:00+01:00,added a new test case with a Response instance and cleaned up the code,1,17,9
52098e1e4fc4d9c962e9ecb09dfbbcc6ac80a4d7,Daniel Neuhäuser,2014-01-02T19:21:07+01:00,Happy New Year 2014,45,45,45
d517f35d60a14fcea2e503f578e65b68eafa6577,Daniel Neuhäuser,2014-01-02T19:21:55+01:00,Merge branch '0.10-maintenance',0,45,45
85aa4ec8c15937121d1eb1e73f0b5d029d2f1ee1,bool-dev,2014-01-04T17:21:18+05:30,"Updated greenlet links, which were dead.",1,2,2
cf0953619e2fa3a79e93b6195ca3b39f25552c3d,skeuomorf,2014-01-06T17:58:54+02:00,Added a favicon for the docs,2,1,1
b2971ec68c99efb6d8b8e5fac08209a2d27f3089,Daniel Neuhäuser,2014-01-06T08:28:03-08:00,Merge pull request #943 from skeuomorf/favicon,0,1,1
f0f654537490011c9aa5bd6db91450d126e53cdf,Tommaso Allevi,2014-01-11T01:09:30+01:00,Use json method,1,1,1
b81b040110d18d6aa3633c1132420bf29be00c6b,Tommaso Allevi,2014-01-11T01:13:32+01:00,Remove unused import,1,1,1
b0bb6c7f3d2e80731428fcc50ab1edd45b58959d,Matt Iversen,2014-01-11T11:31:22+11:00,Release as universal python wheel (2/3 compat),1,3,0
de3dbd3125263f93a1b900f65091f6f0163544b2,Spittie,2014-01-12T02:54:08+01:00,Update fileuploads.rst,1,1,1
cb61696b47e48a84d42391e58c1bc2f926d4018f,Ifiok Jr.,2014-01-20T04:28:40+00:00,Update appcontext.rst,1,1,1
de7e2bcf7abf7fa8d80d95d3fb25a9cebe1ed676,Kenneth Reitz,2014-01-23T11:07:41-08:00,Merge pull request #947 from Ivoz/master,0,3,0
90a50f8b51bdd71d9f2b1fd82352628cfd681898,Matt Wright,2014-01-23T15:05:37-05:00,Add `get_namespace` method on `Config` object for convenient access of namespaced config options.,2,49,0
21aa620b6bd65e8368f86a37e55de8e56fccf917,Guriec Corbel,2014-01-24T12:43:23-05:00,"Remove the extra ""1""",1,1,1
ea656a89099ee848c42c871a8407242d853c0a09,Nicholas Zaccardi,2014-01-24T19:21:24-06:00,added a note to the api documentation about JSON_SORT_KEYS. Fixes #922,1,6,0
6ec83e18dca497a8fbfca6caca5999984bd32f2e,Armin Ronacher,2014-01-26T17:34:37+00:00,Added a workaround for a pypy bug in context managers,2,31,0
52e1c383faf44b88407f3b9a36293c8ab98b78a3,Armin Ronacher,2014-01-26T17:47:16+00:00,Make Python 3 happy,1,2,2
e78961c812f0a81792bb9e1eae26fd96a10069c0,Armin Ronacher,2014-01-26T18:08:02+00:00,Fixed a missing import,1,1,1
17a3056be4bceaf0c1f4c309b66c5d6e8d50def0,Kenneth Reitz,2014-01-27T09:39:04-08:00,Merge pull request #961 from GCorbel/patch-1,0,1,1
3d6de4dd7980d5a9bd8f031d01830486c4d1607c,Alex Pearce,2014-02-05T20:11:06+00:00,Explicitly pass the Celery instance name.,1,1,1
3dab2f3d419c9b0c506b9029191bd0ebd1a7768e,Martin Polden,2014-02-07T10:26:26+01:00,Update copyright year,1,1,1
f791ede3462c700bcb8d6a4689ad65afdf51bc3c,Armin Ronacher,2014-02-08T16:24:27+00:00,Merge pull request #975 from martinp/update-license,0,1,1
11003d0c29de90c48a8d0792ec5c9e69766be155,Armin Ronacher,2014-02-08T16:24:50+00:00,Merge pull request #972 from alexpearce/patch-1,0,1,1
ccc2de19971c6c88202e9068431e562230f84b62,Armin Ronacher,2014-02-08T16:26:27+00:00,Merge pull request #962 from nZac/JSON-Support-doc-update,0,6,0
f5a02b94952e38d35e476acf2bc8b6e0ba2f89fd,Armin Ronacher,2014-02-08T16:27:26+00:00,Added a warning about key sorting,1,6,3
e5bba9deb5c9ab9c66bea5c17e96741777fe46ab,Armin Ronacher,2014-02-08T17:01:13+00:00,Added support for custom JSON mimetypes,3,26,1
e7c587789ae22a626196cea26340253dd9b70bf1,Armin Ronacher,2014-02-08T17:19:00+00:00,Fixe a bug in the test client causing url parameters to be removed.  This fixes #968,3,18,0
53528ad2c35e67f2ec337e37d55ea807b882f6f4,Armin Ronacher,2014-02-08T17:19:11+00:00,Merge branch '0.10-maintenance',0,18,0
58b4fc209a87fd15f2f09c870489734bd0df1ecb,Armin Ronacher,2014-02-08T17:24:33+00:00,Merge pull request #955 from ifiokjr/patch-1,0,1,1
4d9916e1a6e26e33ce2360f1d7ee41d95b79d995,Armin Ronacher,2014-02-08T17:30:55+00:00,Merge pull request #946 from allevo/master,0,2,2
c9bf9070370fb1cfeefab8a34f40351d6bd1bc26,Armin Ronacher,2014-02-08T17:32:01+00:00,Merge pull request #938 from ahlen/response-with-headers-without-status,0,47,12
6de9484c97a9965ba2373015d28ab79280b85abe,Armin Ronacher,2014-02-08T17:32:54+00:00,Fixed a typo,1,1,1
f07e4cb0c3bdb547ba7bf3490ec58c7c19c9795c,Armin Ronacher,2014-02-08T17:32:59+00:00,Merge branch '0.10-maintenance',0,1,1
6075797f13f58fb89d3d07f50885e41c8a211ec1,Armin Ronacher,2014-02-08T17:33:42+00:00,Added changelog entry,1,2,0
1f638d63ffcd0a52db6ac9be2d9c4d9fc99864da,Armin Ronacher,2014-02-08T17:34:30+00:00,Merge pull request #948 from Spittie/patch-1,0,1,1
05caa5a50d04c1dd806ed9e5c911d95bcbe9eaf3,Armin Ronacher,2014-02-08T17:34:42+00:00,Merge pull request #942 from bool-dev/patch-1,0,2,2
ae45aed8d6802fbea8f3693d82b6e89c4e51429d,Armin Ronacher,2014-02-08T17:36:12+00:00,Removed an unnecessary newline,1,0,1
46c24da0162208ddc82ea755347967e4162b97c3,Armin Ronacher,2014-02-08T17:39:26+00:00,Make before_first_request a decorator,2,2,0
a8f6f7413fceac67c28bb294f985ec0f5ea53b29,Armin Ronacher,2014-02-08T17:39:46+00:00,Merge branch '0.10-maintenance',0,2,0
b0f8d0f01b110dc9577f00db6cc2bdef3fcb3462,Armin Ronacher,2014-02-08T17:40:02+00:00,Merge branch 'master' of github.com:mitsuhiko/flask,0,3,3
1bddb30e4a61f247621673aabfe49e00a306bc39,Armin Ronacher,2014-02-08T17:40:30+00:00,Merge pull request #935 from markhildreth/doc-fix,0,1,1
2506c0b9a96d48f14624acfa552fc88e38a542ae,Armin Ronacher,2014-02-08T17:45:09+00:00,Fixed sending etags for file streams with a name.  This fixes #930.,3,25,8
e67d9a04b2f5ccd16ed6bd62b1d5ca1526bbf0ab,Armin Ronacher,2014-02-08T17:46:02+00:00,Fixed a changelog entry,1,1,1
e2264d06075b71e2051a9f162f11a6f90a24569e,Armin Ronacher,2014-02-08T17:46:32+00:00,Merge pull request #936 from zheller/fix-typo,0,1,1
e95cef66a3bd2d8ca751e36d111cf8f84dfc5586,Armin Ronacher,2014-02-08T17:47:22+00:00,Merge pull request #931 from aphexcx/patch-1,0,3,3
9074bc46af69f168e059dc977f90bbeb6d250077,Armin Ronacher,2014-02-08T22:07:13+00:00,Switch away from /tmp for windows users,2,16,6
a8a98bc6b61bfc3842667bc97f977fd250bf7403,Armin Ronacher,2014-02-08T22:10:08+00:00,Various documentation fixups,3,15,13
6f44ca705f277580105d8e55a7a3994802ac7e7d,Armin Ronacher,2014-02-08T22:14:23+00:00,Fixed sqlite3 pattern.  This fixes #924,1,1,1
d094d5b6fc86a26680a8c496f719c4d711fcd766,Armin Ronacher,2014-02-08T22:29:46+00:00,Fixed warning and broken tests on 3.3,2,5,4
23d9b33e927d984c655b8bf446906d4a883b94cd,Armin Ronacher,2014-02-08T22:30:00+00:00,Merge branch '0.10-maintenance',0,28,10
76e2f9cd0396c71eedf7e3b1dabf60f36585722e,Armin Ronacher,2014-02-09T13:01:54+00:00,Fixed send_from_directory not rebasing to the root path.  This fixes #921,2,4,0
8cb79fd026038fc63c8525a0aa0602a0f2a7e409,Armin Ronacher,2014-02-09T13:06:54+00:00,Added a test for sending from directories,1,10,0
001100bc0b3a700540024c410a985c7f9e09f565,Armin Ronacher,2014-02-09T13:13:31+00:00,Fixed PyStringIO in tests for 2.x,1,5,2
964c4a37c071aa312770c4ef51c025516d28a646,Armin Ronacher,2014-02-09T13:14:15+00:00,Closed an unclosed file in the tests,1,1,0
9298d89aedbb73df76bcc9171528cf53daed917a,Armin Ronacher,2014-02-09T13:14:26+00:00,Merge branch '0.10-maintenance',0,20,2
ba36d57729c413ba41aa0b9504f3300c43bcd483,Armin Ronacher,2014-02-09T13:20:46+00:00,Merge pull request #897 from d3spis3d/master,0,3,2
c938771258f7f9e99f66813a4018156fed72b059,Armin Ronacher,2014-02-09T13:21:08+00:00,Merge branch 'master' of github.com:mitsuhiko/flask,0,3,2
280d8659601a5e3b8dab77231d9f9fc16f5cd1ce,Alexis Svinartchouk,2013-10-04T11:09:23+02:00,fix issue #879 and add a test for it,2,19,1
75f2af7a6afdf620d7afdccee876b06f8c39373b,Armin Ronacher,2014-02-09T13:25:36+00:00,Use a condition variable instead of sleeping,1,6,3
141a5533c97306525551dc215510735e5b50ae0b,Armin Ronacher,2014-02-09T13:26:32+00:00,Documented fix for #879,1,3,0
a9503580d2548e4104d21062392501d410fd896d,Armin Ronacher,2014-02-09T13:27:05+00:00,Merge branch '0.10-maintenance',0,26,2
47a41b645f627b9b68c70c193cb322f56bb4c12c,Armin Ronacher,2014-02-09T13:27:35+00:00,Merge pull request #884 from rsyring/patch-2,0,28,10
fb622380d07372cc8c24b117bae53f45acfd1878,Armin Ronacher,2014-02-09T13:28:57+00:00,Use older descriptor to support older werkzeug versions,1,1,1
5b0545bf8079c1ae08031cc6d2e82dfab421f772,Armin Ronacher,2014-02-09T13:29:03+00:00,Merge branch '0.10-maintenance',0,1,1
135d090c0f7727784fac0adf6aab7edff79d71f1,Armin Ronacher,2014-02-09T13:29:56+00:00,Merge branch 'master' of github.com:mitsuhiko/flask,0,28,10
82f99f42a829b0cc71df92d54e613ce888d805bb,Armin Ronacher,2014-02-09T13:35:38+00:00,Disarmed a sentence a bit,1,1,2
ddb5f9dc490879236cf20a7fa1cb75d7f787a0f0,Armin Ronacher,2014-02-09T16:07:56+00:00,Fixed a broken test,1,6,6
98754b0e4f55fb6a340de90d6b5529caa7029215,Armin Ronacher,2014-02-09T16:08:03+00:00,Merge branch '0.10-maintenance',0,6,6
a8e88bebd1dff6b982d721c781d87888ef756e4a,Matt Iversen,2014-02-11T07:24:31+11:00,Update windows installation and other notes,1,38,30
95a1ce4d6e7b81272a4c993cc86d1e57f6f80760,Daniel Neuhäuser,2014-02-12T23:42:39+01:00,Merge branch 'config-from-json' of https://github.com/mattupstate/flask into mattupstate-config-from-json,0,50,0
97411295e3b46080f8976f14e73a6493ca17a2db,Daniel Neuhäuser,2014-02-12T23:53:51+01:00,Add Config.from_json to changelog,2,3,0
19baae3d3445344679b68436322de08b5babf9a1,Joe Friedl,2014-02-13T10:28:21-05:00,Update docs copyright date,1,1,1
66e51d5be79ccbdb04dff677887bbe9b465e68e2,Daniel Neuhäuser,2014-02-20T19:12:56+01:00,Merge branch 'master' of https://github.com/Xion/flask into Xion-master,0,23,1
3f8e29b12cd2b909d4dbbc3964339fd3f56c3203,Daniel Neuhäuser,2014-02-20T19:15:42+01:00,Add Flask.config_class to changelog,2,3,0
d43bfb261a0cb562fdfec6d94768c80d95844578,Daniel Neuhäuser,2014-02-20T19:17:59+01:00,Add assertIsInstance to FlaskTestCase on 2.6,1,3,0
7a353a7d1b5f7f23bc96bd8d4c17c80695e141dd,Kenneth Reitz,2014-03-03T13:17:29-05:00,Merge pull request #980 from grampajoe/patch-1,0,1,1
ffff509cf07b4791201915f98116aec51eb4a651,Eliseo Ocampos,2014-03-04T14:57:12-08:00,Added 'import os' statement,1,1,0
dfae2679a6be1d3e61eaa9f83e85e0daf655187c,Charles-Axel Dein,2014-03-05T15:22:59-08:00,Clarify the after_request argument,1,5,3
ff3ef8511ed7c507ade5ebdebced7177665a3414,Daniel Neuhäuser,2014-03-13T19:24:53+01:00,Merge pull request #997 from charlax/ca/fix/response_class_documentation,0,5,3
2c2c240d6dc72a6850583a06e84c8780d83260e9,Daniel Neuhäuser,2014-03-13T19:25:34+01:00,Merge pull request #994 from roskoff/master,0,1,0
0674ee875dba29b866e7cb8254dc6d3dd2d96aad,Daniel Neuhäuser,2014-03-13T20:20:22+01:00,Merge branch 'config-namespaces' of https://github.com/mattupstate/flask into config-namespaces,0,49,0
ba80e1e33bd93fd895d1b88853f47fb30cd0b670,Daniel Neuhäuser,2014-03-13T20:22:18+01:00,Fix Python 3 compat issue in Config.get_namespace,1,2,2
06857c9ba58fb3b93daa3604538ccd3fd2f1d07e,Daniel Neuhäuser,2014-03-13T20:23:43+01:00,Add Config.get_namespace to CHANGES,2,3,0
caa0c0042087bb993ecc43e862360b9de7226830,Daniel Neuhäuser,2014-03-13T20:33:46+01:00,Merge pull request #878 from shamrin/patch-1,0,2,0
a71b65cb151c2a455a481d073b571e1f4b0134bc,Daniel Neuhäuser,2014-03-13T20:35:29+01:00,Merge pull request #877 from yoloseem/patch-1,0,1,1
718c3a3ce7d9d6b6b93e3151ffb367474ff179a6,Daniel Neuhäuser,2014-03-13T20:38:19+01:00,Merge pull request #874 from defuz/patch-1,0,1,1
69db1e9b1f5238f568f8b2e9c7d57b774a82643d,Daniel Neuhäuser,2014-03-13T20:38:41+01:00,Merge pull request #872 from dmackinnon/patch-1,0,1,1
cb25c42316690860fd928d9ec6fc997eea3f062b,max demian,2014-03-15T14:35:21+01:00,Update json.py,1,1,1
f3f7b640b979a3d9f298c25ee42c72e7bb44b479,max demian,2014-03-15T14:38:19+01:00,Update sessions.py,1,1,1
2eef63a3208ebc5ee69a7feebb57090de3982110,max demian,2014-03-15T14:42:21+01:00,Update signals.py,1,2,2
6974d52815da9a1a00b49191b161e3bd12051bac,max demian,2014-03-15T14:44:27+01:00,Update views.py,1,4,4
db12a8f5e4285cda4e7440b6a4c015632cb2b345,max demian,2014-03-15T14:45:37+01:00,Update wrappers.py,1,6,6
8cd66bf178cc72f5718f4113db9426723fe37ef5,Kyle Stevenson,2014-03-19T10:23:17-07:00,Small punctuation change in unicode doc,1,1,1
95fa9f21ec43046c113992e89a2741505e666597,Armin Ronacher,2014-03-19T23:07:42+00:00,Added a missing import,1,1,0
36e86be06d4d10e714d5b3269cc00a33d5a819d3,Armin Ronacher,2014-03-19T23:07:58+00:00,Merge branch 'master' of github.com:mitsuhiko/flask,0,146,9
a7b5cec62994303fa7430ffb25de1a676317c80f,Kenneth Reitz,2014-03-21T16:21:01-04:00,Merge pull request #1004 from kylestev/patch-1,0,1,1
872094c55612976bdd3de9094f7f8d13a38fee48,Kenneth Reitz,2014-03-21T16:21:18-04:00,Merge pull request #1000 from mikar/master,0,14,14
02eb9c99fdaa0c3cb3179ca5a1538e87ba6f13f1,Kenneth Reitz,2014-03-21T16:36:12-04:00,Merge pull request #977 from Ivoz/patch-1,0,38,30
58681ec11e94f526f0bf4fa49b14ae43d66b86d4,Kenneth Reitz,2014-03-21T16:38:00-04:00,Merge pull request #889 from mattskone/master,0,1,1
4c0253f9fdd4812b979532f1e24b7f0ebbd1626d,Kenneth Reitz,2014-03-21T16:39:13-04:00,Merge pull request #862 from bikerm16/master,0,4,2
7f5b6c692df34cedf28a01e46305ec5c22697a5a,Kenneth Reitz,2014-03-21T16:43:20-04:00,Merge pull request #876 from defuz/templates-auto-reload,0,28,0
7e4d51c91c114880db7034b7d9dea3c39489e4f5,Kenneth Reitz,2014-03-21T16:46:05-04:00,Merge pull request #869 from christophersu/doc-fix-1,0,2,0
bddcc1e763b913fae993c409ab4e15ad4e56af19,Kenneth Reitz,2014-03-21T16:46:43-04:00,Merge pull request #838 from enkore/master,0,0,0
21f3ad267183f1e8347812c3b00e806cac562347,Kenneth Reitz,2014-03-21T16:54:35-04:00,Merge pull request #830 from hntw/patch-1,0,15,0
9c434ebc679087ece3d7464e39878e29dabf1951,Kenneth Reitz,2014-03-21T17:01:55-04:00,Merge pull request #885 from jmhobbs/master,0,7,7
9427e16567943cb5dc2a6b034db97f34e39bfe9f,Kenneth Reitz,2014-03-21T17:03:02-04:00,Merge pull request #707 from xsleonard/patch-1,0,5,0
3fd40e83e5df4dbde8531a76c42d26bf76674e95,Kenneth Reitz,2014-03-21T17:05:24-04:00,Merge pull request #864 from obeattie/master,0,1,1
6347e75deea2eda444c60080fda3885c1fb7705d,Kenneth Reitz,2014-03-21T17:08:34-04:00,Merge pull request #859 from wvh/register_error_handler,0,44,0
2aa26fff04a98f2435e8e3015e92ef6108d3b485,Kenneth Reitz,2014-03-21T17:12:26-04:00,"Revert ""Merge pull request #859 from wvh/register_error_handler""",2,0,44
d4fec1454488687b574c545761c2869d3bb97ca6,Kenneth Reitz,2014-03-21T17:15:31-04:00,"Revert ""Revert ""Merge pull request #859 from wvh/register_error_handler""""",2,44,0
db1be12aea8193487e7f3097d03ea81780525069,Andrew Plummer,2014-03-26T16:40:25+00:00,Fix import in viewdecorators.rst for @templated,1,1,1
b2b531a36bab939f76df51b7ae88f87e60eea8f6,Andrew Plummer,2014-03-26T16:52:06+00:00,Tweak wording in viewdecorators.rst,1,5,8
132c2c4c795ebdccc6f347867092b30b5f5086bb,atupal,2014-04-02T09:16:43+08:00,missed word.,1,2,2
54688b26a9562c9a9c31541dbf32e0d8ee7a5926,Markus Unterwaditzer,2014-04-05T11:38:28+02:00,Fix when release date is not today,1,3,2
470014a2cab1e7d416ac94445f8aa766eda72c93,Kenneth Reitz,2014-04-06T13:11:17-04:00,Merge pull request #1014 from untitaker/pr842,0,3,2
f79ce525866a0cb70a52c706ee56532a05707f22,Armin Ronacher,2014-04-10T00:27:27+02:00,Upload to new server,1,4,4
5fd81f702c148b1adc565987c50746fcdc29a2f3,Armin Ronacher,2014-04-10T00:28:04+02:00,Merge branch 'master' of github.com:mitsuhiko/flask,0,163,58
696bffc9e9902ed9086c7c1f967714385371cb05,Armin Ronacher,2014-04-11T13:28:38+02:00,Updated changelog formatting,1,0,1
9554844e2ac3e50872aab6f7b54c277ff582cd13,Armin Ronacher,2014-04-11T13:31:17+02:00,Added workaround for Python 3.3's frozen loader,2,31,8
a293b99b219c13ea94b33a2470a545e07c73b804,Armin Ronacher,2014-04-11T13:31:57+02:00,Fixed the last changeset.,1,2,2
d4b3d16c142e2189c6faf8f784a195e7f827c596,Armin Ronacher,2014-04-11T19:59:54+02:00,Better support for namespace packages.,4,37,7
fbda3f94baa6d7dba8f773309121284c6e6c5a6d,raimu,2014-04-11T22:40:21+02:00,fix typo,2,2,2
15d8af52dbb091f198664bedc5dfc3d5d9ffdea0,mjfroehlich,2014-04-13T22:25:10+02:00,Fix minor typo,1,1,1
00679eab93049728bba6ece883c01afbab0449ed,Kenneth Reitz,2014-04-14T19:02:44-04:00,Merge pull request #1022 from mjfroehlich/patch-1,0,1,1
01e831f08279d69f29984abf74c0eeaa12579915,Kenneth Reitz,2014-04-14T19:02:52-04:00,Merge pull request #1019 from raimu/master,0,2,2
5c3b161c9e7c4cacfe789a8237b262a7549d37fa,Kenneth Reitz,2014-04-14T19:03:04-04:00,Merge pull request #1012 from atupal/patch-2,0,2,2
671c67aac96ae2cdf9c554ba4e52c167862be6fe,Mihir Singh,2014-04-16T17:38:41-04:00,Append a 'Vary: Cookie' header to the response when the session has been accessed,1,40,18
5935ee495c3e51d26fa2b33de09d532b310cd263,Mihir Singh,2014-04-16T17:39:11-04:00,Add tests for the `Vary: Cookie` header,1,50,0
42c28c3758fc1612a5a1e89a36092580344c4578,Armin Ronacher,2014-04-21T15:58:27+02:00,Fixed intention in flask init,1,2,2
7503bde2235c28853d4c4e53087090d8c42041aa,Armin Ronacher,2014-04-21T16:34:17+02:00,Added the new flask run module to start the server.,2,224,0
6018b1276e3ec092d4444e0b029e4647d7fe26da,Armin Ronacher,2014-04-21T16:34:37+02:00,Merge branch 'master' of github.com:mitsuhiko/flask,0,5,5
e46bca4051e51f3812d4a0b25f60f7b7959668c2,Armin Ronacher,2014-04-21T16:39:22+02:00,Added thread flag to flask run,2,19,3
8a46eec4f89ccd93d1fab231a5cbccbae0352e57,Armin Ronacher,2014-04-21T17:51:52+02:00,Fixed a reference in the docs.,1,2,0
1b06c8a41119f8c93078e85f6474cb85d7e30b43,Armin Ronacher,2014-04-21T17:52:04+02:00,Added __main__ module,2,30,1
e21afed0bba82668c6e4f5f433d0ccfcf54b3577,Zak Johnson,2014-04-21T15:37:23-07:00,Fix typos in docstrings and comments in run.py,1,7,7
52fa195d459a70f8ef73e954b20a9512b2f5001b,Carlos E. Garcia,2014-04-23T10:46:38-04:00,few mispelling errors,3,3,3
16308bf6754facf0fec8b8e8644a0a4940cc0ff1,Daniel Neuhäuser,2014-04-26T01:13:19+02:00,Check links in the documentation with tox,1,6,1
20edb3189c82c5f5fddc1792930bcf5391fb6f42,Daniel Neuhäuser,2014-04-26T01:20:12+02:00,Fix Pocoo documentation links,5,8,8
b5e78425be985eeec4c91ea8277368a9fae9411a,Daniel Neuhäuser,2014-04-26T01:24:07+02:00,Link to https version of python docs,1,1,1
954eeb8d1784029cb09da04eef6470036ce5dc64,Daniel Neuhäuser,2014-04-26T01:26:12+02:00,Fix Jinja link,1,1,1
34871a286efac32b206d9175ec546df7f47dcb48,Daniel Neuhäuser,2014-04-26T01:30:28+02:00,Switch pypi links to https,8,9,9
e89c867d62f351bad4ca4bb6bc096695e529d45d,Daniel Neuhäuser,2014-04-26T01:35:37+02:00,Switch packages.python.org to pythonhosted.org,5,6,6
52def324b882dc99e0254abcefd1ba608b29a1b8,Daniel Neuhäuser,2014-04-26T01:36:36+02:00,Use https instead of http for docs.python.org,1,1,1
51228ad0d17eac9217cf0780bb2490a1b3a24a16,Daniel Neuhäuser,2014-04-26T01:37:19+02:00,Use https for devcenter.heroku.com,1,1,1
13293b499faccb30e63a2477cfd780d2297a6fa2,Daniel Neuhäuser,2014-04-26T01:38:20+02:00,Use libevent.org,1,1,1
e991bef57482152639e7b797ab98f2710ab9c4c7,Daniel Neuhäuser,2014-04-26T01:39:22+02:00,Switch diveintohtml5.org to diveintohtml5.info,1,1,1
033b0931aaf32f1f34045270d89fc64b29835329,Daniel Neuhäuser,2014-04-26T01:45:20+02:00,Run tests with Python 3.4 with tox,1,1,1
ea73571a5464d254979d827f849a2d69b655adcc,Daniel Neuhäuser,2014-04-26T02:12:51+02:00,Merge pull request #1032 from cgar/spelling,0,3,3
c73d740e571c5912045adb5e2dbd3b9b3ff15a9d,Daniel Neuhäuser,2014-04-26T02:14:37+02:00,Merge pull request #1030 from zakj/master,0,7,7
0ac492a0acda40208e6c613644fe9e779dc3d937,Armin Ronacher,2014-04-28T13:26:14+02:00,Depend on click now,1,7,4
3bdb90f06b9d3167320180d4a5055dcd949bf72f,Armin Ronacher,2014-04-28T13:26:23+02:00,Added click support to Flask,4,392,251
7bb3271f1a5556b62efb0ccecf2b1c6bc293ce8b,Armin Ronacher,2014-04-28T13:27:07+02:00,Added changelog entry for click,1,4,3
e9d1fc47bf42bb13fce8799ad7727206610a7eb4,Armin Ronacher,2014-04-28T13:27:13+02:00,Updated docs for click support,4,127,28
67e4d3ee63dc561eba9b4245b026f24f3cdfc70d,Armin Ronacher,2014-04-28T13:29:31+02:00,Merge branch 'master' of github.com:mitsuhiko/flask,0,38,33
984142072bc268008265eee9af4f8891e3c77737,Armin Ronacher,2014-04-28T13:31:21+02:00,Added missing documentation page,1,101,0
ff034e42cfb665dc9123c95e51ad3d1455322bd5,Armin Ronacher,2014-04-28T13:54:13+02:00,Added a missing docstring,1,4,2
bacdd076bd544ca82d05111e3a427e98e4d4c996,Armin Ronacher,2014-04-28T15:15:58+02:00,"Add ""."" to sys.path by default",1,2,0
a3a5075a942a321ccf67c7511822e62dc1d5858f,Armin Ronacher,2014-04-28T15:18:27+02:00,Updated tutorial to the flask script,4,38,51
ed9e458850a548ceb6027bf25a657f26595656ff,Erik Rose,2014-04-28T11:26:18-04:00,Fix a docstring type in cli.py.,1,1,1
9213e77957654235626a5a3253319504a9bbd32f,Armin Ronacher,2014-04-28T19:59:51+02:00,Merge pull request #1039 from erikrose/patch-1,0,1,1
a3ad5405a68f312f077e8d6271e694f6925c0864,Armin Ronacher,2014-04-29T01:03:32+02:00,Updated documentation once more for new cli.,4,41,6
3be7d918ce4be51ae7590add5a8e819fbc989117,Armin Ronacher,2014-04-29T01:33:58+02:00,Merge branch 'master' of github.com:mitsuhiko/flask,0,1,1
9ab59871007c12fad03f43ac08f889e4c080e64d,Armin Ronacher,2014-04-29T01:48:31+02:00,Updated the examples to be cli based,6,26,33
e059bf311c6a75150275b434c53544f7528749bc,Armin Ronacher,2014-05-01T13:44:11+01:00,Improved support for composable cli,1,6,6
d2d8e66130f8aabf8e0e4b80a42352f8ef93c347,Armin Ronacher,2014-05-02T11:46:04+01:00,Fixed flask tests,5,23,10
b9013ede2213e463c1b6d49b3651c796debc1ea4,Armin Ronacher,2014-05-02T11:50:00+01:00,Clarified how to test with click,2,12,4
4532e89efe9ef1161d4cdbd12687dac0c19c49b7,Armin Ronacher,2014-05-07T11:34:20+02:00,Refactored script info to allow more advanced patterns.,1,43,17
ed7b4ccac1b646aa725007db7fd3ec2d359beaf4,Armin Ronacher,2014-05-07T11:36:49+02:00,Refactored loading logic to super properly.,1,31,28
81576c236a4dde33aeed13c84abed0ad2e796c2f,Armin Ronacher,2014-05-07T13:27:41+02:00,Further refactored script system to allow more customization for special apps.,1,115,73
44b0aeb048c1019e3cdd42fd2bdf9c2c8ffb7429,Marc Schlaich,2014-04-29T14:34:21+02:00,Fixed typo.,1,1,1
3569fc24415f8bac7b269ec041bd1f6bc23038ce,Armin Ronacher,2014-05-07T21:35:51+02:00,Greatly refactored click integration and documented it a bit more.,4,249,82
e3a81497f9b6415b077b4eb1796c29ec1aff26fe,Armin Ronacher,2014-05-07T21:44:30+02:00,Merge pull request #1040 from schlamar/patch-1,0,1,1
2639a23b8875abb6c1dd2889728920cce5d09632,Armin Ronacher,2014-05-07T21:51:12+02:00,Updated setup.py a bit.  This fixes #1018,1,4,0
5693b9d73056775f6f4d20d745478603b7b96793,Armin Ronacher,2014-05-07T21:53:59+02:00,Merge branch 'pr/839',0,49,3
1b77a3fb11a0819114804e4f88233b2dc215b653,Armin Ronacher,2014-05-07T22:26:50+02:00,Made errors for working outside of contexts clearer.,1,20,3
a700cb2a76c0f6037f6ddaa6a519fcba179efd41,Julen Ruiz Aizpuru,2014-05-07T22:32:43+02:00,Docs: fixes,1,16,17
fa6eded6f572dd4bc23b030f025156cdd1e63305,Armin Ronacher,2014-05-08T22:33:58+02:00,Fixed the cli system failing syntax errors.,1,16,4
8fd1825551b28ee967246ce9638fcad763bf616d,Kenneth Reitz,2014-05-09T15:48:36+02:00,Merge pull request #1010 from plumdog/master,0,6,9
32d32249d51f37ec53779372ad23616efbf4d74b,Kenneth Reitz,2014-05-09T15:50:11+02:00,Merge pull request #1050 from julen/doc-fixes,0,16,17
224367fe98a056ffda7452eddd8f7c33fa2214c1,Miguel Grinberg,2014-05-09T07:48:08-07:00,fixed import for python 3,1,1,1
4a6f932610b3e3b7858017ab1cc4c20bd99ee008,lord63,2014-05-11T14:08:35+08:00,fix a small mistake in setup.rst,1,1,1
fcec4b140c49ab87ca761e70c4ab98f5417a2744,Ian Connolly,2014-05-11T13:46:58+01:00,Fix a tiny spelling error: untilization -> utilization,1,1,1
7321a480ea60ee212b06cd6698e1e3ab62b5e7f5,Armin Ronacher,2014-05-12T02:13:32+02:00,Simplified click integration a bit,2,14,28
937ad10275af3e190dcb63df926812a57d1e3e7e,Armin Ronacher,2014-05-12T02:16:13+02:00,Simplified app finding for cli,1,1,6
2b8a281c1c73aa31ea81fc4e77c26d741bda87a6,lord63,2014-05-12T16:01:53+08:00,fix a small mistake in setup.rst,1,1,1
332fa79881a6ea86f33be611690d5e86898250fa,Kenneth Reitz,2014-05-12T12:21:46-04:00,Merge pull request #1055 from IanConnolly/doc-fix,0,1,1
bd51d2b88c4bbb4529c20314cd177ae94514e2b6,Kenneth Reitz,2014-05-12T12:22:57-04:00,Merge pull request #1052 from miguelgrinberg/master,0,1,1
807067001f58272429fd67396ba2c2c5b2e85861,Kenneth Reitz,2014-05-12T12:23:22-04:00,Merge pull request #1054 from lord63/master,0,2,2
367a168d867d9b1b36485c98d9c6e5ade1d85686,Ian Connolly,2014-05-13T22:04:05+01:00,Fixes #1051,1,3,3
1f5927eee2288b4aaf508af5dc1f148aa2140d91,Shalabh Aggarwal,2014-05-14T09:15:34+05:30,Fixed a small typo with flask.g docstring,1,1,1
61c51636797f3b320345cd90289fa8cabacc4482,Kenneth Reitz,2014-05-16T10:15:06-04:00,Merge pull request #1058 from shalabhaggarwal/master,0,1,1
da1c1f0d7f8e2df19eb320b176021511b7d05b76,Kenneth Reitz,2014-05-16T10:16:12-04:00,Merge pull request #1057 from IanConnolly/doc-fix,0,3,3
02b02543b34596e576c2e3d78c56bf85600f0c5a,Wing,2014-05-17T14:44:34+08:00,Doc for add check upload file,1,9,0
305ccd5df962eb7d2c9e3d95cfd8eeb280f949e5,kekumu,2014-05-19T01:48:11-04:00,Update advanced_foreword.rst,1,1,1
bd888eaa61cb32b33dbf1e4cb327eff530bb9955,Bulat Bochkariov,2014-05-20T21:54:54-07:00,Fixed a typo.,1,1,1
39bfb544179140cf58f33fadd78a7ef3be659187,Kenneth Reitz,2014-05-27T12:09:17-04:00,Merge pull request #1066 from bulatb/patch-1,0,1,1
1eede1de1fd8844430a4df90756e92883ed7103d,Kenneth Reitz,2014-05-27T12:09:38-04:00,Merge pull request #1064 from kekumu/patch-adv-foreword,0,1,1
16a7dd06aade99d478eb183e89ede87d4b55a3f7,Kenneth Reitz,2014-05-27T12:10:37-04:00,Merge pull request #1062 from SteelyWing/patch-2,0,9,0
fb5d6744889e834f759922e7c95b9f315384b264,David Branner,2014-05-30T12:48:49-04:00,add `Table` to import in `sqlalchemy.rst` example,1,1,1
76456dc3b29ee816fac2bf937d973cb978336ed1,Kenneth Reitz,2014-05-30T13:39:21-04:00,Merge pull request #1075 from brannerchinese/master,0,1,1
6b9370a8545475c40f84a02e3d49467fb6a83d2e,EJ Lee,2014-06-02T21:28:27+09:00,Update mod_wsgi.rst,1,4,0
4541910381e5c3836e4c00b480653f058b149f6f,Jakub Stasiak,2014-06-04T14:47:26+01:00,Get rid of _tag->closure->_tag reference cycle,1,26,24
7cfe833a50524e629542a82c8cd35b84cb1f9e9c,Armin Ronacher,2014-06-06T21:02:38+06:00,Merge pull request #1079 from smarkets/master,0,26,24
3fc10bd240121fc9047e6384d549d4aadc5df2b9,Armin Ronacher,2014-06-06T21:11:26+06:00,Merge pull request #1077 from hdformat/patch-1,0,4,0
bf3708609a3a0a2bd03f60e9075ce9e2720156fb,Shipeng Feng,2014-06-15T12:42:34+08:00,Fixed typo in _compat.py,1,1,1
a8fd417b31f27ffc1704de33dde10ac25c4ea11c,lord63,2014-06-16T18:39:16+08:00,Update installation.rst,1,6,0
c44a6111bc78ace1849748af424ac0ddabbe5f47,lord63,2014-06-16T18:59:33+08:00,Update installation.rst,1,1,1
777e23f81e5c496cd89d5789bdd18624e319a7ea,Wxcafé (Clément Hertling),2014-06-16T22:07:20+02:00,Update mod_wsgi.rst,1,8,1
b0f594efc9c6ae692b9b4732d40006b1d3c69d23,Kenneth Reitz,2014-06-18T03:01:56+08:00,Merge pull request #1090 from wxcafe/master,0,8,1
8efbae917b9265fe12b07187c3923d7003600346,Kenneth Reitz,2014-06-18T03:03:42+08:00,Merge pull request #1088 from lord63/master,0,7,1
9fb52d5e02b4936df89ce6803f22a53045156ada,Kenneth Reitz,2014-06-18T03:03:58+08:00,Merge pull request #1086 from fengsp/patch-1,0,1,1
171253a0ebd1262c6e8a03fb682ad93fb523aad8,Mark Slater,2014-06-29T15:48:52-07:00,Update dbcon.rst,1,1,1
35282a881eeb11be0e3b4e39ce3e1b6671eb2055,Mark Slater,2014-06-29T15:51:03-07:00,Update dbinit.rst,1,1,1
6f990f67ed76b13f080c37d037ab1d448eadf7cc,Kenneth Reitz,2014-06-30T19:42:14-04:00,Merge pull request #1097 from slater/patch-2,0,1,1
0ce47a365f4618f19b5b5c59c33f70c4f69157c0,Kenneth Reitz,2014-06-30T19:42:32-04:00,Merge pull request #1096 from slater/patch-1,0,1,1
2d992e7f135f6e3aa521ad210fc0febd5b93d30f,root-11,2014-07-01T15:57:50+01:00,Update schema.rst,1,1,1
eb0c8a6beea766812fb94712c27ed6e1e99d6249,Suraj Patil,2014-07-03T18:19:09+05:30,The example does not execute,1,3,0
f5b15c2a35933167c516da0c13290375c58c5509,Jihyeok Seo,2014-07-06T00:32:31+09:00,Fix typo in cli docs,1,1,1
add59a91cf45b567397db134d3e4ed4ce3ecd6da,INADA Naoki,2014-07-07T21:17:20+09:00,Stop recommending Python 2.6,1,1,1
cc98ba9092f66468aa9a82c4d9af05c13a397e52,Armin Ronacher,2014-07-07T16:38:57+02:00,Merge pull request #1110 from methane/patch-2,0,1,1
577581665ce745898c29ca502e0a3aba1f16677e,Kenneth Reitz,2014-07-08T14:21:53-04:00,Merge pull request #1105 from limeburst/master,0,1,1
931be87475634c79deae584b7fa8d2bd6d6c55c0,INADA Naoki,2014-07-10T23:01:32+09:00,Update python3.rst,1,5,6
92191fb9d9f9d68811be81977faf108d9f1313f4,lord63,2014-07-09T13:22:27+08:00,Fix a typo in templating.rst,1,1,1
3e9f074d05c732c65cad104235807ed662a7df16,lord63,2014-07-09T14:22:30+08:00,Update becomingbig.rst,1,1,1
de5bb759e3b5f686769c0803541a555475b3ef5f,lord63,2014-07-09T14:45:55+08:00,Fix typos in shell.rst,1,2,2
7777b06809a4fd948e86f5ce8681c8f401ff37ee,lord63,2014-07-10T12:04:48+08:00,Fix a typo in config.rst,1,1,1
02e7bec21cec2f32d954e178a1a88f8dd6aaa81a,lord63,2014-07-11T23:23:01+08:00,Fix typos in config.rst,1,6,6
c8ce5326b4d30f29aaadbb3b81bdcb1cec6b43e8,Miles Richardson,2014-07-15T15:19:00+08:00,"fixed typo -- missing ""are"" in docs/signals.rst",1,1,1
22219f51e5a15836657bc5553fe90dac2054caef,Nico Revin,2014-07-24T19:03:56+04:00,Update doclinks,18,48,48
8d3ee017c58ded9e994a7d97c58bcc5d6a2a6e68,Daniel Neuhäuser,2014-07-26T10:42:47+02:00,Merge pull request #1132 from nicorevin/update_links,0,48,48
221aaa56c9cfc968d51f6e4b1efdefe2276870ef,Daniel Neuhäuser,2014-07-26T10:43:00+02:00,Merge pull request #1122 from milesrichardson/master,0,1,1
e429e47a967e6846fa6ef723364dd25cc9aea37b,lord63,2014-07-26T20:15:36+08:00,Correct the mistakes.,1,3,3
efdf2e12125f52f02a68e20b6df1814635d2c005,INADA Naoki,2014-07-26T21:47:41+09:00,Update python3.rst,1,8,6
29768ce45e6e46fd830d11f17250250fd8c5c5fb,lord63,2014-07-26T22:43:52+08:00,Correct the mistake again.,1,1,1
02f0c755a36c382f210d6654b84316745ad2af00,Daniel Neuhäuser,2014-07-26T17:26:31+02:00,Merge pull request #1117 from lord63/patch-1,0,7,7
a61347b902961d36d932bab56794fc39fab0d210,INADA Naoki,2014-07-27T02:47:33+09:00,Update python3.rst,1,3,3
aa40b1731e09e839502994b3b0c22d3f2361d045,Daniel Neuhäuser,2014-07-27T11:19:52+02:00,Add Config.from_mapping,3,51,0
486c1089b0ce968b74e81649cdceb0e158157036,Daniel Neuhäuser,2014-07-27T13:21:14+02:00,Base from_json on from_mapping,1,4,6
c048aed65abdbf51955367b95242a53f0219853b,Daniel Neuhäuser,2014-07-27T13:22:36+02:00,Merge pull request #1112 from methane/patch-3,0,8,7
a51a167937e1985314027ea8ee3e68431e16a2a8,Daniel Neuhäuser,2014-07-27T13:23:32+02:00,Merge pull request #1100 from thewhitetulip/patch-1,0,3,0
f6618c76381c38f7e692500c4e3e0dc7fe56e02d,Daniel Neuhäuser,2014-07-27T13:31:59+02:00,Merge pull request #1099 from root-11/patch-1,0,1,1
3c48bf893590fe87445a735584591201c3085e35,Jeffrey D,2014-07-29T20:42:28-05:00,Addressed issue #1134,11,52,52
1d55b8983efdc840b83ae6ccc4e496165010c8d1,Daniel Neuhäuser,2014-07-31T10:33:44+02:00,Merge pull request #1138 from LiterallyElvis/master,0,52,52
b49074eb6b19d8f5fdb3301a6e50f11845dd530d,Markus Unterwaditzer,2014-08-11T11:56:25+02:00,Add documentation about url_for's default scheme,1,4,1
60260eb0f0954ceddad559161445848214a50ec5,Kenneth Reitz,2014-08-12T14:46:56-04:00,Merge pull request #1144 from untitaker/url_for_scheme_docs,0,4,1
f6d25bbc4f95112e9f5f85096d12a61ed43b38b8,Armin Ronacher,2014-08-12T23:23:48+02:00,Switch to newer click (2.0),2,3,3
71b525e1fa1c74359120634e980256a9489003c0,Kyle P. Johnson,2014-08-14T16:16:58-04:00,typos,1,4,4
01450efc25277e8832d1a00916af009db8a07dcf,Markus Unterwaditzer,2014-08-23T00:18:15+02:00,Merge pull request #1150 from kylepjohnson/master,0,4,4
66ef55ce0a9a1caa66a4d955d831f7eb8a207993,Armin Ronacher,2014-08-25T15:43:27+02:00,Converted a leftover old-style click callback.,1,1,1
932f7d7cbb5a4e04fd0922c3272a6e32d408abe8,Armin Ronacher,2014-08-25T16:50:22+02:00,Refactored the scripting interface greatly.,4,64,35
20645d9b86d6a0e4969d71d2d36300659861de35,James Brewer,2014-08-25T22:18:08-07:00,Add missing `of` to documentation.,1,1,1
d1821b3a076043c350af77e69f8280d0c6695145,Armin Ronacher,2014-08-26T10:03:08+02:00,Updated intersphinx,1,4,2
afb613ca434b2832dee8318f7b0ddf0b10c54610,Armin Ronacher,2014-08-26T10:03:15+02:00,Added some missing documentation information.,1,2,0
2f601248941c7a90ed62f2bd5adbb04c402e2d4e,Armin Ronacher,2014-08-26T10:09:17+02:00,Removed ridiculous constructor from AppGroup,1,0,3
9123fa3b8ff7f5fe159344b7dc11e9a4d727e2be,Armin Ronacher,2014-08-26T10:14:27+02:00,Added a missing self,1,1,1
9bf36151d956d9560f68f3789ee438233d530a86,Armin Ronacher,2014-08-26T10:29:07+02:00,Removed dead import,1,0,1
662b1053a437cd4ce5ce6ad71f6a8f8a8039d5d6,Armin Ronacher,2014-08-26T12:07:09+02:00,Added support for PYTHONSTARTUP to shell command.,1,12,1
7d57c29f7afa7712d4af195bef3cbb5dd083123d,Daniel Neuhäuser,2014-08-26T12:29:57+02:00,Merge pull request #1156 from brwr/brwr/fix-documentation-typo,0,1,1
0ce3db88cf39410c0b17e812a2d699b3550a3c67,Armin Ronacher,2014-08-26T23:21:30+02:00,Remove date tagging.,1,0,3
84ad89ffa4390d3327b4d35983dbb4d84293b8e2,Armin Ronacher,2014-08-27T01:08:12+02:00,"Always log now, even if debug is off.",9,68,21
817b72d484d353800d907b3580c899314bf7f3c6,Armin Ronacher,2014-08-27T01:12:33+02:00,Removed deprecated module functionality,17,2,453
5edc8037020b3a804be0f3c47deee342024fe351,Armin Ronacher,2014-08-27T01:13:25+02:00,Added a changelog entry for modules.,1,1,0
7c16054d81ce9af44a4875650b506c9ec2403588,Armin Ronacher,2014-08-27T01:22:01+02:00,Updated the logging documentation for recent changes.,2,34,19
7183aefd6271fb9d9398b8d721dea15a699ed501,Markus Unterwaditzer,2014-08-27T13:34:10+02:00,Document building protocol-relative URLs,1,2,1
9641f07d9159cd4289a3b89fbf5cf0bfc0102050,Armin Ronacher,2014-08-28T08:56:58+02:00,Made FlaskGroup an AppGroup,1,30,30
a94e767acb499bc7c86844d502fd799e3360c534,Armin Ronacher,2014-08-28T09:35:06+02:00,AppGroups produce more AppGroups,1,8,0
c2ed8d61c343653664d3657dd407668115acee61,Markus Unterwaditzer,2014-08-28T16:09:55+02:00,Merge pull request #1158 from untitaker/protocol-relative,0,2,1
7db5232572b23bb42e19c81548366b544bd13ea4,Markus Unterwaditzer,2014-08-28T16:12:00+02:00,Don't mention Flask dev releases anymore,1,0,11
462bc6c2e5972cd4a91a12a93478b8c7c0739a5f,Markus Unterwaditzer,2014-08-28T16:12:27+02:00,Merge pull request #1160 from untitaker/docs_dev_installation,0,0,11
b81f72070ec0dc2bede09eedea3d0b0360887720,Paulo Bu,2014-08-28T16:51:53+02:00,Fix warnings and code styling in the doc,2,4,3
96d7cc933ae19133ac3cab535b0ea83c6dfecce4,Markus Unterwaditzer,2014-08-28T17:02:27+02:00,Merge pull request #1161 from pbu88/master,0,4,3
05ad436201f8c835ac2a5a317e5cb5fe5e0f3e21,Aaron Schumacher,2014-08-28T13:35:53-04:00,"typo: ""weather"" -> ""whether""",1,1,1
0f8f6b5130419159709a976d66b133e4e298e17c,Markus Unterwaditzer,2014-08-28T19:39:38+02:00,Merge pull request #1162 from ajschumacher/patch-1,0,1,1
3bd9cdce94f0afe840f3ac1ef00bd9681b415aaf,boreq,2014-08-31T18:07:26+02:00,Added full_path to the Request object documentation.,1,2,0
670d2a4d5082ec3fb80b7bf392765315e472d65e,Markus Unterwaditzer,2014-08-31T19:06:30+02:00,Merge pull request #1163 from boreq/docs-update,0,2,0
9eb59b0bef176aa227edc8970d4b2ac420af9293,Armin Ronacher,2014-09-02T16:20:46+02:00,Added support for background loading of the application to speed up initial requests in dev mode.,1,25,4
ed49fe3db1babe0273e295067db9716a69bfbf88,Armin Ronacher,2014-09-03T14:58:32+02:00,Removed leftover from the module system.,1,0,8
f17ad953dd2e563f91cc9ed2bca19ea23464b5dc,Markus Unterwaditzer,2014-09-03T15:27:06+02:00,Fix syntax error on py3,1,2,2
bafc13981002dee4610234c7c97ac176766181c1,Armin Ronacher,2014-09-03T17:57:44+02:00,Added EXPLAIN_TEMPLATE_LOADING to help people debug templates not being loaded.,11,170,15
84f57b6bda5469a7ed1f18ad1c7b167225326796,Armin Ronacher,2014-09-03T18:31:30+02:00,Fixed a relative import,1,1,1
bb0084f5bef9b871a82f0451ed71131ffb7a43b3,Markus Unterwaditzer,2014-09-03T19:17:43+02:00,Fix Py3 compat bug,1,1,1
750ab16364e12387a58061e5895b20fdcdcef003,Armin Ronacher,2014-09-03T19:27:48+02:00,assert_ is assert_true,1,1,0
c09a4317e4cfa64bf59e712405aded84157756a1,Armin Ronacher,2014-09-03T20:12:06+02:00,Record blueprint registration order.,3,14,3
6cd54a48358bd68e21331ec476fe0b21278025d0,Armin Ronacher,2014-09-03T22:33:05+02:00,Fixed some cross linking in the docs,1,2,0
0a7cc2b113a6785006699b5b2bedcc50d0aa4a1a,Markus Unterwaditzer,2014-09-06T02:19:43+02:00,Fix typo,1,1,1
3d3b809347c98ec827687ed3fd6f9f935261536f,Markus Unterwaditzer,2014-09-06T22:19:57+02:00,Rewrite deployment docs,2,52,52
750fa594d8d29715143891ce3eee74672288d14a,Markus Unterwaditzer,2014-09-06T23:05:00+02:00,Shorten paragraph about builtin server,1,4,7
013d8ad3d9fa1697c4dc5648376c98dbd537eb28,cgar,2014-09-09T20:12:38-04:00,minor spelling fixes,2,2,2
773ad9b92d447102b92492f64d7ba0e708746f83,Markus Unterwaditzer,2014-09-10T07:37:25+02:00,Merge pull request #1172 from cgar/spelling,0,2,2
077d06df5498d51c98983562cff876aff4ab862b,Markus Unterwaditzer,2014-08-31T21:48:05+02:00,Remove run-simple.py,1,0,5
3550b26071e0f392ad67ece2ea5057a292bdc528,Markus Unterwaditzer,2014-08-31T21:48:21+02:00,Move tests,55,2,6
961db8ad7290f1bd91058b11a5de31e27bf28563,Markus Unterwaditzer,2014-08-31T21:54:45+02:00,Made tests recognizable,16,31,31
8fa5e32d9a1fdf042632bd8fcd0b44dd8031b639,Markus Unterwaditzer,2014-08-31T21:56:15+02:00,Tests pass now.,24,421,530
b93ab41ed12c3dd0c37fb7a85f1aa93966b46d77,Markus Unterwaditzer,2014-08-31T23:59:43+02:00,Remove testsuite package from setup.py,1,1,1
ec863cef5bb3811803337738c93c65541848a403,Markus Unterwaditzer,2014-09-01T00:00:20+02:00,Update tox,1,4,2
8d97d7143079dd862564a1e119ad44817ba176d6,Markus Unterwaditzer,2014-09-01T00:30:27+02:00,Metadata change,8,24,24
df711eac90223db990eae05a60ee1f6b403443e1,Markus Unterwaditzer,2014-09-01T16:33:28+02:00,Some fixes,3,13,12
a497b10d4fe345c524ad7df24a2c44b066a10abe,Markus Unterwaditzer,2014-09-01T16:49:06+02:00,Don't test old Werkzeug against py3,1,1,1
ba82bac3d80400b5520cac7d0a8915414325bcf6,Markus Unterwaditzer,2014-09-01T18:03:16+02:00,Rework test_config,1,161,168
b1c0951ad690a83e49bfd005853a7b09cdb44cb0,Markus Unterwaditzer,2014-09-01T19:06:32+02:00,Move fixtures,2,105,86
dd6b2574c9d40c4777da71d576f6e5eea1712404,Markus Unterwaditzer,2014-09-02T05:10:16+02:00,Rework test_signals,1,18,10
5da2c00419d09ce2d3488263036ffd14563fb05a,Markus Unterwaditzer,2014-09-02T05:26:52+02:00,Rewrite assertion methods,14,694,719
7e8f1053bb07f4f73914b5784a87de6dcaea6bcb,Markus Unterwaditzer,2014-09-03T20:21:47+02:00,Fix assertion error,1,1,1
e77bc2d86c215ae0d86981630450988407728c5d,Markus Unterwaditzer,2014-09-03T20:41:51+02:00,Remove class from test_views,1,142,150
d0cf5ef394264faf87729c06517c79b9a4b6f8dd,Markus Unterwaditzer,2014-09-03T20:50:54+02:00,WIP,6,568,591
af41dbe0c479769402c46c0b99b841e781a8fa87,Markus Unterwaditzer,2014-09-03T20:56:10+02:00,Remove useless classes,10,805,884
af4cb0ff2bb77c0c2f03227b17cc6ef67f28e63b,Markus Unterwaditzer,2014-09-03T21:02:03+02:00,Remove flask superclass,15,14,35
03339501ab53794b363df9838978d15631821afe,Markus Unterwaditzer,2014-09-04T14:32:56+02:00,Remove obsolete apps,6,0,21
9e02a424b2692178dc5a9b8b494b3a1f0bf3bb96,Markus Unterwaditzer,2014-09-04T14:34:10+02:00,Add greenlet,1,1,0
588cfa9c91c841f4bb3f5a9c91d1c1331f5b8ad3,Markus Unterwaditzer,2014-09-04T14:35:01+02:00,Add note to memleak tests,1,2,0
861aa0db1fdbc52602b8d502153a0a0b8490f124,Markus Unterwaditzer,2014-09-04T14:37:48+02:00,Init global test_apps explicitly,4,19,19
4ea4ea7f93c97043887a280f2cceaad06d615621,Markus Unterwaditzer,2014-09-04T14:38:26+02:00,Remove old helper function,1,0,20
b88a837674421f492f879c0a0122b0bb921d038e,Markus Unterwaditzer,2014-09-04T15:05:22+02:00,Remove fake extensions from test_apps,10,88,48
a00ccdce9429188d349cad5a2f5d6f21b2a84c39,Markus Unterwaditzer,2014-09-04T15:21:18+02:00,Remove more test_apps,2,2,3
77d887526d9776b15acbb43f31d00148debf0db9,Markus Unterwaditzer,2014-09-04T15:22:57+02:00,Rename fixture apps_tmpdir,4,48,48
f8a778deaeb9fd63d3aaa004fce27d07751a9d59,Markus Unterwaditzer,2014-09-04T15:30:12+02:00,Kill classes in test_testing,1,208,222
71dae377330109455ed26d1eb912e243125e3007,Markus Unterwaditzer,2014-09-04T15:32:50+02:00,Kill classes in test_regression,1,43,53
a4931ff3a74d9fcd8766bee69a01b62a75a5e131,Markus Unterwaditzer,2014-09-04T15:37:09+02:00,Kill class in test_basic,1,1340,1198
be42d5665e89c7fd57352c0e6b97355d6b3500f3,Markus Unterwaditzer,2014-09-04T15:43:18+02:00,Split instance tests off into own file,2,278,253
4fca38c078142744922a8c763bc1468e680a830d,Markus Unterwaditzer,2014-09-04T16:22:57+02:00,remove audit command,1,1,38
56db3ddf4e77a9c2184bf9580a67bcb2dd8ca4d7,Markus Unterwaditzer,2014-09-04T16:28:50+02:00,Remove useless imports,1,1,5
192da325f8b171e7512bea13edd4ddd3330a6ca8,Markus Unterwaditzer,2014-09-06T02:20:00+02:00,Testsuite is not a package,4,35,96
bb94a612fddc66f8af8553b5ca5197b3a529b6e3,Markus Unterwaditzer,2014-09-12T21:54:59+02:00,Merge pull request #1165 from untitaker/new_testsuite,0,4492,4701
73ca86587dbf6c0ab3919ea0512c9677a42458f5,Markus Unterwaditzer,2014-09-12T21:55:49+02:00,Add changelog,1,1,0
ef19d663c0ef8051cfcedb6ec3067cb7553bcd82,Paulo Bu,2014-09-13T10:29:28+02:00,Update tests section in README file,1,3,13
80283d6c590a5e54ee877813f33fb7bf3e02123d,Markus Unterwaditzer,2014-09-13T11:47:42+02:00,Merge pull request #1175 from pbu88/update_readme,0,3,13
3f67fe94f1e46908e53283a54f4bf74c524efd94,Paulo Bu,2014-09-14T16:53:05+02:00,Adds 2 tests for Flask.run method,1,28,0
f95acc64d642c8c9b414025ffc673f000c3ba808,tay-k,2014-09-18T18:21:36+09:00,fix filename of test files in README of examples,2,2,2
4f5d3eab067f8821b2a69bfaa9be5ab1b04669b7,Markus Unterwaditzer,2014-09-18T15:37:43+02:00,Merge pull request #1181 from kelvintaywl/examples/fix_readme,0,2,2
0632d53f3debb653359d6da0d061a6eb760a2dff,Kevin Funk,2014-09-19T15:22:37-07:00,Update quickstart.rst,1,3,2
056bd0e6d41203ff8fa431bd588c60e4bb8b9b34,Ivan Ivaschenko,2014-09-20T10:41:46+04:00,Fix typo in changelog,1,1,1
7550f43545303882b9fd2bbf8cb8f288a7a61f2c,Markus Unterwaditzer,2014-09-20T08:57:47+02:00,Merge pull request #1185 from defuz/patch-2,0,1,1
67bee6153396954d7c17d3a90dfd132bba157c36,Markus Unterwaditzer,2014-09-20T09:00:03+02:00,Merge pull request #1164 from pbu88/run_tests,0,28,0
2401e21efd226d3be05b77b8506d6443d574de8a,Markus Unterwaditzer,2014-09-20T13:38:47+02:00,Merge pull request #1183 from k-funk/patch-1,0,3,2
c6795eb626096ce8a14c594b27b61f3917b5e810,Markus Unterwaditzer,2014-09-21T16:47:38+02:00,Remove useless unittest imports,7,8,18
3b3c5b8bf3e353b138605b5fdf1693e3f4ab9200,Bill Mill,2014-09-21T23:03:41-04:00,some grammar fixes in appcontext,1,12,12
e401a83fc5e57c6ac12175edcf3ef9157f094d7e,Ben Darnell,2014-09-25T09:35:46-04:00,Stop recommending Tornado as a WSGI server,1,0,22
11fa387748314193e87c863c181f32c19dc3139a,Markus Unterwaditzer,2014-09-25T17:21:44+02:00,Merge pull request #1187 from bdarnell/patch-1,0,0,22
a25ee7e060ba449f36daa1ba903ddd116b6422e3,Markus Unterwaditzer,2014-09-26T19:22:41+02:00,Merge pull request #1186 from llimllib/master,0,12,12
55db14ec684c57638e1d61f694d8f5359b157655,Nick Luchsinger,2014-09-27T15:34:08-07:00,Minor typo in errorpages.rst,1,1,1
37fb0516f47fcc01cba74a552f89b844805bbdaa,Nick Luchsinger,2014-09-27T18:39:43-07:00,Minor typos in sqlite3.rst,1,11,11
60fcc05c4705ccafa80fb997dd4e908e56894030,Markus Unterwaditzer,2014-09-28T07:10:27+02:00,Merge pull request #1192 from nluchs/patch-3,0,11,11
a18dedc5d3f6e6035d5e460ec4b203331368ab21,Markus Unterwaditzer,2014-09-28T07:11:39+02:00,Merge pull request #1191 from nluchs/patch-2,0,1,1
b9237121ec94558a95fcb117d84f40c853930a74,Markus Unterwaditzer,2014-09-29T21:49:40+02:00,Don't include doc themes in sdist,1,1,1
93c190a8fd81355dd4ac4f567821ff28ad021d5b,Davide Ceretti,2014-10-03T21:04:33+01:00,Add unittest for appcontext_tearing_down signal,1,21,0
d76ca43a583cddec91e8cdd32a8210e6bfb1bd05,Markus Unterwaditzer,2014-10-07T13:09:13+02:00,Merge pull request #1196 from davide-ceretti/add-tearing-down-signal-unittest,0,21,0
97dc6877931d7c72f0740f4634d6a3be9658d036,Markus Unterwaditzer,2014-10-07T19:01:17+02:00,Merge pull request #619 from QuentinRoy/master,0,1,1
7169f44d8801709ebf7a5819d05cfd1201d5429b,Markus Unterwaditzer,2014-10-08T23:12:18+02:00,Various fixes for test running,2,2,2
61097c47a35ad8883c77fc49b93c1314f7819464,INADA Naoki,2014-10-15T02:21:52+09:00,Deprecate request.json property,1,3,1
4d4a639ba46cf72454497bc100b3e811e66af4b2,INADA Naoki,2014-10-15T03:32:04+09:00,Add test for deprecated flask.Request properties.,1,40,0
709289037ae149444b18a59975cf9dc6e93cd05a,Augustus D'Souza,2014-10-18T13:14:04+05:30,Corrected api docs,1,2,2
fa610a24ec326bbca01d6453548a1129178273ae,Markus Unterwaditzer,2014-10-18T16:20:50+02:00,Merge pull request #1208 from augiwan/patch-2,0,2,2
46918d3cebceb611e21bec3b13412f3d18b6509f,Markus Unterwaditzer,2014-10-19T19:53:26+02:00,Merge pull request #1206 from methane/deprecate-request.json,0,43,1
6b3fbb323ad9b442e11f1c8f668e8f494ae94670,Markus Unterwaditzer,2014-10-19T19:54:41+02:00,Add changelog entry for #1206,1,1,0
fed6fd32d80458219c7d167d529c0a2681858587,Matt Wright,2014-03-03T14:14:54-05:00,Pass keyword args from `test_client` method to client class constructor,1,2,2
44c025f552075175fc8335f327c0e825e05527dc,Matt Wright,2014-03-13T18:59:59-04:00,Add a little documentation regarding kwargs in the `app.test_client()` method,1,14,0
986b92203a53c735527e53cbe4f6f6f64aa9e9f8,Matt Wright,2014-10-20T15:18:38-04:00,Add CHANGES entry and versionchanged entry to docstring,2,9,2
050a659c2fceb5327d65c3b08dc8a8279418433e,Markus Unterwaditzer,2014-10-20T21:21:53+02:00,Merge branch 'test-client-kwargs',0,25,4
d425279650b392faf679db3245b8ac7f8c84cf54,Gilman Callsen,2014-10-13T16:30:45-04:00,Improve compression by removing whitespace from separators when using jsonify() and JSONIFY_PRETTYPRINT_REGULAR is False.,3,39,1
bd232e5c82cca0c4445b3fed1a460c0bb0a66082,Markus Unterwaditzer,2014-10-21T19:11:54+02:00,PEP8,1,2,0
a8c36fb3d8f6bb2a9e175bc38cd2de9e0ee8f52a,Markus Unterwaditzer,2014-10-21T19:12:05+02:00,Merge branch 'compressed-jsonify',0,41,1
56a7e8361d978c9ae2981167f3b4d959f2cf21e2,Bryan Stitt,2014-09-19T20:09:55-07:00,Update config.py,1,5,2
bbd9c2f10011be9f9e2b1857bc863d923459154f,Bryan Stitt,2014-09-19T20:15:06-07:00,Update config.py,1,2,0
5e8d503098747e0297f17978c23f5fd64106124b,defuz,2014-10-24T13:11:07+04:00,add tests for trim_namespace argument of app.config.get_namespace,1,8,0
193b94b0eacb29378f294d1e31f59a35b68f076a,Jeff Widman,2014-10-25T03:14:01-07:00,"Fix typo: ""lated later"" >> ""added later""",1,1,1
7b3e52b06f98c1c665c5dfb8fa8d6e6a8fde4c8e,Markus Unterwaditzer,2014-10-25T12:46:08+02:00,Merge pull request #1217 from jeffwidman/patch-1,0,1,1
fe2d75e1f41efb49472d625ec7c366e7c242a2c2,Markus Unterwaditzer,2014-10-25T12:54:59+02:00,Merge pull request #1213 from defuz/config-patch,0,15,2
5c6d789e7b2ff17f43f82b7ca7c9a6410ee7c358,Markus Unterwaditzer,2014-10-26T02:01:42+02:00,Fix broken link,1,1,1
f88765d504ce2fa9bc3926c76910b11510522892,defuz,2014-10-26T18:28:12+03:00,set TEMPLATE_AUTO_RELOAD default value to None,4,41,15
47d7f20d9b291778992920e0a4e3d9ac85b139c4,Petr Zemek,2014-10-27T11:03:07+01:00,Fix two typos in the description of FlaskGroup.,1,2,2
e41bf1e18104bfc2e482aa9f066c3ee7793666b4,Petr Zemek,2014-10-27T11:13:03+01:00,Remove two redundant empty lines.,2,0,2
4840fc0edc6609d51342d4c5e21b7843109e3c16,Petr Zemek,2014-10-27T11:17:49+01:00,Change `== None` to `is None`.,1,2,2
ec3d5800f2c8d6803c426babb0b6df0fa36f866f,Petr Zemek,2014-10-27T11:24:15+01:00,Put two spaces before inline comments when there is only one space.,3,4,4
ebab6718f7dbafaa2e893f2347e6fdc6acad8504,Petr Zemek,2014-10-27T11:31:01+01:00,"Unify the uses of ""testsuite"" vs ""test suite"".",4,4,4
d1423b3e16c17519d2d8841ea2547244cc6aa944,Petr Zemek,2014-10-27T11:33:45+01:00,"Unify the uses of ""file system"" vs ""fileystem"".",2,2,2
3767e7ba4f333e5347a6e7b06e6261b8a579c3e5,Petr Zemek,2014-10-27T11:36:23+01:00,"Unify the uses of ""urls"" vs ""URLs"".",2,3,3
0f3f476dcfd2974aa73a3c741e0f6d94d662885e,Petr Zemek,2014-10-27T11:40:50+01:00,Fix a typo in the description of SecureCookieSession.,1,1,1
92854cb3861f33bff7949be94b5d70ed9262b26d,Petr Zemek,2014-10-27T11:42:40+01:00,Add a missing period in the description of the signals module.,1,1,1
3159c861664eed1a3f82b4b4313ba15b7436a18c,Petr Zemek,2014-10-27T11:45:00+01:00,"Unify the uses of ""sourcecode"" vs ""source code"".",5,5,5
6b9fd4a968dc314ec03c6e5c08c5939667f1634c,Petr Zemek,2014-10-27T11:46:33+01:00,Fix a typo in a comment in MethodViewType.__new__.,1,1,1
d4f6734741929f7532c03b00e732bf7db42f7c01,Petr Zemek,2014-10-27T11:54:30+01:00,"Remove a redundant ""the"" in a comment.",1,1,1
84efebd6be3809388160e8654d0fccc9ce0b2395,Markus Unterwaditzer,2014-10-27T18:31:33+01:00,Merge pull request #1225 from s3rvac/typo-and-cosmetic-fixes,0,26,28
76f3d6b45e76b9979375ef2519cc6164b07c54c1,defuz,2014-10-30T18:40:38+03:00,improve TEMPLATE_AUTO_RELOAD docs,2,7,9
6a6acfbb091229ccc28215e92868fa45ec4c2d79,Ivan Ivaschenko,2014-11-02T22:41:38+03:00,Using double-backticks: ``None``,1,1,1
a1b273658da6b8ec1d8106d30dfc05e1c9542406,Markus Unterwaditzer,2014-11-02T20:46:48+01:00,Merge pull request #1222 from defuz/templates_auto_reload-eq-none,0,39,15
2cfdf7a8397d6308bfc6b89760b70c0fbc593440,Mieszko,2014-11-03T10:29:05+01:00,Minor typos and spelling fixed,1,7,7
54def6265767f1ab134c75b18bd7c7a67a176a1d,Markus Unterwaditzer,2014-11-03T11:00:38+01:00,Merge pull request #1234 from Winnetou/patch-2,0,7,7
bcba7eb397f47b1bc10f768278a54c7cb8bc019b,flowerhack,2014-11-03T12:04:25-05:00,Tweaked sqlite3 documentation,1,5,6
70a33ed49bdc47cdb8e3af923ae315d63f406f0c,Markus Unterwaditzer,2014-11-03T18:48:31+01:00,Merge pull request #1235 from flowerhack/master,0,5,6
28e30322fa14418219910a364395aaa7dfbd364c,Mieszko,2014-11-04T08:51:06+01:00,explain_template_loading_attempts: docstring ,1,1,1
2ab91446f608755affba035650c1dd74b825a018,Markus Unterwaditzer,2014-11-04T13:10:16+01:00,Merge pull request #1237 from Winnetou/patch-3,0,1,1
6dbb015b43cbf0e1670c168b2746a3c16b6fc5a9,defuz,2014-11-05T05:56:02+03:00,docs: `HTTP` -> HTTP,2,2,2
8284217593d5ea3d4bdeaed1e146fa94578b7999,defuz,2014-11-05T06:04:58+03:00,"docs: ``True``, ``False`` and ``None``",19,99,99
3fa4fd0908fcd2300b568171a285726d19a976e1,defuz,2014-11-05T06:13:01+03:00,docs: http method names like ``GET`` and ``POST``,11,44,44
a8f570cc6225e22d0411cf20b0102a92f319e4e3,defuz,2014-11-05T06:45:22+03:00,"docs: :file:`app.py`, :file:`yourapp/templates`",32,93,93
936e787ccaaff34fcda995081ad63f376cdc84af,defuz,2014-11-05T06:46:22+03:00,docs: requirements.rst -> requirements.txt,1,1,1
02694d609f7ae43e023872a2f20b835590e10c0a,defuz,2014-11-05T07:03:55+03:00,"docs: :command:`pip`, :option:`--debug`",14,50,50
ad011bc32d7b9160354efafcd43e20f7042a6a13,defuz,2014-11-05T07:10:49+03:00,"docs: ``DEBUG``, ``SERVER_NAME``, ``PATH_INFO``",11,28,28
06d9a5e738f55ad168caa39a651477567230a78b,defuz,2014-11-05T07:19:02+03:00,"docs: :file:`/var/www/foo`, ``/static``",7,19,19
17eee81da085e979029180895da2d1887182264d,defuz,2014-11-05T07:23:47+03:00,"docs: ``Flask-Uploads``, ``X-Forwarded-Host``",5,9,9
0bb4de1e3ba0c971faba3e2f6815bc9895448940,defuz,2014-11-05T07:27:25+03:00,"docs: ``<body>``, ``|safe``",2,2,2
663802e9768d7862ae30aabf7b68f6e381fd59a3,defuz,2014-11-05T07:39:54+03:00,"docs: ``with``, ``for``, ``self``",10,24,24
d4b9b9854c7afb32c4c2ee27c4d98def1c8e22ca,defuz,2014-11-05T07:43:00+03:00,docs: :mimetype:`application/json`,6,9,9
d338dc8a1369d56cc998c9688ae9e818ba9a5df5,defuz,2014-11-05T07:46:58+03:00,"docs: ``.html``, ``.py``",8,16,16
d6f5eb8def82d86d9377924cffa9d23ae2dec6cf,defuz,2014-11-05T07:56:03+03:00,docs: `script` -> ``script``,3,6,6
5562acfdfc8bb00852a56addc735eacde88b4367,defuz,2014-11-05T08:04:06+03:00,docs: fix warnings,4,8,8
1501b79293b9441509d1911ad3da5b0e1871b1dd,defuz,2014-11-05T08:16:27+03:00,docs: :exc:`TypeError`,5,5,5
eb05001f8a1a6c3acd630b082b81f7fb5f6b9bf4,defuz,2014-11-05T08:40:57+03:00,docs: Don't touch markdown files,2,2,2
974e14484369a977690ae6c29b2e6898525c71e3,defuz,2014-11-05T10:37:34+03:00,docs: remove unnecessary colons,1,1,1
7e157ee589f765f44f6101e88f07fa7f1d165830,defuz,2014-11-05T11:42:40+03:00,docs: ``http://...``,2,4,4
6fcc2ae3f4536e4d2651c1a00abe2306212a5bfd,Markus Unterwaditzer,2014-11-05T09:47:28+01:00,Merge pull request #1240 from defuz/docs-style-fix-2,0,396,396
5c7557917b86d3f2a88816fee00d3b84ee65cad6,Mieszko,2014-11-06T08:58:24+01:00,Minor typos fixed,1,2,2
e9160473093ce7b2a4e867de414a90a9094943fc,Markus Unterwaditzer,2014-11-06T14:11:47+01:00,Merge pull request #1242 from Winnetou/patch-4,0,2,2
9db775e2dd1b07b381932a98a75d049fc1ba8a5a,Mieszko,2014-11-06T23:42:44+01:00,Minor typos fixed,1,3,3
13bd8586e997bccc7d106006aaf82eca0c4c6d6d,Markus Unterwaditzer,2014-11-07T10:24:52+01:00,Merge pull request #1244 from Winnetou/patch-6,0,3,3
5d9cdc65b5c58bff52290a6219cce7abe80b56f6,Mieszko,2014-11-08T22:21:27+01:00,Update sqlite3.rst,1,3,3
eea93424142ede248d9febee6be11b37faf9fbb1,Markus Unterwaditzer,2014-11-09T00:05:00+01:00,Merge pull request #1245 from Winnetou/patch-7,0,3,3
091852ef88d3c5255858d44b93b5f3f5aea16c22,Mieszko,2014-11-12T13:34:01+01:00,Minor typos cont.,1,2,2
b24438b2c9df81db294d3c15681f7faf9a135970,Markus Unterwaditzer,2014-11-12T14:17:31+01:00,Merge pull request #1247 from Winnetou/patch-8,0,2,2
cc8f47cf62bace1346cd2115b8bcd9fdb0ffd86d,David Cole,2014-11-30T19:28:36-08:00,Small Typo fix,1,1,1
924763afd14b05ece440c9563f87e70e5f969b48,Markus Unterwaditzer,2014-12-01T06:51:04+01:00,Merge pull request #1263 from its-not-a-bug-its-a-feature/patch-1,0,1,1
83336e0622195d8e1d0b9578d08a585813c755ae,Sven-Hendrik Haase,2014-12-02T18:13:02+01:00,Update information about Python 3,1,3,21
aaa3a0454593ad4dc4c4e4c5e2f19618e181c750,Sven-Hendrik Haase,2014-12-02T19:40:12+01:00,Admit the occasional encoding problem,1,2,1
eb6df3ddf110be5bcf74771ff15e63d9972729be,Sven-Hendrik Haase,2014-12-02T20:46:46+01:00,Describe the nature of Python 3 roughness,1,4,2
a5d24ac0d96a4e464d37c86267b4813c2f236ee8,Sven-Hendrik Haase,2014-12-02T21:09:45+01:00,Remove head lines and add versions of first Python 3 support,1,2,15
fbe3e818186e4bb1021f3389d1ea79d6d8483891,pkuphy,2014-12-05T02:53:30+08:00,Update api.rst,1,1,1
3bf9c2e097129d9f398f84aa4bc6384b2b3c1219,Markus Unterwaditzer,2014-12-04T20:20:00+01:00,Merge pull request #1269 from pkuphy/patch-2,0,1,1
86525d9b374efd00a97a9c3e9586425a356a6bcc,Markus Unterwaditzer,2014-12-04T22:36:31+01:00,Merge pull request #1264 from svenstaro/patch-1,0,8,36
f166894f764895b3ab0c780214d23220257c563e,Markus Unterwaditzer,2014-12-04T22:39:28+01:00,Merge branch 'flask_deployment_docs',0,49,51
d9402fc0c03353b6d2659297682e578d695476ce,Marc Abramowitz,2014-11-29T08:58:50-08:00,Make `jsonify` terminate responses with a newline,3,17,8
eca53063862fd487dbce6e36fc42fae80f1494c3,Markus Unterwaditzer,2014-12-07T23:53:07+01:00,Merge pull request #1262 from msabramo/JSONIFY_END_WITH_NEWLINE,0,17,8
4d8cba917e600bbec9aef823f861cebe29959c5f,Prakash Pandey,2014-12-09T22:46:10+05:30,Fixed wording,1,1,1
41b5d77e29e6158f7a67e9f9872efb323f1be18f,Markus Unterwaditzer,2014-12-09T18:22:38+01:00,Merge pull request #1273 from prakashpp/patch-1,0,1,1
475d7076f0815142117443f9ed37de4df40fc438,Kevin Yap,2014-12-12T22:09:55-08:00,"Standardized capitalization of ""GitHub"" in docs",3,3,3
a8498b6859cbd3a54895ce7a76c6c5ebe76e2aa2,Jonathan Como,2014-12-15T13:25:15-08:00,update mongokit patterng,1,5,2
23fc2e56a8f169efbc31adfcedf82d8724ba9604,Kevin Yap,2014-12-12T22:52:36-08:00,Grammatical fixes in Foreword and Tutorial,12,98,96
82d7c49d005f419b2f7b5e70fd34a42fb18a1a7e,Markus Unterwaditzer,2014-12-16T20:30:51+01:00,Merge pull request #1277 from iKevinY/doc-fixes,0,101,99
bd4921194e922ef1564b1abfb210953dd0ff286b,Jonathan Como,2014-12-15T13:43:48-08:00,verbage,1,3,4
b7dfa6c363aec171bdca04ce0f49ac5f2a0ac35c,Markus Unterwaditzer,2014-12-17T13:28:24+01:00,Merge pull request #1280 from jcomo/mongokit-doc-update,0,3,1
454ffa2d884271277409060485ff19412b6979bd,INADA Naoki,2014-12-18T13:25:12+09:00,Use new container based Travis-CI,1,1,0
413ae6137e9de669056a645d14e9c8916e4c94d4,Markus Unterwaditzer,2014-12-20T15:05:51+01:00,Merge pull request #1285 from methane/patch-4,0,1,0
47b5c09ba628ec8de37a7f6b2293ee5da9d1df02,Wang Haowei,2014-12-25T11:52:11+08:00,fix typo,1,1,1
b292013cd90b55ea321d00603e91555bbc10b64d,Markus Unterwaditzer,2014-12-25T16:49:59+01:00,Merge pull request #1292 from moonshadow/fix_typo,0,1,1
98b155c65da62077dc5f277a3ec15d3af78333af,Michael Hall,2014-12-24T11:16:57-05:00,Fixed #1288: app.add_url_rule() should look for OPTIONS methods in a case-insensitive manner,2,13,1
45e901fbf828addfcd0984edfa495d99d7155d9d,Markus Unterwaditzer,2014-12-26T20:14:01+01:00,Merge pull request #1290 from mhall1/ticket_1288,0,13,1
3f46f4f77afa44c9c17089224d9608d25512d417,Markus Unterwaditzer,2014-12-26T20:16:25+01:00,Add changelog for #1288,1,3,0
d931216adebf441dc7431f1a073baed8b4a1b20a,Armin Ronacher,2014-12-27T12:24:58+01:00,Hide a few traceback frames from the cli interface.,1,6,0
29ba05f5be60594f913f1f9bb74976528873fcb8,Nic Young,2014-12-29T22:11:17-07:00,Fix grammar in testing doc.,1,1,1
df256f04c26aa2a8ee7a1bd239332a956270f5b5,Markus Unterwaditzer,2014-12-30T10:10:13+01:00,Merge pull request #1297 from nryoung/master,0,1,1
bd2c8b631fcdfc63adcefe0d6cc41fb6c9c21976,Markus Unterwaditzer,2014-12-30T12:08:17+01:00,Fix #1298,1,1,1
b9eb8051675da63750d2e89284e560b06f7c1820,Sateesh,2014-12-30T22:40:13+05:30,Update quickstart.rst,1,1,1
4fde65eb7a9cb2495c2ffd0eb86a3c3cbba98628,Markus Unterwaditzer,2014-12-30T18:14:59+01:00,Merge pull request #1299 from sateeshkumarb/patch-1,0,1,1
33534bb4a9937e6faba5ecec4586519f453369b6,Parkayun,2015-01-02T11:35:00+09:00,Happy New Year 2015,48,48,48
5b9826615267fd75a954db40c1decc2a9dc40a99,Markus Unterwaditzer,2015-01-03T14:00:39+01:00,Merge pull request #1303 from Parkayun/master,0,48,48
d2a380451b721e7a8de11ff9f5d7f4d33e0762e9,Sourya Vatsyayan,2015-01-03T20:30:30+05:30,URL generation rule explained,2,196,7
50fef79b20a86ed13ba81225a13fa589d6a14e73,Sourya Vatsyayan,2015-01-03T23:32:51+05:30,URL generation rule explained for file uploads,1,0,190
a6ea6335a56fe43123ba1709d52b943972ce4787,Sourya Vatsyayan,2015-01-04T13:00:51+05:30,Updated file uploads progress bar section,1,5,8
e3bb34ec24f13dc934bc4a8e8ac1ce4c10eb3254,Jochen Kupperschmidt,2015-01-13T03:03:14+01:00,Added missing import.,1,1,1
b68dc78d09fa9477189b451998bcfdd66eb0d536,Markus Unterwaditzer,2015-01-13T17:58:14+01:00,Merge pull request #1313 from homeworkprod/patch-1,0,1,1
6517a1a37cc97e351c7347076c451bc4aff6c239,Brett Gerry,2015-01-13T14:47:41-08:00,deprecate TextField in favor of StringField,1,3,3
dfeabb7089e989040d0169df4c7df6892e45422d,Markus Unterwaditzer,2015-01-13T23:55:53+01:00,Merge pull request #1315 from brettgerry/deprecate-textfield,0,3,3
65465ffece9152526ea1887e0da2b3a4ab4ff892,Carlos Eduardo Rivera,2015-01-16T03:36:17-06:00,grammar fixes,1,3,3
e3ba459abb026c536e60a3ba2dec3e30b53003f6,Markus Unterwaditzer,2015-01-16T15:06:08+01:00,Merge pull request #1318 from cerivera/master,0,3,3
1ba6c2248d0a2d7a191c6b3b9a9a92c10c688236,Markus Unterwaditzer,2015-01-17T13:17:50+01:00,Add readme to persona example,1,3,0
3bbe869dd7afbf089f32eed7f2ae17e8978c8035,Bruce Sutherland,2015-01-21T14:09:30+09:00,Clarify contents of request properties.,1,8,8
77141c1eca6086ed6ab102f872f6f2bc04e7f5fd,Bruce Sutherland,2015-01-21T15:00:38+09:00,Update api.rst,1,7,7
871077c81c02ffa3a5e4ebb9786fe43dcc433c2d,Bruce Sutherland,2015-01-21T20:52:42+09:00,Show requested URI as suggested by untitaker.,1,3,3
0d86a89420c1d692e659a5c9b0fc0cd5d65ee91a,Bruce Sutherland,2015-01-22T09:12:18+09:00,Wrap text.,1,2,1
61263e08f9c763a6c2b3fec6428c972dea2f7cad,Ben Jones,2015-01-22T12:31:46-06:00,Add datetime.date support to JSONEncoder,3,24,3
51b011fac7ffd9b8a348695000ec642539a3d0e8,Markus Unterwaditzer,2015-01-23T14:54:30+01:00,link to relevant PR,1,2,1
495704e1add905ab81c934487b04aad8d0abc1c0,Markus Unterwaditzer,2015-01-23T14:55:24+01:00,Merge branch 'date-support-in-jsonify',0,25,3
d60e13436dbe144b603eed686adcdbfb0788ac9c,Christopher Bunn,2015-01-28T21:04:43-05:00,Fixed minor docstring typo for teardown_request(),1,1,1
4dc3c16c3d52250c2a3dae9b7a86cbaaa6559945,Markus Unterwaditzer,2015-01-29T07:09:58+01:00,Merge pull request #1332 from mypetyak/docs/teardown_request_docstring,0,1,1
c60b5b91e282ce4984fef7cede1a058e66c420df,Philip House,2015-02-01T15:53:35-06:00,"Update api.rst, fixed spelling",1,1,1
d734baf176aa0a68c0b483741c286d8374138580,Markus Unterwaditzer,2015-02-01T23:16:19+01:00,Merge pull request #1335 from phouse512/patch-1,0,1,1
a45fce84960e3b97fe3ecc2f11de1ba613b8c5c4,Chris Rebert,2015-02-05T12:32:47-08:00,fix grammar in preprocess_request() docstring,1,3,2
eccee36964832577aad8d8a3108b7f39958ba8b0,Chris Rebert,2015-02-05T12:38:34-08:00,Document required signature of before_request functions,1,7,1
6a2524634dec3a7bc71a8b7076ab937d77253c6a,Chris Rebert,2015-02-05T12:45:11-08:00,Document that the return values of teardown functions are ignored,1,4,0
fe6bcffdad73fc8f683dadf1a86229fdfd3a571c,Chris Rebert,2015-02-05T12:45:59-08:00,Document required signature of before_first_request-decorated functions,1,3,0
6e6a3e8cfb5c8c6b6bcddeb0a045a8441a35ad0a,Markus Unterwaditzer,2015-02-05T22:11:07+01:00,Merge pull request #1338 from cvrebert/middleware-docs,0,17,3
5fa76f6800fb81a621b63c42725c5502e2520302,Markus Unterwaditzer,2015-02-05T22:13:14+01:00,Add testcase for behavior described in #1338,1,18,0
ddf0dfa8952852fb5365a794c4fe998a8ff6ba8f,ThiefMaster,2015-02-06T17:02:34+01:00,Use PEP440-compatible dev version,2,2,2
eb2a4521ff838ceb291f6f30f41ea70e3f552032,Markus Unterwaditzer,2015-02-06T18:03:41+01:00,Merge pull request #1341 from ThiefMaster/pep-440-dev-version,0,2,2
85b20f8d491ae02278e720c961024e837cc64b0e,Markus Unterwaditzer,2015-02-06T18:06:16+01:00,Avoid duplication of version info,1,11,3
1158e229589f39a140829bbd02e2f721ea9b5d26,Markus Unterwaditzer,2015-02-06T18:20:17+01:00,Fix test under Python 3,1,1,1
9d64ff420fdde3c6eaa6d573d41da3b2f587422c,Keyan Pishdadian,2015-02-06T14:38:33-05:00,Early commit for issue #1135,3,69,0
6d2c076a3bfafc39eed12a5bca41067c60184c77,Chris Rebert,2015-02-06T13:11:23-08:00,make test_request_preprocessing_early_return more thorough,1,12,2
f0b4b99930595f164c42f53ad9968071ad99c220,Markus Unterwaditzer,2015-02-06T23:34:52+01:00,Merge pull request #1343 from cvrebert/test_request_preprocessing_early_return,0,12,2
29f7c10a5dea499f64188e29a4e08161dbf14eff,Edward Z. Yang,2015-02-07T15:06:48-08:00,Remove bad security advice about send_file.,1,2,6
6521c36c681500d94ff3b624b6c633be98844adc,Markus Unterwaditzer,2015-02-08T13:42:37+01:00,Merge pull request #1346 from ezyang/master,0,2,6
ffe0c548919843cd277fd4664ddffa8625821a04,Jeff Widman,2015-02-09T01:03:08-08:00,Grammer and readability fixes,1,8,8
4082fe65f3ea553ef954b1cab0202259809e27e0,Markus Unterwaditzer,2015-02-09T13:42:06+01:00,Merge pull request #1349 from jeffwidman/patch-1,0,8,8
0b2556f3ec7b3d4be0b7dab9cea8458e07ab18d4,Keyan Pishdadian,2015-02-10T11:23:16-05:00,Add lib2to3 fixer base code,4,28,43
8488a3afa97e12297bdb22586e17b4c0ddf54175,Keyan Pishdadian,2015-02-11T13:07:24-05:00,Change parsing format to use AST via RedBaron,3,51,27
61d5e6a4d4058accec957901be4d1efe2f3f71fa,Keyan Pishdadian,2015-02-11T13:29:50-05:00,Cleanup,2,1,1
c90c4e5e8c796e5dbfa32b30adf68c8582f6162a,Keyan Pishdadian,2015-02-11T14:29:04-05:00,"Support ""import flask.ext.foo"" format",1,48,2
4a9e34a57476c92a4147f9ecafc357a681f1a19a,Keyan Pishdadian,2015-02-11T14:41:48-05:00,Add wrapper for testing fixing functionality,1,5,2
96d81c297adddf034c8eef6b2c76cbd9181d6d22,Keyan Pishdadian,2015-02-11T14:53:39-05:00,Change wrapper logic for testing,1,3,4
0cf5881312a2256607cebe36938405a6fe5a820e,Keyan Pishdadian,2015-02-11T15:06:53-05:00,"Add tests, remove manual testing file #1135",2,40,34
37217e85b80c389208cd3396c2cdc4b89bd46bcf,Keyan Pishdadian,2015-02-11T15:22:07-05:00,Fix issue with wrapper logic,1,3,1
b759aa2b955cccf7050ece74b84c32089443e47e,Keyan Pishdadian,2015-02-12T11:58:38-05:00,Add test for naming module and fix logic to cover,2,32,18
1479cf80f635164b06767454fdd9e5d37853b307,Keyan Pishdadian,2015-02-12T13:06:45-05:00,"Move test file, add RedBaron to tox.ini",2,1,47
9cbe83ef0d03a07a491bd26ecbe508a348ed48a1,Keyan Pishdadian,2015-02-12T16:41:57-05:00,Add a test and cover edge case with parens,2,80,6
4cb311b9455375f6497e7ecb6c931e09b1917d60,Keyan Pishdadian,2015-02-13T15:27:29-05:00,"Add support for function call fixing, add tests",2,56,21
77ed4661011483cfdb546eb49e89cc8d5cc67be9,Keyan Pishdadian,2015-02-13T16:02:37-05:00,Remove hardcoded 'foo',1,1,1
cd6ec4094730156f27c69b327916e19f6c1c4b2f,Keyan Pishdadian,2015-02-13T18:40:41-05:00,Add test and logic for attribute access calls,2,30,4
5f64971731cfb0b8fbac5783e6ac4615aae2c16d,Keyan Pishdadian,2015-02-14T18:16:28-05:00,Update comments to reflect new functionality,1,0,2
6fa1889afb62fb01e8413584aa7abc293245fcfc,Keyan Pishdadian,2015-02-15T19:09:08-05:00,Update comments to reflect new functionality,1,1,4
1dcad60051d5f8ce833b7ab6a37529c6c4a96d96,Markus Unterwaditzer,2015-02-18T18:16:28+01:00,Merge pull request #1342 from keyanp/issue1135,0,232,0
818c42cfeac4c60ba9aea2d45954ba0db9d7d06a,Markus Unterwaditzer,2015-02-18T18:17:14+01:00,"Add @keyanp to authors, sort list",1,2,1
81e8bbbb7f5f7e43f37da5b76071aa52b2c0e5c7,Idris Raja,2015-02-19T09:57:56-06:00,"improve grammar, make format consistent, and improve readability",1,4,3
f6c45afb6ffa9fc1bd3d3637f7d38e423798dce9,Keyan Pishdadian,2015-02-25T19:48:29-05:00,Add skip to fix unnoticed bug with good imports,2,9,1
3740ae492fa4a953abb86fefd025fe12f33fea92,Markus Unterwaditzer,2015-02-26T10:43:34+01:00,Merge pull request #1358 from keyanp/ext_migrate_fix,0,9,1
5d3e7b737c834595735cbeb81077739dd950f396,Keyan Pishdadian,2015-02-28T01:22:15-05:00,Add exception details to response,1,1,1
82b7983b2a0262645dd4dcb72c441b7affa816be,Keyan Pishdadian,2015-03-02T12:12:37-05:00,Make exception contents conditional on DEBUG,1,5,3
9a61e7d57133fd3419907162eb395bc51e667b80,Markus Unterwaditzer,2015-03-04T18:40:35+01:00,Merge remote-tracking branch 'sourya/master',0,11,15
0a492a09a8d357324e70981fbc1a8a634f9ca1fd,Markus Unterwaditzer,2015-03-04T18:43:58+01:00,Restructure Upload Progress Bars,1,8,10
e527c173f51d9fff61429ae2b659ad0400b3d79b,Markus Unterwaditzer,2015-03-04T18:44:56+01:00,Merge branch 'master' of github.com:mitsuhiko/flask,0,9,1
19df249c8907d79d58b8c9dc5fa5cea6e40ad2e7,Keyan Pishdadian,2015-03-04T13:21:39-05:00,Change logic to support when current_app is not available,1,5,4
39e66ca6d782630c67eae4e7e70e60799386ec8b,Keyan Pishdadian,2015-03-04T14:40:16-05:00,Add tests for adding exception to response contents only when DEBUG is True,1,24,0
294961e6fce2c34784f304ca587850d62569b64e,Keyan Pishdadian,2015-03-04T14:48:08-05:00,Change tests to support older response format,1,2,2
d6a1307f9debe7f878961866d42c380ade6b04da,Keyan Pishdadian,2015-03-04T15:14:43-05:00,"Change strings to bytes to support Python3, typo in function name",1,4,4
290c371eb1d0a140203cffce6f270b3cca6783dc,Keyan Pishdadian,2015-03-05T12:48:38-05:00,Change to hardcoding exception contents to support Python3 json loading exception format,1,1,1
1cd9e91810fcfc3b3ca4e8c157593af28de427d6,Keyan Pishdadian,2015-03-05T13:04:38-05:00,Changed error message to include actual exception contents,2,3,3
44da905cb7e0d81267d75ccfcb7ffa2669f02aeb,Keyan Pishdadian,2015-03-05T13:19:00-05:00,Change format index to support Python 2.6,1,1,1
7b080355f561333e4eea01f656f0e4b32dcc688c,Keyan Pishdadian,2015-03-05T13:26:59-05:00,Remove unused import and clean control flow,1,3,4
5164be092a7e9ece7e5e23089458f568be7b9eea,Markus Unterwaditzer,2015-03-05T20:59:12+01:00,Merge pull request #1360 from keyanp/issue1317,0,27,1
c282ab1ce2c93226ed8f1d44b565beb93391312f,Markus Unterwaditzer,2015-03-05T21:55:08+01:00,Merge pull request #1354 from idrisr/master,0,4,3
0748e2daac32ad3c897dddcb1a5363c0b3d9be05,Markus Unterwaditzer,2015-03-05T21:53:20+01:00,Fix typo in changelog,1,1,1
94a3968d69c30c54ea60939a5a84c5bac33601bb,Markus Unterwaditzer,2015-03-05T22:00:27+01:00,Untangle logic a bit,1,3,4
7d63b89a8ee8ccb23abd1a84c5d5d95455021023,Keyan Pishdadian,2015-03-05T16:01:48-05:00,Update README for clarity and to remove redundancy,1,4,5
7ae1c5a8b928f29477796c24bf62e737cd577bcc,Markus Unterwaditzer,2015-03-05T22:03:54+01:00,Merge pull request #1325 from bsutherland/rqst_properteis_doc_iri_patch,0,11,10
9c1cf1bc08facb9588739466162db0a562e8fafa,Markus Unterwaditzer,2015-03-05T22:04:53+01:00,Fix broken link,1,3,3
fba2535005686d7471e53762394465d8311748ab,Keyan Pishdadian,2015-03-05T16:19:49-05:00,Change wording for clarity and accuracy,1,3,4
8c4842cf1fc82bc68ff65a2bdd506b46fb4c0fcf,Markus Unterwaditzer,2015-03-05T22:25:44+01:00,Merge pull request #1364 from keyanp/updateREADME,0,3,5
ce471ca17c21d2250318538f3d5b237af481dc9e,ThiefMaster,2015-03-08T13:40:16+01:00,Configure pytest's norecursedirs,1,3,0
12cd14a0757168e9ef53649e4c331c08a23b37a4,Markus Unterwaditzer,2015-03-08T13:55:39+01:00,Merge pull request #1368 from ThiefMaster/pytest-norecurse,0,3,0
5f8c850895dc879379d5fe0df9e1713f4e00694c,Winston Kouch,2015-03-11T23:54:09-04:00,Add extensions section to Quickstart documentation,1,9,0
ec5811d0a15dc5ca2c5f231ac6aa79f9a107776e,Markus Unterwaditzer,2015-03-12T09:36:07+01:00,Merge pull request #1376 from KWinston/master,0,9,0
c0593efbb279403804cfb43778eec5ed413d3bb2,Caleb Bron,2015-03-12T10:26:06-07:00,link to sqlalchemy declarative has changed,1,1,1
6bbbb72843d48b37bd6c22bbaa12edc20c03b76a,Winston Kouch,2015-03-12T23:32:08-04:00,Add import flask module required to run code on Other Testing Tricks,1,2,0
1aa8a54b175ef10a72d3c3d3f4ed112ddc6e2ea6,Markus Unterwaditzer,2015-03-22T12:49:16+01:00,Always run memory tests,2,0,7
ec0d208bc14c49c611ae05d391b1edb35af854c7,Martijn Pieters,2015-03-23T15:17:19+00:00,Switch away from using None as default value for the exception when tearing down a context.,4,45,8
ecaaa50234692c758092e2953649a584cb479cdf,Martijn Pieters,2015-03-23T15:17:43+00:00,If this patch gets accepted I may as well be added here.,1,1,0
ecb8f81760db351957bd413181a86b375ec347b6,Markus Unterwaditzer,2015-03-23T16:41:29+01:00,Merge pull request #1389 from untitaker/always-memory-test,0,0,7
f0de0a60575363fbc8c484d204a55e02cb3559a8,Markus Unterwaditzer,2015-03-23T16:43:44+01:00,Changelog for #1393,1,2,0
33bad011c38cf97901e035c061e1676974360e5f,Markus Unterwaditzer,2015-03-23T16:44:32+01:00,Merge branch 'mjpieters-appcontext_ignore_handled_exception',0,48,8
78cd4161f0a264df89046b6324446b27011b0930,Markus Unterwaditzer,2015-03-29T13:40:35+02:00,Don't use threads in this test,1,23,26
86e8267eb90bdd2adafde00dc761e96807e80fb2,Keyan Pishdadian,2015-03-29T16:40:45-04:00,Merge pull request #1378 from cbron/master,0,1,1
1577e1386e737eca69dbb6cfe6b8bf979f7b2944,Markus Unterwaditzer,2015-03-29T23:03:38+02:00,"Revert ""Don't use threads in this test""",1,26,23
c259f2bb2b8a9f19af385febaec92a314bbf7969,Markus Unterwaditzer,2015-03-31T12:44:47+02:00,Add contributing file,1,63,0
5dd9335aac116a3d597f1342d7dba62b823a285b,Torstein Krause Johansen,2015-03-31T17:35:29+02:00,Added note that @errorhandler(500) isn't triggered in debug mode,1,3,0
557a053e3b2b43ec2a54298c952ce67fd0d27936,Torstein Krause Johansen,2015-03-31T19:16:33+02:00,Moved noted about HTTP 500 before the code examples,1,3,2
76c518dae7b41f6fc08b559e5a3ac1b628844005,Keyan Pishdadian,2015-03-31T13:52:27-04:00,Merge pull request #1413 from skybert/500-errhandler-note,0,4,0
6c56e4231f718313e8c5ed6a45b6ca8f4f0334d4,Charles Chan,2015-03-31T16:13:29-07:00,Added OpenShift as a free hosting provider alternative,1,1,0
b0757372453f4377a93cb7c4a09b754157a3bec7,Keyan Pishdadian,2015-04-01T10:13:31-04:00,Merge pull request #1414 from charleswhchan/patch-1,0,1,0
20f62e828b2ed100f7aa907b60880c8938593740,Brandon Sandrowicz,2015-03-27T12:30:34-04:00,Fix Possible Typo,1,1,1
b57a076fa30f0d82c2db07c781b8be9abda6ca25,Markus Unterwaditzer,2015-04-02T01:57:06+02:00,Merge pull request #1380 from KWinston/master,0,2,0
8570633214e4749972963ef622b4c86fa8b379fc,Alex Chan,2015-04-03T20:43:40+01:00,Fix a few spelling mistakes in the docs,5,6,6
dac45f6c5d2dc69a59561dc70579cc16a980bd21,Keyan Pishdadian,2015-04-03T15:46:33-04:00,Merge pull request #1418 from alexwlchan/master,0,6,6
08ac3aa4e3739e20d385c4c2973893945f228470,ThiefMaster,2015-04-06T14:55:01+02:00,Allow custom jinja environments,2,16,1
eae48d97b085626c1860a900a27ff63c439e0edb,Phil Schaf,2014-12-23T19:08:14+01:00,Fixed and intuitivized exception handling,1,98,26
7126a22334c881101b5c5f8bdc00d008cb7229aa,Phil Schaf,2014-12-23T20:51:44+01:00,Switched to userdict for obsolete Python versions,1,24,10
a6c6cc18f5eab148cb15a65fe6543fb5f1272765,Phil Schaf,2014-12-25T16:11:11+01:00,Removed unused http code get function,1,2,11
aa4700c276999a002bd6ddf8c7d35993429ec2d7,Phil Schaf,2014-12-28T16:07:56+01:00,More verbose message for old broken behavior,1,5,1
0e44cca8e32f17e78f73a127ebe8d8c627c3fe13,Phil Schaf,2014-12-28T16:13:16+01:00,Removed 500 not being registerable for blueprints,1,1,15
fd8e6b26f9ff59bc8bccd6bd251bee5838551ba8,Phil Schaf,2014-12-28T17:19:09+01:00,removed ExceptionHandlerDict,2,156,70
8c054f04b87dc7d713495d91fdb4d52bdef0e643,Phil Schaf,2015-01-03T01:31:38+01:00,added caching,1,5,6
b31252db55cfac4605ad917d34eaa55fff248a38,Phil Schaf,2015-04-11T14:21:02+02:00,addressed a few review concerns,1,6,6
9d3c4bbb8c180cc3f42edacc41f74ca327af9805,Phil Schaf,2015-04-11T16:57:17+02:00,Added docs for the error handler rework,3,72,2
d4ad47af624ef8382182fa3627b5e10e8ee2c703,Phil Schaf,2015-04-11T17:44:18+02:00,added info about an exception being raised for the old and broken behavior,1,2,0
4437eb7ceb7f139df8d14fae904c22e86557d053,Phil Schaf,2015-04-11T18:01:22+02:00,slimmed down error handling intro,2,2,7
290372faf118d3f925dd674dc593a91f1c1ea58a,Phil Schaf,2015-04-11T18:08:04+02:00,some details,1,3,3
06f2be3ae48e6a49f9e4528fc187dab0af0ac9a3,Markus Unterwaditzer,2015-04-11T18:12:46+02:00,Merge pull request #1429 from flying-sheep/errorhandler-rework-docs,0,69,2
aed464b92bbd9bddba2684304c141b9d65b7d01e,Markus Unterwaditzer,2015-04-11T18:13:22+02:00,Merge pull request #1291 from flying-sheep/errorhandler-rework,0,182,30
7d506f2408520ecb21025f93d9ece00431004501,Markus Unterwaditzer,2015-04-11T20:31:22+02:00,Recursively traverse MRO of exception,1,25,15
0bac2ade9154b4c1a267990238e2ab84931a0cb4,Markus Unterwaditzer,2015-04-11T20:42:46+02:00,Fix formatting errors,1,80,82
aaebe9fe252454a319de1f0e583d0e5a8635e399,Markus Unterwaditzer,2015-04-12T00:06:57+02:00,Merge pull request #1431 from untitaker/flask-errorhandling-amend,0,105,97
1b7fad37167095f4c1981ed7987254ff5c6de6c0,ning.xie,2015-04-19T12:41:02+08:00,fix pep8 with logging.py,1,3,3
e99fec26ab1e8b11d93a84ed0b74c3406b01494d,Markus Unterwaditzer,2015-04-19T11:37:55+02:00,Merge pull request #1441 from andyxning/fix_pep8_with_logging,0,3,3
73d89cccec4bac27457a9effb7b4e6b7ca0deb5b,Markus Unterwaditzer,2015-04-30T23:05:55+02:00,Errorhandlers were NOT *added* in 1.0,1,5,2
d3987808521a7d4b0331e6b154499d99d1fc5ec7,Ford Hurley,2015-05-01T12:11:55-04:00,Mention that custom converters can be defined for url routes,1,2,0
73c833568d33c3a270434b590cfe7355a757ee3a,Markus Unterwaditzer,2015-05-01T20:11:33+02:00,Merge pull request #1448 from fordhurley/custom_converters,0,2,0
2de525c720bea58c088decedd89bab5914e39a7e,Matthias Bussonnier,2015-05-01T17:30:20-07:00,importlib deprecated in 3.5.,2,4,4
61f12d6a8d113ec1c20bfa518efc78dd5b4d564a,Markus Unterwaditzer,2015-05-02T21:58:44+02:00,Merge pull request #1450 from Carreau/importlib,0,4,4
a1c55a698cbc4e93c5190479f3e3f03c53d79c71,Shuhrat Dehkanov,2015-05-06T22:13:52+09:00,Replace 'I' with 'We',1,1,1
f0926d7b18ff4ea0ab331b0eb4ed22b2cb68771f,Markus Unterwaditzer,2015-05-06T15:55:28+02:00,Merge pull request #1453 from ozbek/master,0,1,1
8a960916445b78b2e9069f89bc046eccc235f2be,Nick Janetakis,2015-05-06T16:07:47-07:00,Add pip install --editable . to contributing docs,1,8,0
3fe68c221a41e8b86107281d869eac435e2a4154,Markus Unterwaditzer,2015-05-07T13:24:13+02:00,Merge pull request #1455 from nickjj/docs_contributing,0,8,0
887d382da146de0522b1b125db1c3cbe393cc57e,Jon Banafato,2015-05-09T12:29:53-04:00,Add X-Forwarded-Proto to proxy setup example,1,4,3
17d7353d39100b5eca00f769e2564ca95457d053,Justin Poehnelt,2015-05-14T23:44:49-07:00,fixed import of werkzeug secure_filename,1,1,1
1e15e17a666a082d4f5534588d964ac5ab99c254,Markus Unterwaditzer,2015-05-15T10:24:24+02:00,Merge pull request #1461 from justinwp/patch-1,0,1,1
be45a608e38a16766eb568a05b39becee2cd572b,Wang Haowei,2015-05-20T20:31:06+08:00,fix docstring for _find_errorhandler,1,2,1
6e77cd709e16f7d1d654f67a5fc82e54bceae432,Markus Unterwaditzer,2015-05-20T14:52:08+02:00,Merge pull request #1463 from moonshadow/fix_docstring,0,2,1
0d19fa0a061d91f0a6fec5cc60af4a4c1b46aa9b,Markus Unterwaditzer,2015-05-31T18:58:09+02:00,Clarify some docs,2,2,2
348bf52188b9f7bef1096d8fe70edf2e62ea04a8,Joshua Carp,2015-06-02T16:13:30-04:00,Handle empty deque on errorhandler lookup.,2,30,1
5ebf1e824da1a35c8f45a8c39591a6ddd3f70b36,Markus Unterwaditzer,2015-06-03T17:46:10+02:00,Merge pull request #1480 from jmcarp/handle-empty-deque,0,30,1
2446ca63a8d840a35ea4eac02672b24a6fcf406f,Markus Unterwaditzer,2015-06-06T03:29:44+02:00,0.11 => 1.0,3,3,3
d00f5cc9fe108684d7125fb6369bc12ccf0095c1,Markus Unterwaditzer,2015-06-06T03:30:49+02:00,Merge branch 'ThiefMaster-override-jinja-env',0,18,3
1e857bfa7111c6f74c79d9a93c3ff7da5d719c92,Markus Unterwaditzer,2015-06-06T03:31:51+02:00,Changelog for #1422,1,1,0
337a9d6172292a29229680251477f3cabe0c0281,Andrew,2014-12-11T16:28:22-05:00,Include backend argument when instantiating Celery,1,2,1
7a999cd4b8b1b8ad13f8519ba3fd22e34016165c,Markus Unterwaditzer,2015-06-06T03:35:22+02:00,Merge branch 'AndrewBMartin-patch-1',0,2,1
d40288496c18d86d16f8aad144e8cf57c46dd3bf,Markus Unterwaditzer,2015-06-06T04:05:23+02:00,Show original autodoc signatures,1,21,0
5c68b24f645131993c2f474ee2e91b8845edb974,Markus Unterwaditzer,2015-06-06T04:17:57+02:00,Merge pull request #1483 from untitaker/improve-autodoc,0,21,0
f05aeea6dd525d735b5e008aa176b1b839b08cca,Jeff Widman,2014-10-25T15:53:09-07:00,Correct the order of suggested syntax for extension imports,1,2,2
063a8da4f8b9237f425ade907ce97339eff52f56,Markus Unterwaditzer,2014-10-26T01:09:56+02:00,Add changelog for #1218,1,2,0
43d6b8a5fc5f4efd9dd1ce8c73a0c15979defd22,Daniel Neuhäuser,2014-04-26T02:01:12+02:00,Drop Extension==dev requirement,1,33,37
3185f445c908a3926f17deb574cb9b1f0b049fe8,Daniel Neuhäuser,2014-04-26T02:04:21+02:00,Drop Python 2.6 minimum requirement for extensions,1,1,2
b12d9762e7fdb4877ea0cb750628149609e3ecb4,Daniel Neuhäuser,2014-04-26T02:06:09+02:00,Require Python 3.3 and higher for extensions,1,1,1
b9938d0182abac79289963b2df507756bf86a50b,Daniel Neuhäuser,2014-04-27T00:26:39+02:00,Don't allow namespace packages anymore,1,1,2
2b58e6120ceadf363d12cc12889bfc79c18d5066,Daniel Neuhäuser,2014-04-27T00:27:37+02:00,Fix wording,1,1,1
f80ea4fe5d3f194c567d3fd279e1e84050a12b10,Jeff Widman,2014-10-25T18:56:10-07:00,Some grammar and typo fixes,1,8,8
66b4ea91b4f59c40b36ee2c5a5ccd1218387a891,Markus Unterwaditzer,2015-06-06T06:25:41+02:00,Fix #1195,1,2,0
d13a1b363e1065de98f44fe0446b570ce078007e,Markus Unterwaditzer,2015-06-06T06:29:24+02:00,Rename jinja_env_class,2,3,3
805692108ae973281d793250ca883cc1412ab08d,Keyan Pishdadian,2015-03-09T11:22:45-04:00,Update send_file() docs to clarify encoding requirement #1286,1,8,8
b471df6c885abc08f59abcf21b9b77c902cc894b,Markus Unterwaditzer,2015-06-08T15:18:34+02:00,Point to stable version of Celery,1,1,1
a4b335a64a6a34de36a2fcd93dc8118bd58dd733,Vincent Driessen,2015-06-10T10:58:49+02:00,Remove the word `trivially` here,1,1,1
3e07b9c287b7c1432b547188cacc00543c2bdd40,Markus Unterwaditzer,2015-06-10T11:45:37+02:00,Merge pull request #1491 from nvie/patch-1,0,1,1
beec47a7cc56860435d142e68324a11ffd915cac,Markus Unterwaditzer,2015-06-10T18:37:07+02:00,Deduplicate signals docs,2,109,181
bc4c1777e9aaee1c404ab06dc92893da21f2cea7,Markus Unterwaditzer,2015-06-11T19:55:51+02:00,Document static_folder,1,3,1
c65b32ba1d71c95d165f173f8681bfc0f6e1eca2,GunWoo Choi,2015-06-12T13:40:53+09:00,Update title of docstring in flask.cli,1,1,1
cc6bf7c18ac14397e5ee35493b3788536a85e3cd,Markus Unterwaditzer,2015-06-13T13:50:50+02:00,Merge pull request #1496 from Hardtack/patch-1,0,1,1
554c5b965a8b9d702897e5da926312cac22fa86e,Markus Unterwaditzer,2015-06-13T17:07:38+02:00,Fix #1477,1,0,1
30973310ec2aaa12bce5c1293c802ab0c662b83a,Menghan,2015-06-13T23:16:14+08:00,Replace 'Werkzeug' to 'Flask',1,5,5
9ddd3e9084b9909fccdb42c55f637dc8b671beb7,Markus Unterwaditzer,2015-06-13T17:55:12+02:00,Merge pull request #1499 from menghan/doc,0,5,5
284081c452e96b31ae43df2e30a162acec72728c,Markus Unterwaditzer,2015-06-17T13:01:47+02:00,Don't pass version to tox explicitly,1,2,3
cb9f64508148453dcfa4deaeb4ea95518f58cee0,Markus Unterwaditzer,2015-06-17T13:17:12+02:00,Merge pull request #1502 from untitaker/travis-simplify,0,2,3
d53d5c732bf794b965d15458f8e578fe51864a26,Alexander Pantyukhin,2015-03-23T08:09:21+00:00,before_render_template signal,4,29,3
1fbeb337c467a2be0f999606373fd1ba0e200908,Alexander Pantyukhin,2015-03-23T12:25:53+00:00,fix endline in the signal.py,2,3,5
967907ee81cbc671cd8982bdc02a9d3335fdde11,Alexander Pantyukhin,2015-03-24T12:20:28+00:00,before_render_template signal can override render template.,2,29,2
e57199e0c4e18da2a87b15ed6d6e35668ae1b763,Alexander Pantyukhin,2015-03-24T13:49:39+00:00,fix test_signals,1,8,2
eae37b575d2106ae80edea823d50c0e4ebfebec3,Alexander Pantyukhin,2015-03-24T14:28:33+00:00,fix test_signals,1,1,1
883f82f2617f893d024b3fcee8fd9bbe0b0d9341,Alexander Pantyukhin,2015-03-30T10:49:55+00:00,template overrides handling changed,1,6,5
5e12748d0efb5fc3d1f6a68d7bf05fd8980a2fd4,Alexander Pantyukhin,2015-04-07T07:18:15+00:00,Ignore before_render_template return values,2,2,33
a9066a37563f40ec6757e99c458f5883bb000bd1,Alexander Pantyukhin,2015-06-17T11:59:04+00:00,Changes and docs are modified.,2,18,0
87222087b333c4f9ccc665e787fdf304cabeba73,Markus Unterwaditzer,2015-06-17T15:45:57+02:00,Merge branch 'alexpantyukhin-master',0,47,2
bbaf20de7c34d533f9b83f20b536342a8c735fb1,ThiefMaster,2015-06-20T17:49:50+02:00,Add pop and setdefault to AppCtxGlobals,4,35,0
6af9690ae9800f5a6074c70498cba4b26335ec72,ThiefMaster,2015-06-20T18:09:27+02:00,Remove the deprecated Flask.modules property,1,0,7
595fb7e1fac3eea207816a700565f6a549e160d3,Markus Unterwaditzer,2015-06-21T19:37:34+02:00,Merge pull request #1510 from ThiefMaster/remove-modules-property,0,0,7
5dfe918e4fafd63fc77664a3a1cda501bb0929f9,Zev Averbach,2015-06-26T08:41:56-04:00,"fixed some punctuation, fixed a few errors, in service of readability",1,12,12
37474871dc66ddd94f970740f773d9ffb6c0f4e2,Markus Unterwaditzer,2015-06-30T21:33:04+02:00,Merge pull request #1509 from ThiefMaster/appctxglobals-candy,0,35,0
e4f635f8d7bade2dbd8b7e3e8be6df41e058c797,Alan Hamlett,2015-06-30T10:59:25-07:00,remove whitespace at end of lines,1,8,8
99c99c4c16b1327288fd76c44bc8635a1de452bc,Alan Hamlett,2015-06-30T11:00:14-07:00,Enable autoescape for `render_template_string`,7,41,5
db09c6798eb4304aa3e6e937517bf94acd449c8f,Markus Unterwaditzer,2015-07-04T23:42:12+02:00,Merge branch 'alanhamlett-master',0,49,13
011b129b6bc615c7a24de626dd63b6a311fa6ce6,Jimmy McCarthy,2015-06-08T16:31:35-05:00,Add kwarg to disable auto OPTIONS on add_url_rule,2,45,2
a1360196447c8dad1b20fc611bd96210c0bfca28,Jimmy McCarthy,2015-07-07T13:21:51-05:00,Updated changelog,1,3,0
8ba986e45e5b8f73f3f18da9d145b06722e5ceca,Aayush Kasurde,2015-07-12T21:08:16+05:30,Added fix for issue 1529,1,3,0
92a293046b80b4d6cf4430fb72b76b8a8f92b149,Markus Unterwaditzer,2015-07-12T18:49:55+02:00,Merge pull request #1530 from Aayush-Kasurde/master,0,3,0
05c2e7c276ba14c8e8abce4dbb86e0d35c5268ba,Wayne Ye,2015-07-14T12:36:01-07:00,Fixed gevent introduction to use libev instead of libevent,1,2,2
671c1ee0022ebc561a86e7c18ba97b2b81c24ead,Markus Unterwaditzer,2015-07-14T22:44:51+02:00,Merge pull request #1532 from WayneYe/master,0,2,2
93fe1d54bd44b190aa0f58990bc397bf22324452,Christian Becker,2015-07-16T02:45:56+02:00,make external_url_handler example py3 compliant,1,1,1
97c0b26cc0dc9f8dcbeba83131c59b90440b6134,Markus Unterwaditzer,2015-07-16T11:49:09+02:00,Merge pull request #1534 from lobeck/update_external_url_handler_example,0,1,1
5da31f8af36012a4f76c3bd0d536ae107e0519b5,Christian Becker,2015-07-15T01:20:39+02:00,fix UnboundLocalError in handle_url_build_error,2,14,2
765f851a7c880fc654eada6aefb4ce7aa5b14525,Markus Unterwaditzer,2015-07-16T12:01:25+02:00,Changelog for #1533,1,2,0
6a6a6d87c2aea5db42ca00c3d6bdd9c36fe80ddf,Markus Unterwaditzer,2015-07-16T12:02:12+02:00,Merge branch 'lobeck-fix_unboundlocalerror_for_handle_build_error' into 0.10-maintenance,0,16,2
81ae94a5fd47fab00ce72e0298ef52a2e8274dc5,Markus Unterwaditzer,2015-07-16T12:05:07+02:00,Merge branch '0.10-maintenance',0,17,2
128bc76af0f6c16ba71b41851be800ccdf354752,lobeck,2015-07-16T13:53:59+02:00,"Revert ""make external_url_handler example py3 compliant""",1,1,1
b528b2ffe30e72a4dc19a54ba080d33278b8b6ba,Markus Unterwaditzer,2015-07-16T12:20:33+02:00,Merge pull request #1535 from lobeck/revert-1534-update_external_url_handler_example,0,1,1
ac12e362c4b7fd765b0f6ee6d1699d027ee9bffb,Markus Unterwaditzer,2015-07-21T13:41:44+02:00,Merge pull request #1520 from zevav/patch-2,0,12,12
c8f19f0afc8d49a68ec969097e6127d17706b6dc,Mathias J. Hennig,2015-07-22T23:35:13+02:00,Reimplement function with_metaclass(),1,4,12
b3767ae59f8d916333ebc2cc04d962fa33f76580,Mathias J. Hennig,2015-07-27T15:32:23+02:00,Addressing feedback from pull request,1,5,6
7f3867491570746a4c14bdaa5bd59ec1b64cbfea,Markus Unterwaditzer,2015-07-27T19:25:27+02:00,Merge pull request #1539 from mjhennig/with_metaclass,0,4,13
8b9cb6caa71c2db1a9c2ebd66f77ffe8b6306623,Jonas Gröger,2015-08-22T00:56:54+02:00,Update uwsgi/nginx deployment documentation,1,13,9
b644e2747f82fe662f03a4973490acaaf6476d60,Jonas Gröger,2015-08-22T01:05:45+02:00,Mention virtual environments in uwsgi/nginx deployment docs,1,5,0
808bf6d204d426c26461e5c16b8983eb0345b037,msiyaj,2015-08-27T00:27:44-04:00,Missing apostophe.,1,1,1
04a3eeee3b02a16ba94882790839dfe2d526ad84,Jimmy McCarthy,2015-09-14T13:06:54-05:00,Merge branch 'master' of github.com:mitsuhiko/flask,0,38,29
5505827a4bd759a24696258983ec14c768358af8,Jimmy McCarthy,2015-09-14T13:25:52-05:00,provide_automatic_options as explicit arg,1,9,5
a23ce4697155ae236c139c96c6d9dd65207a0cb6,Jimmy McCarthy,2015-09-14T13:29:16-05:00,Update change log,1,3,3
ee7f4b2babb7a831d515bd9cb1160d86dad6a97b,Armin Ronacher,2015-10-01T13:58:48+02:00,Added lineart logo,1,165,0
6cd191db4fd2a1f2593e0d120001073781ba698f,Armin Ronacher,2015-10-01T13:59:05+02:00,Ignore build folder,1,1,0
1ac4156016a578fdf439ac69bc39b9c6687ea9f9,Armin Ronacher,2015-10-02T23:19:54+02:00,Fixed some lint warnings,1,2,2
51c35295af94f8f401a4942aab674f161222a984,Nadav Geva,2015-10-15T00:02:46+03:00,Fix name mismatch in apierrors page,1,1,1
15f267e1ee401d317793ac71482d269588d22ff1,Abhijeet Kasurde,2015-10-20T14:40:55+05:30,Updated documentation for Setuptools,1,13,18
6102d210a3559577bdc0d90eaed87f58beb41e94,hidavy,2015-10-23T16:20:02+08:00,Update CHANGES,1,1,1
d526932a09557be4aff6d27261cabb7c5c5ebb8d,Timo Furrer,2015-10-24T07:04:23+02:00,support timedelta for SEND_FILE_MAX_AGE_DEFAULT config variable,5,36,7
b8dc6c12b76cd96d38127328296fa79956fcbf18,Timo Furrer,2015-10-24T09:14:01+02:00,add python 3.5 build to travis config,2,4,1
99bc0dfd3bc866a67e6d56a62f0edbf773dcb5b6,Michael Klich,2015-10-29T11:24:39+00:00,Add info about working with VE and Python 3,1,6,0
3f6e8c6ad586caf6a60bc73ebd52838a73074ef1,Armin Ronacher,2015-10-30T17:35:06+01:00,Merge pull request #1594 from timofurrer/python3.5-support,0,4,1
84a12afd4dff0c58aceb34c7fc93e3eedbe5005f,David Lord,2015-10-30T11:10:08-07:00,Merge pull request #1593 from timofurrer/master,0,36,7
233886dda2f69e381cd6c49a16de2d816824b90d,David Lord,2015-10-30T19:20:27-07:00,Merge pull request #1565 from msiyaj/master,0,1,1
fa32222b09cb85c0a1bd4c864689ea5d3319a354,David Lord,2015-10-30T19:20:40-07:00,Merge pull request #1592 from hidavy/patch-1,0,1,1
41622c8d681a170f39df2ab8dff170d3b8d2d139,David Lord,2015-10-31T15:17:45-07:00,Link article about deploying on Azure/IIS,1,1,1
5420bce3832fe07ef69187e5a5e3335b32f05713,Abhijeet Kasurde,2015-11-01T09:27:35+05:30,Merge branch 'master' of https://github.com/mitsuhiko/flask,0,49,11
b51e368cc7db30d849bba0e210a40af90f81eb62,Abhijeet Kasurde,2015-11-01T09:27:35+05:30,Merge branch 'master' of https://github.com/mitsuhiko/flask,0,50,12
2fe8e81596ccc94c79eaabcce8d59b4a0a94850b,Abhijeet Kasurde,2015-11-01T09:35:40+05:30,Merge branch 'i_1465' of https://github.com/Akasurde/flask into i_1465,0,0,0
4a8f3eacbb94f4db2d85b96dc64df6ee476452db,wodim,2015-11-04T12:00:44+01:00,Fix typo in templating.rst,1,1,1
5c73a8b4adbaae76ba9998997fd3fc6e6d44a37d,Armin Ronacher,2015-11-04T12:03:31+01:00,Merge pull request #1607 from wodim/patch-1,0,1,1
7f678aaf5a066ff71289743a64e5cd685b660428,Eric Yang,2015-11-04T22:08:31+08:00,Fix a typo,1,1,1
8789c94d8273a22d4dce114e06a2f6ee1f9b980c,Armin Ronacher,2015-11-04T15:39:43+01:00,Merge pull request #1608 from Windfarer/patch-1,0,1,1
1d49343bb19933f5f8057a548cb69657d8cbd699,lord63,2015-11-07T09:04:24+08:00,Fix typo in app_ctx_globals_class doc in app.py,1,1,1
915d34444b2a1be982940e6f3c91576adc8aa57f,David Lord,2015-11-06T18:12:56-08:00,Merge pull request #1610 from lord63-forks/fix-typo,0,1,1
2faf245876822702e99d036d23cd3792ab5e0b84,Daniel Thul,2015-11-11T23:46:51+01:00,Fix typo.,1,1,1
7d6e1185729eea3dfc93783b5ff7937c22b388d1,Armin Ronacher,2015-11-11T23:50:09+01:00,Merge pull request #1616 from dthul/typo,0,1,1
751fe451df7d0e03754a02a52e4b59152b37891a,Armin Ronacher,2015-11-12T13:08:56+01:00,Merge pull request #1558 from JonasGroeger/master,0,18,9
daa3f272da477470d23481d409d54f989136ac32,Ivan Velichko,2015-11-20T19:43:49+03:00,Allow to specify subdomain and/or url_scheme in app.test_request_context(),3,52,5
51b62fb044ef59f0024ad890ff29765381ae1e29,lord63,2015-11-22T14:43:25+08:00,Render the code block in mongokit.rst,1,1,0
bd4020d9de90eff06ea5febba987d2564eed0ccb,David Lord,2015-11-22T00:15:58-08:00,Merge pull request #1624 from lord63-forks/fix-code-format,0,1,0
4a576b06e8455d117910a8d10d006d136124f11f,Redian,2015-11-26T21:04:23+00:00,Add .cache dir to gitignore,1,1,0
96f7b07caf15a23a67e9e9dfd086d38e400b2db5,Redian Ibra,2015-11-26T21:43:05+00:00,Skip test if redbaron is not installed,1,12,13
a68a25cb1f23dbeb471a7bc26478126116597463,David Lord,2015-11-26T19:17:41-08:00,Merge pull request #1629 from redian/patch-3,0,1,0
b3b5a98fd09f4c02828765a5968825ab4f11556a,David Lord,2015-11-27T08:57:56-08:00,Merge pull request #1630 from redian/master,0,12,13
db468a46188c14df12d0e87259834ebea86ec2ea,David Lord,2015-12-01T20:58:12-08:00,ignore pycharm config,1,1,0
25aab43f8e27e80e8f05498849c17e041791785b,Dougal Matthews,2015-12-03T09:51:24+00:00,Fixed a typo,1,1,1
ec07d7086ababb5d347f785cbbb25b2001260304,David Lord,2015-12-03T05:03:47-08:00,Merge pull request #1637 from d0ugal/patch-1,0,1,1
c388e9c24e835f9f4f91b6194d6b0997c8535a53,David Lord,2015-12-03T16:18:46-08:00,add myself to authors,1,1,0
d7b20e0ad7b99e05a327485ce9c150bf2f993b0e,David Lord,2015-12-03T16:19:24-08:00,use https instead of git protocol,1,4,7
910ad019160730e8cb7ca58cec214a9c5ca296a4,David Lord,2015-12-03T16:50:16-08:00,use https instead of git protocol,1,1,1
fcd573e120eaf4b97d05a3bfa225133741c04428,accraze,2015-12-09T19:49:47-08:00,added note about directory permission syntax change,1,14,0
dc07e26a8f99c43c840e5c50357f55320022003f,David Lord,2015-12-09T21:09:07-08:00,Merge pull request #1648 from accraze/mod-wsgi-docs,0,14,0
b55bc0baa291fb3ac2f62f5852c2469f1dda9bdc,lord63,2015-12-13T22:08:31+08:00,Remove with_statement in flask/ctx.py,1,0,2
9f4cbb9af4ab26f0fed6358a9219466f3c1c82e3,David Lord,2015-12-13T09:21:01-08:00,Merge pull request #1651 from lord63-forks/remove-with-statement,0,0,2
7368a164c7506046a4a0b0ce2113c2aaa7800087,lord63,2015-12-20T20:35:46+08:00,Clarify the python versions that flask supports,1,6,0
c1c205bcd39ee417ed028c967819a45d08d604fc,David Lord,2015-12-20T08:19:35-08:00,Merge pull request #1661 from lord63-forks/clarify-version,0,6,0
23cf923c7c2e4a3808e6c71b6faa34d1749d4cb6,AvivC,2015-12-27T04:55:57+02:00,Clarified CONTRIBUTING.rst,1,1,0
f17e6061fcffdc290f615d3fdc9d949e9e719574,David Lord,2015-12-27T10:42:45-08:00,Merge pull request #1666 from AvivC/fix-mistake-in-contributing-file,0,1,0
102a33ca528f34bae0cbbfc60cb63d5e2dab7cf2,Jeff Widman,2015-12-30T01:04:24-08:00,Update `tox` installation instructions to point to PyPI,1,2,4
952a6c8989137bb0c44adaf37df0227b8e426a75,Miguel Grinberg,2016-01-02T10:56:02-08:00,Werkzeug should not block propagated exceptions from Flask,3,23,1
826d7475cdab43b85d79f99e8eae5dabb01baf7b,Aviv Cohn,2016-01-05T01:10:35+02:00,Clarified the docstring in method Flask.preprocess_request.,1,10,8
edb65cc0f056bdfb201531066976e1cb8a90ad1f,nivm,2016-01-10T12:33:35+02:00,remove 'flask' from etags to obscure server technologies,1,1,1
daceb3e3a028b4b408c4bbdbdef0047f1de3a7c9,Jeff Widman,2015-12-30T03:11:53-08:00,Add support for serializing top-level arrays to JSON,5,115,116
431db2874b242316051963d9bc4d5653b3647acc,David Lord,2016-01-25T07:16:51-08:00,Merge pull request #1671 from jeffwidman/support-json-top-level-arrays,0,115,116
f267191cd81d67de3633b2d5bd4d9bfe4f44e0dd,Markus Unterwaditzer,2016-01-25T20:27:24+01:00,Merge pull request #1669 from jeffwidman/master,0,2,4
0edf0a0e3a8b0f3e8309822044631fe7864d3066,Jeff Widman,2016-01-25T15:02:27-08:00,Cleanup jsonify() function,2,7,9
7b1ebfbc4d517c2b9de2e4e4ddabffaead1190df,David Lord,2016-01-25T22:17:04-08:00,Merge pull request #1679 from miguelgrinberg/passthrough-errors,0,23,1
7df543d5dc48c9a653403b1be2c8e83ba0f6c7f7,David Lord,2016-01-25T22:52:09-08:00,Merge pull request #1703 from jeffwidman/master,0,7,9
992d9be96ef0f0d746bd4a77b9081bff3b44524b,David Lord,2016-01-25T22:56:51-08:00,clean up,1,6,11
b4240e6bbdfdb7745ce03532618b0fecc311cfeb,David Lord,2016-01-25T23:02:48-08:00,Merge pull request #1688 from nivm/master,0,1,1
08f843fa75f2059a6d3fcf9784dc49d49cb52927,David Lord,2016-01-25T23:25:52-08:00,Merge pull request #1581 from nadavge/patch-1,0,1,1
e7367c9bbf7187d1e3650093fd4aaf96d879a331,Kenneth Reitz,2016-01-26T20:40:26-05:00,Merge pull request #1588 from Akasurde/i_1465,0,13,18
a4df0fbb397e13bd7c6475dbde5f44727474c3c7,Adrian,2016-02-02T16:16:01+01:00,Add missing return to g.setdefault,1,1,1
22270d0f7d4c794f6959d92fdb1b1e6ffd48fc46,David Lord,2016-02-02T07:39:21-08:00,Merge pull request #1715 from ThiefMaster/patch-1,0,1,1
6d0bbd627c8ff7b6339c894342d00eae11deb7ec,lord63,2016-02-03T20:49:02+08:00,Fix typo,3,3,3
07fdd1930b947b2cc074706ecdfea908ffdb05b9,lord63,2016-02-04T14:33:02+08:00,Update app.py,1,3,5
d5308bb80c47a645dfcc06588bf173b5c3a3887f,Kenneth Reitz,2016-02-04T01:49:09-05:00,Merge pull request #1716 from lord63-forks/fix-typo,0,5,7
6c0496a1f38e69c700a2ca834d3d64f60361d3bc,Prayag Verma,2016-02-08T19:33:34+05:30,Fix a typo,1,1,1
f63cd722976e1514cf0c0eb4b79180e3c9bc43a1,David Lord,2016-02-08T06:14:29-08:00,Merge pull request #1721 from pra85/patch-1,0,1,1
52daeffdc9ef07019acaf64ce505aa54ba98a037,Eric Dill,2016-02-09T14:24:09-05:00,DOC: Remove gendered language,1,1,1
2094e8f28e41b525bae89fffaf4073e7f6c017a6,Armin Ronacher,2016-02-09T11:26:03-08:00,Merge pull request #1723 from ericdill/doc-update,0,1,1
e7d548595e8f2f03fb58c827bef8abae2f84aa59,Markus Unterwaditzer,2016-02-17T22:02:22+01:00,Merge pull request #1456 from jonafato/proxy-setup-x-forwarded-proto,0,4,3
39cb3504e155290958735b2ffafb69ff23b23c4f,Brian Welch,2016-02-19T08:23:28-05:00,Update MANIFEST.in with simpler template commands,1,8,10
4dc2ef19eaa4ced5cb2f4a2a1673e65459c355d2,Reuven,2016-03-04T13:30:40+02:00,Use pytest.raises() instead of try/catch with asser 0,5,39,84
d45445ed00f5d1839f19f66207ca276ebdc034c6,Markus Unterwaditzer,2016-03-04T13:51:07+01:00,Merge pull request #1743 from homoSapiensSapiens/use_pytest_raises,0,39,84
67e2127a5d9de5c17af122cb5fcacfc05e980a4c,Gaëtan Petit,2016-03-08T10:05:20+01:00,Update deprecated references,1,2,2
1a7fd980f8579bd7d7d53c812a77c1dc64be52ba,Markus Unterwaditzer,2016-03-08T20:30:36+01:00,Merge pull request #1748 from gaetan-petit/patch-1,0,2,2
adeedddbb53083add5f9e66041b072ad716a2aab,Ethan Rogers,2016-03-11T10:06:00-07:00,Fix minor typo in security doc,1,1,1
bdadd979944627b271eb41dc958ed1eb1c185b0c,Markus Unterwaditzer,2016-03-11T18:12:59+01:00,Merge pull request #1750 from erogers6264/master,0,1,1
4542bac4d43efbd2422a52714f96c0dedd08e2b4,Markus Unterwaditzer,2016-03-13T00:42:28+01:00,Merge pull request #1733 from welchbj/patch-1,0,8,10
bc9619bebac93d3a44777ef3ebfd7b12b3399cc3,whiteUnicorn,2016-03-15T00:02:29+09:00,"Replace ';' to ','",1,1,1
c9b29f4072b66be4c751af060d64ea749c6991c1,Markus Unterwaditzer,2016-03-14T16:49:16+01:00,Merge pull request #1755 from bdh1011/patch-1,0,1,1
fc0e1a8d8adc10ee602a5621c3a1382eb36702f2,Austen D'Souza,2016-03-23T02:02:04+05:30,Fixed typo,1,1,1
89086c5f7e89b63a6cc92681039bd9745e54c60e,David Lord,2016-03-22T14:22:06-07:00,Merge pull request #1758 from AustenDSouza/patch-1,0,1,1
55e37d4f0937cc143706cdb9052039b7b8cf477c,gunbei,2016-03-23T11:27:05+01:00,update get-pip.py location,1,1,1
3d7857344a7e61e6f6aa1acdfdbe44d3830883ee,Markus Unterwaditzer,2016-03-23T12:07:46+01:00,Merge pull request #1759 from gunbei/update-get-pip.py-location,0,1,1
ce06240851d18ab725d348bce1793aad67349131,Matt Robenolt,2016-03-27T10:36:57-07:00,Run bdist_wheel as a part of release process,1,1,1
da0ebb9b7822017ca125c865bb9f321ed4d78801,Markus Unterwaditzer,2016-03-27T19:54:25+02:00,Merge pull request #1760 from mattrobenolt/patch-1,0,1,1
e0a8fd3162ebc1fb1c2edadf91325f0b586d7425,lord63,2016-04-02T05:05:11+08:00,Add two missing converters for flask in the docs,2,4,0
9a80fe691dfd46664a39edf983332b99a71766d1,bagratte,2016-04-02T01:12:25+04:00,minor revision of documentation.,13,32,37
cc536c8a7b6f61fedb2d0cb1abdd643d8e987afe,Shipeng Feng,2016-04-02T07:17:45+08:00,Fixed stream_with_context if decorated function has parameters,2,4,4
d3d8a4694a9c1601e213d6b5f27fab34615609b7,Markus Unterwaditzer,2016-04-02T21:06:30+02:00,Deprecate flask.ext,4,65,22
9f1be8e795ace494018689c87d8a5e5601313e4d,David Hou,2016-04-02T12:07:27-07:00,Raise BadRequest if static file name is invalid,2,15,3
7f26d45b16d3fa3593360ea9dc0243cc0dbcb6bd,Markus Unterwaditzer,2016-04-02T21:08:58+02:00,Changelog for #1484,1,1,0
bd667109c650c83cc3d5c50de509567ca8472fd3,Markus Unterwaditzer,2016-04-02T21:10:24+02:00,Changelog for #1763,1,2,0
567fff9d0d20650743abd8fe17d3dc9d98fa19dc,José Carlos García,2016-04-03T23:11:38+02:00,Change to Pallets project,13,18,18
6e91498e64f3081c9d37f8f6e5fd3e3086de9741,Steffen Prince,2015-10-04T18:51:27-07:00,docs: run() should not be used in production,1,7,2
b0105f41cc078b0f505787eebdb382014c685687,Stéphane Raimbault,2015-11-28T12:38:56+01:00,Extend documentation about uwsgi/nginx deployment,1,8,6
0030f637c5efe5ebfba35b95f1ce592641d0f969,Jeff Widman,2016-04-04T11:20:10-07:00,Merge pull request #1631 from stephane/sra/docs,0,8,6
6bf42f9a845b7e54a39846f5410c9e3f6c80ba18,Jeff Widman,2016-04-04T11:22:34-07:00,Merge pull request #1577 from sprin/1102_warn_on_run,0,7,2
1a877fbaa027456cb7eba04f35d7f0a11c075f71,Keyan Pishdadian,2016-04-04T17:19:10-04:00,Remove extmigrate from Flask repo,3,1,239
594d1c5eb274fd02cb31059becde848d9d38ed33,Winston Kouch,2016-04-05T10:53:08-06:00,Add note to not use plain text passwords to views.rst,1,6,0
8c595f1ebaaaa0de7d0f5ffb51c47e3f003a6a65,Jeff Widman,2016-04-06T23:30:41-07:00,Remove dotCloud host instructions,1,0,2
90181dd8b50ce5faf021a50de3ed829fc1af03af,Jeff Widman,2016-04-06T23:32:13-07:00,Merge pull request #1771 from jeffwidman/master,0,0,2
740c42217cb349ab4f03ecba37973ec0c9bed421,Daniel Quinn,2016-04-08T16:53:25+01:00,The comment didn't make any sense (#1777),1,1,1
0690ce18c276e5c0fd364663d14df6898d5e5ff4,Adrian,2016-04-08T20:47:08+02:00,Correct spelling for Stack Overflow,1,1,1
2bf477cfeafd87c69b88e1ec58b5eb67abf756e2,Steven Loria,2016-04-08T19:30:47-03:00,Add JSONIFY_MIMETYPE configuration variable (#1728),5,16,1
be2abd29267fdd337212b2d1a5856da635966005,Daniel Quinn,2016-04-11T13:57:04+01:00,Fix typo (thing --> things),1,1,1
317d60307d7310f0987951164c2c70098b8b5749,David Lord,2016-04-11T16:10:51-07:00,fix some warnings while building docs,3,21,18
1cc9ccfc671220ff69d6967de0fb71b18a68ad38,Corey Goldberg,2016-05-03T11:55:36-04:00,update docs and refer to setuptools,1,17,18
de25e98f917ae441d186e8a722a0f40a6c7458f2,Miguel Grinberg,2016-05-04T06:46:49-07:00,minor rewording of get_json documentation for clarity (#1781),1,6,5
28b36f642ddac117c88c30f4800bc2ec44eddcf9,Corey Goldberg,2016-05-04T21:14:25-04:00,removed references to easy_install,1,5,5
e45e17c490add1377cb169bd66e80979d72d5875,Stefan Wójcik,2016-05-05T10:27:45-07:00,fix a grammar mistake (#1798),1,1,1
e8bd2c92029455abfcbbd3e10b161f9da0d269be,Markus Unterwaditzer,2016-05-08T21:58:38+02:00,Merge pull request #1795 from cgoldberg/update-docs-setuptools,0,20,21
9f4c569c83f3f00f43a8ea975821c405ab0057f0,Benjamin Dopplinger,2016-05-09T13:37:27+10:00,"Fix ""with"" formatting in doc",1,5,4
8011e1de28c82e5ab5c9727d10bcba997e8254ce,Ronny Pfannschmidt,2016-05-09T07:44:17+02:00,Merge pull request #1801 from ben4ever/fix_doc_with_formatting,0,5,4
88500f5cc709e2e931e6547ed9b58033a50215a8,Jannis Leidel,2016-05-16T19:36:55+02:00,Forward ported CLI tests from Flask-CLI and fixed a bug with the CLI's name. (#1806),5,149,1
c810fae9e835ad446e7e9d61c12bbf2f6b597109,Frédéric Chapoton,2016-05-20T21:57:10+02:00,turn 2 prints to py2/py3 compatible syntax (#1812),1,2,2
883cb7cedcc23efbb7e73f8884df8f406e452541,Armin Ronacher,2016-05-22T10:34:48+02:00,Always run gc before leak test,1,1,2
6aee9f6d77e0696bd570d6095445d73c48539f8a,Armin Ronacher,2016-05-22T10:45:25+02:00,Resolve state issue for url_for with forced scheme,2,21,2
96ec24f6e0ff77a24d0151afe20ec7c97118019f,Armin Ronacher,2016-05-22T11:36:40+02:00,Fast path for disabled template load explain.,1,20,11
bdbca923ef26424f605b4c744131512a5edb0f1e,Thomas Sanjurjo,2016-05-22T10:09:21-04:00,Addressing Issue 1809 (#1811),1,16,1
c5900a1adf8e868eca745225f3cf32218cdbbb23,ThiefMaster,2016-05-23T14:42:42+02:00,s/1.0/0.11/ in versionadded/versionchanged markers,9,19,19
92f63a1c1d483c1a1636efb20cadb1c2932b33ff,dataforger,2016-05-24T15:06:34-04:00,fix docstring (#1818),1,1,1
523e27118359425048541d92892f20ee048c0b76,Armin Ronacher,2016-05-26T20:07:52+02:00,Implemented simplified CLI interface,5,51,91
a7d829c61854bc609a343eec114d2a129761fe9f,Armin Ronacher,2016-05-26T20:45:50+02:00,Update docs to the new CLI patterns,10,112,141
1df426aaaacf5dcd774d9c80857c212388d1a038,Armin Ronacher,2016-05-26T20:48:49+02:00,More doc updates for FLASK_APP,1,9,7
f9ea3fe026a684bb47a0f4794431dab30d0f601e,Armin Ronacher,2016-05-26T20:52:17+02:00,1.0 -> 0.11 in the docs,7,21,11
21d595bee73e65a28201709bd1a8b97c42aff5d2,Armin Ronacher,2016-05-26T21:05:39+02:00,Change changelog to 0.11,1,2,2
9594876c1f6377a3f8b911d31e8c941295baa281,Armin Ronacher,2016-05-26T21:29:01+02:00,Added plugin support to the cli,2,53,0
87787b130b28b97848e57b2c838e92186755cd21,Armin Ronacher,2016-05-26T21:34:56+02:00,Merge pull request #1814 from pallets/feature/faster-template-loading,0,20,11
8482ce6b8ca9f1110b86bff4c3f998655fdecf8a,Armin Ronacher,2016-05-26T21:46:56+02:00,Improve application context popping,3,66,38
b13e83a2f228625b66c04003a1df7f8e7fb4176d,Armin Ronacher,2016-05-26T21:48:20+02:00,Merge pull request #1813 from pallets/bugfix/scheme,0,21,2
c73cf0f82ef011ac4dbaf00ce4e8318fb9fb53dc,Armin Ronacher,2016-05-26T22:17:34+02:00,Merge pull request #1821 from pallets/feature/plugin-cli,0,53,0
8d7e7aab31f0e3cf4d009376b6d210ae1a27785b,Armin Ronacher,2016-05-26T22:31:15+02:00,Merge pull request #1822 from pallets/bugfix/better-pop,0,66,38
3e651e795a76032eef18349a5cddaf770c0e2046,Armin Ronacher,2016-05-26T22:57:12+02:00,Added sentry to docs,1,40,0
42b7ab3f499d3ccecfb86220cf3107ba6231cd8f,Armin Ronacher,2016-05-27T00:17:58+02:00,Incorporated ThiefMaster's suggestions for docs,1,6,6
e83d608d7d34c7fe8b98d468eb5d2c579ca3b7bf,Armin Ronacher,2016-05-27T12:00:16+02:00,Merge pull request #1823 from pallets/feature/sentry-docs,0,40,0
0e06302c79c50a4b2dd43b2bcd6f909f8994ce5e,Armin Ronacher,2016-05-29T11:01:22+02:00,Release is near,1,1,1
1eccb62965967264acfd1a504fcc3fca0646a8be,Armin Ronacher,2016-05-29T11:02:18+02:00,Do not bump version in setup.py,1,0,7
13e6a01ac86f9b8c0cad692d5e5e8d600674fb6d,Armin Ronacher,2016-05-29T11:02:23+02:00,Bump version number to 0.11,1,1,1
b23cd61e04b01e83defcdb9dafe8b6bcafdffc40,Armin Ronacher,2016-05-29T11:02:48+02:00,This is 0.12-dev,1,1,1
f91aea2aa0c83964cebdd71350318932baffe700,Markus Unterwaditzer,2016-05-29T15:46:48+02:00,quickstart: Remove reference to `python hello.py`,1,3,3
70de011d5102bea6b97010643cf36698f94f97fb,Adam Chainz,2016-05-29T14:49:38+01:00,Convert readthedocs link for their .org -> .io migration for hosted projects (#1827),4,6,6
ba07f5bd81f66a40333cc619d0a8a7b3c17ec49f,Ionuț Arțăriși,2016-05-29T22:51:05+01:00,Show line which caused the DeprecationWarning (#1831),1,1,1
9c469698904e41a9e006ff7b96e48557a4f3c418,Jochen Kupperschmidt,2016-05-30T23:20:23+02:00,Fixed link in changelog to documentation. (#1833),1,1,1
a72583652329da810fc2a04e8541a0e2efd47ee1,Yoav Ram,2016-05-31T00:20:35+03:00,Update help to >   set FLASK_APP=hello.py (#1830),1,1,1
83ae787f97c38bb73c9d627326710a997dbac2a8,Jochen Kupperschmidt,2016-05-31T16:24:11+02:00,Fix typo in cli docs,1,1,1
e4c712ffd2682f963906e1d0d27e67b7f83d95ce,Frédéric Chapoton,2016-05-31T21:20:22+02:00,a few more python3-compatible print (#1840),2,5,3
fd1a355899691215bda059f410256e6fff470955,Armin Ronacher,2016-06-02T09:44:41+02:00,Added test-requirements.txt. Refs #1835,2,2,0
6bee3e4995066466a35ac080844d4962a728d084,RamiC,2016-06-02T13:35:16+03:00,Add a --version switch to flask cli,1,26,3
6b28ceba83c3b76eea2e5a89327318af67404298,RamiC,2016-06-02T13:55:00+03:00,Use the whole sys.version string,1,1,1
19b134002cdd6be9f3543a7b6d18b4c05fa44fe9,Armin Ronacher,2016-06-02T13:53:13+02:00,Merge pull request #1848 from RaHus/add_version_switch_flask_cli,0,26,3
41f3d67dffe0263d46e7829819393c1abcf3d0f1,Armin Ronacher,2016-06-02T13:53:35+02:00,Update CHANGES,1,5,0
390cd5e4eec8340d74e8b72b2d51a5a3eeef3842,James Farrington,2016-06-02T11:58:02-07:00,Fixed #1846,2,10,1
d9a98dd536b4cac42fc9012c6184251a5ae2ad7a,Prachi Shirish Khadke,2016-06-02T11:26:28-07:00,Document flash message size limit,1,3,1
5cf261a2876cd311c7abe17c14da733a48a4343d,Jeff Widman,2016-06-02T11:59:50-07:00,Merge pull request #1851 from prachikhadke/1789-document-flash-limit,0,3,1
14e4207397adeb09a14831bd01c21508c9ef4840,Hyunchel Kim,2016-06-02T10:29:33-07:00,"Add issue template, resolves #1773",1,2,0
d80fabd9f633fc0ef2955a127cc980ac9b0cc8fd,Jeff Widman,2016-06-02T12:30:25-07:00,Merge pull request #1855 from JamesTFarrington/sprint,0,10,1
7e8d7d43c8852f1567a93838ae7983bf519ddcb1,Emily Manders,2016-06-02T12:47:36-07:00,Added link to deploying documentation,1,2,0
2644d69486038c03901dc860329375cc40fb64a1,Jeff Widman,2016-06-02T12:50:56-07:00,Merge pull request #1853 from hyunchel/feature/issue-1773-add-issue-template,0,2,0
4102be4060ad468c46add85747a22cf597fedf95,Markus Unterwaditzer,2016-06-02T21:59:44+02:00,Merge pull request #1858 from etothemanders/master,0,2,0
cbdd2aa141fc7c0f82b3667bbc55d50843d6627c,Ryan Backman,2016-06-02T14:05:49-07:00,Document Runtime Error when running outside of application context,1,5,0
808d2cf75e7127618340149c5b0f1a9b608b617e,Jeff Widman,2016-06-02T14:15:24-07:00,Merge pull request #1861 from ryanbackman/master,0,5,0
63b5dab0fc889f490b9fee803ae67efa3df28a09,Anton Sarukhanov,2016-06-02T14:14:56-07:00,Add subclassing pattern/example to fix issue #221.,3,24,1
db299c02a1e066469a542bd3fca64e7c237a6591,Adrian,2016-06-02T23:27:41+02:00,Improve GitHub issue template,1,1,1
a228a3b2cfbc53d428f6cecade8b5b0fec576f03,Jeff Widman,2016-06-02T14:32:24-07:00,Merge pull request #1862 from antsar/master,0,24,1
024fbe5a6076d0f3f793cd4a66d0b50decdb2a1a,David Lord,2016-06-02T14:54:49-07:00,"Revert ""Adds simplejson as a testing target."" (#1865)",2,1,10
447f591d2b5507bbd25ea9f1aa0a33522b444822,Anton Sarukhanov,2016-06-02T15:05:14-07:00,Rewrite subclassing example with a better use-case.,1,8,13
d88c08e56f7398206596129036b8f101be11cba0,Jason Brazeal,2016-06-02T15:40:59-07:00,improved documentation for config.from_object (#1870),2,9,3
047efac537abad9e3880f545d8b767f6e6be3786,jphilipsen05,2016-06-02T17:56:08-07:00,Coverage for test_static_path_deprecated and test_static_url_path (#1860),1,19,0
62aaee02f754c74e0a051097c869cdabb0f0a09d,Hyunchel Kim,2016-06-02T22:15:00-07:00,Add a link to Extension Development (#1875),1,7,0
fa327fd4fadcca746b466dfd8dbd166a50d8efad,wldtyp,2016-06-03T01:00:55-07:00,Tutorial: Note extensions for encrypting passwords (#1854),1,19,6
d393597c507ea62df534ba2ffb8a4e77cf3f1548,Markus Unterwaditzer,2016-06-03T13:56:42+02:00,Use recwarn everywhere,5,112,94
293eb583f62e930c84dc1612fadf60185c0a9174,Markus Unterwaditzer,2016-06-03T14:04:25+02:00,More explicit warning categories,1,10,10
6c359e0f532d18a71895f035dd1326ca5d2d67f8,Markus Unterwaditzer,2016-06-03T14:19:25+02:00,Eliminate some resource warnings,3,26,19
3d72099dcd8dfdf127c23e7104c19bd70ea18f82,Markus Unterwaditzer,2016-06-03T14:44:13+02:00,Merge pull request #1878 from untitaker/recwarn,0,102,77
8458cc5cd10bac1dabea3dae86424bce46926a49,Dan Sully,2016-06-02T10:04:48-07:00,Remove deprecation warnings for add_etags & mimetype guessing for send_file(),4,14,50
ae97ca855361dc47b45f85371d557419c0e764dc,Markus Unterwaditzer,2016-06-03T14:55:33+02:00,Merge pull request #1868 from antsar/master,0,8,13
f034d2e271403c7b3b8a1c2728b2320ed157a037,James Farrington,2016-06-03T09:29:12-07:00,Tests with and without simplejson for every existing testenv (#1869),2,13,1
fe5f714026b68b1416c3d3985bce5063901c320f,jphilipsen05,2016-06-03T09:41:10-07:00,fixed unmatched elif (#1872),2,11,4
41e08f4ccd0f41896200cbf5c5f5d6f3df3df713,Josiah Philipsen,2016-06-02T15:06:55-07:00,fixed unmatched elif,2,11,4
b080bb19a17bee98ec44700c2e134cbdc5e6204f,Markus Unterwaditzer,2016-06-03T18:42:16+02:00,Merge branch '0.11-maintenance',0,0,0
2bde2065e646a67665cb4eaac3219e78524e29ad,Markus Unterwaditzer,2016-06-03T18:43:32+02:00,Changelog for #1872,1,8,0
225c311f1b8c15808031a8e5ec941da5c5c36275,Markus Unterwaditzer,2016-06-03T18:44:01+02:00,Merge branch '0.11-maintenance',0,8,0
e048aa4e19d689104733783a19560a6a485a473c,dawran6,2016-06-03T10:58:39-07:00,Add negative test for json.jsonify (#1876),1,8,0
bbd6c8c791ffa0f9f30f31d17e47e8fe8e587526,Josh,2016-06-03T14:32:10-07:00,Expanding contribution documentation (#1883),2,21,0
954b7ef7bbc261ac455feb122b56e897653de826,Randy Liou,2016-06-03T15:50:38-07:00,Enhance code coverage for Blueprint.endpoint,1,19,0
19dcdf4e70e3c57ef647c16c63f6633241c0c946,Zev Averbach,2016-06-03T16:59:15-07:00,enumerates the states in which code is executed...,1,18,12
9c236d3b84332aef0c834266a0e3d2171fe5a7bd,RamiC,2016-06-04T09:25:16+03:00,Mention the template name conflict issue in blueprint templates docs (#1843),1,15,6
03ea11fe76a593c146c347f49d8285efb36bb886,Giampaolo Eusebi,2016-06-04T11:26:16+02:00,Make safe_join able to safely join multiple paths,2,20,14
06a170ea9b73ffe4f2e64453c70ed6b44619ecc8,Giampaolo Eusebi,2016-06-04T11:26:44+02:00,Add tests for safe_join,1,43,1
9f9e1fde8fc91b64a0cf99bf0debaae5806a2644,Markus Unterwaditzer,2016-06-04T21:12:55+02:00,Merge pull request #1730 from geusebi/master,0,63,15
64a37bb9b758630c0f2c649d82e10e849c095d48,Hyunchel Kim,2016-06-05T10:32:00-07:00,Test side effect (#1889),1,18,3
af515cc7ea561292b07195c6a93662b7ca189e21,Prachi Shirish Khadke,2016-06-02T13:00:42-07:00,Add last_modified arg for send_file,2,22,4
7c271401b284e6fcc2040fffe317342e2a17a902,David Lord,2016-06-05T12:42:34-07:00,pass value directly to last_modified,2,14,17
33212309a22d3aeed725e3138d48593dc0a5b47f,Shawn McElroy,2016-06-02T15:58:14-07:00,updating docs and showing how to use `setup.cfg` to configure dev builds with sdist,1,19,0
14a5a9e5547895f9e77dfd2dccd7fdb63fe2b8da,David Lord,2016-06-05T12:59:04-07:00,"move setup.cfg info to setuptools docs, reword",2,19,18
aa9a994946acf45187cb12506b47433306aa3473,David Lord,2016-06-05T13:12:25-07:00,use pip instead of setup.py in fabric command,1,13,24
434c19933eb445907d73b9bb9e4973d546f5ee52,Ping Hu,2016-06-02T11:12:35-07:00,Add clarification for login_required decorator ref #313,1,6,1
169a4e0c44dcf8414d7cc27d405e9afdcd29a53c,David Lord,2016-06-05T14:21:17-07:00,"move note about next param, add example, other cleanup",1,17,15
00c200eeaa6af7c5c25c37471ab0313ae26651b4,alatar-,2016-06-02T15:27:14-07:00,"Update documentation about python 3 support in Flask, resolves #1578",1,2,16
baa2689658e340fc5a2a093bb061f3b9af6d85b6,David Lord,2016-06-05T15:45:39-07:00,clean up py3 info more,2,18,28
3384813151e18ea7903a31f22bff1ea65dcb6bee,Ryan Backman,2016-06-06T04:03:01-07:00,Clarify wording in App Context documentation. (#1890),1,1,1
f6b5b571dce6d8ed1632622f1cdea3acd2fd1a57,Markus Unterwaditzer,2016-06-06T13:39:14+02:00,Fix several typos in python3.rst,1,4,5
5aa70b5a56f10b6077885c45697ee29e98bd345e,avborhanian,2016-06-06T11:29:14-04:00,Updating url in errorhandling.rst to a valid link,1,1,1
6a3a209f41c4dc561ca2d96765cdcf0edda97425,Markus Unterwaditzer,2016-06-06T17:37:07+02:00,Merge pull request #1892 from avborhanian/patch-1,0,1,1
5eaed3711685f263d4a34af25b5976f04e6885f2,Anton Sarukhanov,2016-06-07T08:03:55-04:00,Add test for find_default_import_path,1,15,1
d1d82ca8ce7262ad9d27245ce44f86571287810e,Markus Unterwaditzer,2016-06-07T18:22:43+02:00,Bump version to 0.11.1,2,2,2
724f04d30597a6d0144958e86f20e816b0d9b1f1,Markus Unterwaditzer,2016-06-07T18:23:09+02:00,This is 0.11.2-dev,1,1,1
b990d8076430357effacc0b6023a4dc6b7060239,Markus Unterwaditzer,2016-06-07T18:26:06+02:00,Merge branch '0.11-maintenance',0,2,2
4f83f705e7a5f35381841148caf04b2829873faf,Markus Unterwaditzer,2016-06-07T20:12:40+02:00,Merge pull request #1881 from antsar/master,0,15,1
501b8590dd8b262c93d52c92ab4b743af1f5d317,RamiC,2016-06-08T12:03:26+03:00,Allow per blueprint json encoder decoder,3,48,4
4305ebdf6692956a7e21a7195b90505d92f559d8,RamiC,2016-06-08T12:50:43+03:00,Check for a request ctx before using the request.,2,13,6
5cadd4a348b4d42e22ddb2bfad93f74a4f34cc59,Anton Sarukhanov,2016-06-08T08:26:01-04:00,"Added make target for test coverage, documented make commands",4,25,9
6e46d0cd3969f6c13ff61c95c81a975192232fed,Markus Unterwaditzer,2016-06-13T20:29:21+02:00,Fix PyPy3 support and add bug references,2,20,5
433c5614946bb872b1fa4b70d6c671088066fd35,Markus Unterwaditzer,2016-06-13T20:34:30+02:00,Merge branch '0.11-maintenance',0,20,5
0514ba2de1751de1b0c9a223c96f6a7145714e6a,Dave Barker,2016-06-14T00:59:32+01:00,Enable template auto-reloading in app.run(),1,2,0
5c12721730d18e2eddfe083cf1f6398af8915643,Markus Unterwaditzer,2016-06-14T22:45:24+02:00,"Revert ""Addressing Issue 1809""",1,1,16
c80ea941d06b0899b8ecdce6179e5b5259e1c5ac,Markus Unterwaditzer,2016-06-14T22:46:27+02:00,Merge pull request #1912 from pallets/revert-1811-iss1809_register_blueprint_docs,0,1,16
24289e97af233f11d9c145f80604b2ee416254a1,Dave Barker,2016-06-15T02:15:33+01:00,Add test for new template auto reload debug behaviour,1,17,0
1a67e284d043818743ae9ef5a46b6b64a9db56f7,Dave Barker,2016-06-15T02:25:48+01:00,Remove unnecessary werkzeug mock attribs from test,1,1,3
c0087204e5b83ad4e3983d07b66d17acdde0b9de,Leo Tindall,2016-06-14T23:55:47-07:00,Documentation: Clarify instructions about changing row_factory for SQLite3 (#1573),1,19,2
b8aca21a392c367522eedb93f248f68005c84908,Archie Roller,2016-06-15T21:27:06+05:00,Fix #1911 (#1913),1,1,4
9f2b3d815ec39279bfb838221580a36378a0de20,dcfix,2016-06-16T14:40:23-06:00,Demonstrate how to add multiple urls to the same function endpoint #981 (#1900),1,10,5
146cba53e7be1d433ecae9999ae662b48921e520,Baptiste Fontaine,2016-06-19T22:27:23+02:00,wtforms: Add missing closing tags in example (#1917),1,3,3
1ffd07ff5a0cd87020d7c527a4c83050f6ae9c14,Sudheer Satyanarayana,2016-06-21T20:57:03+05:30,Fix small typo in python3 docs,1,2,2
663d786f6888bbd308528284b6a26d433ef314ee,Ameya Pandilwar,2016-06-22T16:26:35-04:00,Update documentation for upgrading Flask using 'pip' command (#1918),1,3,3
d8c39f4b3753c0ebc93177661c43bfe35d7c019c,David Lord,2016-06-22T14:53:27-07:00,"Revert ""wtforms: Add missing closing tags in example (#1917)""",1,3,3
cd1a9b7d545a9566b6d8ab861572f2e80c67916e,David Lord,2016-06-22T15:01:41-07:00,remove unnecessary form action attributes,4,7,7
0e4607000d1e4a33a06c98578ec06226a43cdc56,David Lord,2016-06-23T13:00:45-07:00,re-add passthrough_errors to cli runner (#1928),1,2,1
16471795117bb2d200888e49af5b621377bc1436,Kiss György,2015-04-26T09:40:20+02:00,"Added routes command, which shows all the endpoints registered for the app.",1,28,0
b8e826c16bbbada9128b70357c218ef79425499d,Kiss György,2016-06-25T13:17:33+02:00,"Added tests, fixed some minor alignment problems.",3,59,1
1b764cff93696a75c6248b6f956426cbefa097bc,Kiss György,2016-06-25T13:24:43+02:00,Added runner fixture,1,11,12
1928f28a6863a8bac27705950ce1327d661f4d2d,David Lord,2016-06-26T13:03:29-07:00,clean up code formatting in some docs,8,134,134
67e391921c50f02190be8407d4a02efe8d2d28f6,georgschoelly,2016-06-26T22:32:47+02:00,fix docs: name of url_value_preprocessor method (#1932),1,1,1
516ce59f95a3b5d2fffbcde8abfdf1951e748361,Antoine Catton,2016-06-28T17:20:25+02:00,Add the ability to combine MethodViews,2,47,1
0c459762ea15960886fd0c2960382212c280eee3,John Still,2016-07-02T17:03:36-05:00,clarify blueprint 404 error handling in docs,1,23,5
b7a0cc61c54dbfebf8c3b21634ec9e37596b1e9a,Olexander Yermakov,2016-07-05T22:00:43+03:00,Update installation documentation for using 'pip' command (#1920),1,18,29
f19d3bd67e0d8213013cf06f47d951c8735515c8,Hyunchel Kim,2016-07-05T14:46:01-05:00,Enhance tests.test_cli.test_find_best_app (#1882),1,14,11
17d4cb3828b9520be6c4e64e6b7548a561aa6e7a,Kyle Lawlor,2016-07-05T20:30:59-04:00,Address #1902: Converts example/flaskr to have a setup.py (#1945),26,323,127
633b13e9b5a3a6946badb465179b2ccab75150cd,David Lord,2016-07-05T17:34:51-07:00,Merge branch '0.11-maintenance',0,314,131
1e5746bb2b0ca82d2bd77edf1f153fdcca70503f,David Lord,2016-07-06T08:02:13-07:00,"persona is discontinued, remove example",7,0,199
495d834b99e18421cee617b090fd3c6c3c91ddbb,David Lord,2016-07-06T08:02:46-07:00,Merge branch '0.11-maintenance',0,0,199
fe53da45c56fbc01ee38f9fab762b7fb0bfbc4e4,Shakib Hossain,2016-07-16T21:59:44+06:00,Update allowed_file function in fileuploads.rst,1,1,1
80b9453bdd9a5e9af9c4d46615b93f4df618e94b,Armin Ronacher,2016-07-17T23:02:26+05:00,Merge pull request #1956 from shakib609/master,0,1,1
55f9af72e35449718d405cc140c4705c12239ff2,Ioan Vancea,2016-07-28T16:34:48+02:00,Added a missing module to import statement,1,1,1
c54d67adee6f99113f525b376da4af27c3001321,ahmedakef,2016-07-28T23:46:42+03:00,"close <li> tag in lines (16,18) (#1951)",1,2,2
9359e9f911fd7246a2114d506c8d806090602f63,Jeff Widman,2016-07-29T05:27:30-07:00,Remove unused Redbaron dependency (#1967),1,0,1
e6d7a43ccd8e13ba5e4e3f7c1e95e90de6500b52,Auke Willem Oosterhoff,2016-08-03T18:22:14+02:00,Use path of socket consistently accross document. (#1976),1,1,1
0f1cf50f97a617114078be3dbae3152339ff13ad,Nate Prewitt,2016-08-12T07:12:00-06:00,adding in try around __import__ to catch invalid files/paths (#1950),2,9,1
c4139e0e5de5ffa8f103956bdcc1ca7cf9e500fd,Adam Byrtek,2015-03-29T22:05:32+01:00,JSON support for the Flask test client,2,28,1
6c5ef2bc5c7c304c8d4a2ddbb8666167ae73d4c4,Adam Byrtek,2015-03-29T23:05:40+01:00,Use `content_type` kwarg instead of manipulating headers,2,4,5
b099999c6cb5c3563dc4fbe45f3101116aab0d3f,Adam Byrtek,2015-04-01T00:11:52+01:00,Use proper exception type and update changelog,3,5,1
ca547f0ec375a8a3e8c623cfa6b747d68e75a239,Adam Byrtek,2015-04-01T23:08:06+01:00,JSON response tests and first draft of code that passes,2,88,12
c9ef500c5c2bbc7cfcb51e8b599e00248d290fd4,Adam Byrtek,2015-04-02T00:50:08+01:00,Mixin for JSON decoding code shared between request/response,1,81,137
23de58682c730a67820e77605386a16303d57447,Adam Byrtek,2015-04-02T01:13:48+01:00,Remove redundant `cache` flag,2,11,3
539569e5f2074427a99d31a6142cbee596b5905f,Adam Byrtek,2015-04-02T01:34:51+01:00,Update the testing documentation,1,21,1
f0f458e0c5c4610cc210ef80a89b2b0870baa1b6,Adam Byrtek,2015-04-02T01:45:03+01:00,Alternative solution for lack of response caching,1,14,8
f0d3b71a94994d52d64d315bc8ef7371db14d76f,Adam Byrtek,2015-04-06T13:15:07+02:00,Updates after code review,3,17,15
1df2788a8f29a1238cbdebd7fa59b0d6218995b5,Adam Byrtek,2015-04-06T13:27:59+02:00,Use app_ctx instead of request_ctx to access the app,1,13,20
5575faad92f69993e3823cd94044a2dd7796c82d,Adam Byrtek,2015-04-06T13:50:29+02:00,Update documentation to use the getter only once,1,5,3
5ebdd5dd7455ca4a4c8ba1aff727f40e77a11c08,Adam Byrtek,2015-04-12T23:34:03+01:00,Documentation updates,3,6,4
866118302ef910f2b216e23783c9013d282e7807,Adam Byrtek,2015-09-28T22:20:11+02:00,Remove _missing sentinel and update docs,1,16,15
62b0b6652aab03fcf7c411de4d2cbd242ed05ec9,Markus Unterwaditzer,2016-08-19T21:24:07+02:00,testing: Make json a keyword arg,1,3,3
5c4fa7e91cca82f769c11b098114aa6d3322599b,Markus Unterwaditzer,2016-08-19T21:25:27+02:00,Remove already defined method,1,0,7
136a833a8d65f2b89c277d9b909fef5f8a4628de,Markus Unterwaditzer,2016-08-19T21:29:12+02:00,Bugfix: EnvironBuilder doesn't take `json`,1,1,1
5044f3d6101e5915963a497779b6ad1166a7a388,teichopsia-,2016-08-19T21:01:13-05:00,Update testing.rst (#1987),1,7,7
55bd39c7f05e0845121028e143339f1092cbc9bb,SaturnR,2016-08-20T19:43:10+04:00,Update for python3 (#1973),1,1,1
9121e109bdcd8b2a50bf53cac73b470232d126df,Anton Sarukhanov,2016-08-20T08:43:58-07:00,Add test for get_version (CLI) (#1884),1,16,1
863e5cca1b498fb3170981892e820df97f4200e7,Zev Averbach,2016-08-20T17:13:07-04:00,added indentation to changed structure,1,18,18
f16e477b2a7329d249b5793a0dc4986503a48371,Nathan Land,2016-06-03T14:45:22-07:00,Add tests for flask.json.dump() and test that jsonify correctly converts uuids.,1,29,0
f193f590bc33bde70fad200782350beac3506585,David Lord,2016-08-21T08:47:12-07:00,clean up new json tests,1,15,15
3313b8b0a4bd60768b047648365bffd952411d17,sanderl-mediamonks,2016-08-22T11:49:52+02:00,Use the correct Celery result backend setting,1,1,1
5f009374fd28aba381f375391b70ac131926bd9d,Kyle Lawlor,2016-08-22T14:52:54-04:00,Update minitwit & improve testing for examples (#1954),17,29,11
e00e2c22aadf9e5b9dc353c31f1b70dad488b47a,Armin Ronacher,2016-08-25T15:41:46+02:00,Disable logger propagation by default,2,5,0
71e10be28665eee6a919045f9e5d8773508dc756,Markus Unterwaditzer,2016-08-26T03:08:03+02:00,Properly remove f.name usage in send_file (#1988),4,103,30
098ea0c8ca3b2f3c6715b1048bec6a42db6298e1,Markus Unterwaditzer,2016-08-27T14:32:53+02:00,Only passthrough_errors if PROPAGATE_EXCEPTIONS,3,5,4
78a71a48dcb71cb930d747d9facef0dfa5a8f022,Markus Unterwaditzer,2016-08-27T18:33:08+02:00,Merge pull request #1996 from untitaker/propagate-exceptions-werkzeug,0,5,4
3d856e03fcfb20167f24fb5a849d075e3a83126a,dawran6,2016-08-28T15:06:53-07:00,sessions documentation (client side vs server side) #434 (#1888),1,3,0
6e6c3a4636387892e3725f1ba13457966c188b87,Josh Soref,2016-08-29T18:26:20-04:00,Spelling (#1998),5,5,5
b42e43e3b622af1b8c04a8298e26817343f5e4a1,Kyle Lawlor,2016-08-31T12:37:36-04:00,Better workflow for flaskr and other basic apps (#2000),2,2,1
96b6345c1a187e3ae78e0e4faa4a1afc1a8cc69f,PHeanEX,2016-08-31T22:05:12+02:00,Fix small grammar error (Of/Or) (#2001),1,1,1
92ce20eeacf5de24803abaf70a3658806fa4d74f,Roman,2016-09-05T03:28:05+04:00,Fix error in send_file helper (#2003),2,7,3
ccd02bfe8c90ee8dbf30cc2be61a7d483ff24cab,Afonso Queirós,2016-09-05T16:57:00+02:00,Correcting Custom Test Client class docs (#2004),1,3,3
c4ec6954e57b1ab3cb5a0d178e6030f8bab6c149,Markus Unterwaditzer,2016-09-06T22:32:34+02:00,Don't passthrough_errors unless instructed. (#2006),3,1,6
dbcd64e2ee4c21775a8b06b467e2d2aeae76c9d4,Markus Unterwaditzer,2016-09-07T18:18:53+02:00,Changelog for #2006,1,2,0
9cd32cac32433d7ea03cbd64de6ab5c8ea64a981,Armin Ronacher,2016-09-08T11:55:59+03:00,Corrected after response for error handlers,3,50,4
e6f9d2b41417b442946acfede9200d361ac401cc,Kyle Lawlor,2016-09-08T09:19:48-04:00,Clean up tutorial docs for installable app pattern with flaskr (#2002),8,67,40
7132feb1a5a8f5d170a5722e78ac29017320caa6,Markus Unterwaditzer,2016-09-08T15:21:05+02:00,Merge branch '0.11-maintenance',0,98,52
c687ffb1921ce755eb32e105c4f689c0cb4afd81,Akbar Ibrahim,2016-09-08T21:04:51+05:30,Fixed error in errorhandler doc string. (#2014),1,1,1
c54c538c1148c07df808acf701776f6db180302f,Andrew Arendt,2016-09-08T12:24:07-05:00,fixed deprecated syntax in setup.cfg (#2015),1,1,1
a30951ec28e23a5d1c9380c4bd5844f2290c1dc8,Armin Ronacher,2016-09-10T03:33:53+03:00,Do not error for unknown files if send_file sends an actual file,2,3,4
9e41eca7f839db16cdf064f827fada0cabf6f54f,Armin Ronacher,2016-09-10T03:36:29+03:00,Merge pull request #2013 from pallets/bugfix/error-handler-error-handler,0,50,4
1f0ca894a27f12131079c27eccdcc3fc9283eadd,Armin Ronacher,2016-09-11T16:57:43+03:00,Killed now dead code,1,0,5
59104db2f2f0a507aea2625230e446361e2fc174,Kyle Lawlor,2016-09-11T11:53:35-04:00,Address #1980 (#2021),1,36,11
12008c2e63a30c3ec7f00a23cad1251b96876e08,Markus Unterwaditzer,2016-09-11T17:55:33+02:00,Merge branch '0.11-maintenance',0,36,11
11f3a3f6ddd5c6bc2b6223eb2ad7cf25e0010132,Armin Ronacher,2016-09-11T21:28:30+03:00,Updated upgrade docs,1,2,2
2b4761599873e08a21d835427269a84def0d4ea6,Pablo Marti,2016-09-12T08:41:09+01:00,Fix typo in docs,1,2,2
3bd12b38a80362f6656b834ec04c95f1ba4d83e0,Markus Unterwaditzer,2016-09-12T10:42:23+02:00,Merge pull request #2022 from pablogamboa/patch-1,0,2,2
a40489e0ce89acef2a49b70a571143ef479ca235,Armin Ronacher,2016-09-12T21:52:42+03:00,Merge pull request #2019 from pallets/bugfix/sendfile-error,0,5,11
83fd5b26b84ef44c6b9d10e7994b5733d56a7e8a,Armin Ronacher,2016-09-12T21:54:41+03:00,Merge branch 'feature/logger-propagation',0,5,0
0664a3f2ddfc227797b5a8f0654e9959b15d9e64,Armin Ronacher,2016-09-12T21:55:17+03:00,Set merge strategy for CHANGES,1,1,0
270355abdcaa8f20ad6e7dd39f69279859a7055c,Andrew Arendt,2016-09-14T13:03:21-05:00,Remove nonsense from cli docs,1,1,3
09fec941f4a1a69d6e1ad793a6a9c0e3df17d8d1,Bruno Thalmann,2016-09-18T14:10:00+02:00,Removed unused import. (#2026),1,1,1
dcfdfc6476b7cce7c32f48e90e6558cdd2c854fb,Markus Unterwaditzer,2016-09-18T15:47:52+02:00,Use abort docs from Werkzeug,1,1,7
dbeed240674ed7a7160ae82a603eaa930dd1fd00,Benjamin Dopplinger,2016-09-19T13:24:46+10:00,Fix typo in MethodView doc (#2028),1,1,1
01081dbe6cdfa3fc43d8e1fff708d4ed95e1be7e,Markus Unterwaditzer,2016-09-19T23:29:52+02:00,Avoid always-false statement,1,1,1
a6a36ec72a1f65514e137b0f21708e8c61dbe4ba,Douglas Thor,2016-09-24T04:07:19-07:00,Updated mod_wsgi.rst to point to new mod_wsgi repo (#2038),1,4,4
f3d661de6676125bc765e286c5dd89e3e10ad82d,小明,2016-09-26T00:25:54+08:00,Fix unbound error (#2039),1,1,1
7186a5aaf571e1d08a617138867998cbea518522,Joël Charles,2016-09-26T12:43:46+02:00,make use of range requests if available in werkzeug (#2031),3,93,9
49ecc88d9949bed6297944cb4a3d115fa9727aab,Michael Recachinas,2016-10-01T12:45:22-04:00,Remove `-a/--app` from Quickstart documentation (#2046),2,5,5
cd13a5cf6215914ba4c3e0963d2189fe19fed508,Hassam,2016-10-08T13:34:56-05:00,Fix #2051: Fix flaskr import in flaskr/__init__.py (#2052),1,1,1
2b03eca1b791c1f88a46b42c83b62214eb0f04c2,Geoffrey Bauduin,2016-10-11T15:27:48+02:00,Updated Celery pattern,1,1,1
bd5e297aa9697f42a61682fe56f10eeb650e8540,Michael Recachinas,2016-10-12T02:54:25-04:00,Default environ (#2047),3,51,0
cdbd63d7de71250e0c84530c47f64bc518930ddb,David Lord,2016-10-12T12:14:49-07:00,"Windows venv is Scripts, capital S",1,1,1
d25c801a3b95551fd03eae82f916f92460cc2b34,Cody,2016-10-14T04:13:42-04:00,"add 'caution' section to docs, workaround for zero-padded file modes (#2057)",1,25,0
2cc76628d288bf1d8817e0ae6b812551fc87faf9,Ionuț Ciocîrlan,2016-10-24T14:20:54+03:00,Fix grammar in docs,1,1,1
fa087c89298e0c91abff45b3ee7033889d2dd5d7,Kyle Lawlor,2016-10-30T09:34:49-04:00,Fixes import statement in flaskr (#2068),3,3,3
2b8fef4fe72b5592a844083284c2615ced8a0cb8,Markus Unterwaditzer,2016-10-30T14:35:15+01:00,Merge branch '0.11-maintenance',0,3,3
cb30a3b5628616c6d34c210eb429650f09c75334,Clenimar Filemon,2016-10-31T13:41:38-03:00,Update docstring for errorhandler() (#2070),1,2,1
6478d7bb99ef7dcdda19ce3e58c00500ff72e60b,Alex Kahan,2016-10-31T18:10:27-04:00,Adding coverage generation to tox (#2071),2,9,2
de1652467b0584fe9ee4060bc42101e8255838a3,Martijn Pieters,2016-11-01T14:35:17+00:00,Remove busy-work. (#2072),1,1,13
11809bf1d2f8536a9a50942ddc2bd2b64b595199,Philippe Ombredanne,2016-11-01T13:11:53-07:00,Add license_file to setup.cfg metadata (#2024),1,3,0
77af942b982a3b07669362cc6bc223026bf039cd,Clenimar Filemon,2016-11-01T22:52:32-03:00,Capitalize occurrences of 'flask' (#2067),4,5,5
9685d14eaa78de991e80db41e839fe5e932ee95f,Shandy Brown,2016-11-01T18:52:54-07:00,Correct grammar (#2061),1,1,1
bbe58a4944d67087b5cf59b54aa31a8834055187,Tery Lim,2016-11-02T15:58:22+13:00,Update errorhandling.rst (#2074),1,1,1
ec9717502f36126b8a371b73a5730b2092948ca2,Tery Lim,2016-11-02T17:04:20+13:00,Update errorhandling.rst (#2075),1,3,2
a4ed3d28066bb1625c15fc6a89c1533535dc7879,Markus Unterwaditzer,2016-11-02T17:56:59+01:00,Use tox from make test,4,9,8
2647fc7112ed79c1751a3d99491d7dcfe0aa4520,Alex Kahan,2016-11-03T13:11:24-04:00,Parameterizing test (#2073),1,9,15
08d6de73a893615ef316a9ad88710bd7e6589bf2,David Lord,2016-11-03T23:01:10-07:00,switch to packaged sphinx theme,4,4,100
281c9c3ff9f4a49960c07b23cad4554a5c349272,Giles Thomas,2016-11-07T18:10:02+00:00,Added a link to instructions for PythonAnywhere (#2081),1,1,0
4cf4229355459ecb47b0f862302848ce92a5bbbc,Jannis Leidel,2016-11-15T11:57:09+01:00,Fix rST rendering of env var (#2085),1,1,1
7e1a13ffbd212e928e866c2e4cf5d92d85660f86,Markus Unterwaditzer,2016-11-15T11:56:51+01:00,Fix import error,1,1,1
4a8bf651d9177fbe745fddd1aa2ab098b0670437,ezramorris,2016-11-17T14:01:30+00:00,Add link to AWS EB Flask tutorial,1,1,0
7fca843b5f361e79534bd18c4cd20f3f44094337,Markus Unterwaditzer,2016-11-18T15:38:31+01:00,Merge pull request #2088 from ezramorris/patch-1,0,1,0
ccb562854efad180bcbd37f126757d493ed68ff3,Sven-Hendrik Haase,2016-12-19T14:37:34+01:00,Remove wrong comma (#2116),1,1,1
0ba1a872b7aac48efef9028e7687475da34eaa39,Sven-Hendrik Haase,2016-12-21T21:06:48+01:00,Style the flask command consistently (#2120),1,2,2
7f288371674b420ac2df8ff2313e3b469662ee41,Hopsken,2016-12-22T04:07:09+08:00,Update README for minitwit (#2119),1,7,3
0e79aba40d2497218736448ced708fcf4f8943b3,Raphael Deem,2016-12-21T12:07:57-08:00,use dict instead of if/else logic (#2093),1,14,10
36425d5f91b57210f7707de9564377fea93825b2,Jiri Kuncar,2016-12-21T21:08:38+01:00,Ignore cache on request.get_json(cache=False) call (#2089),2,10,1
45c45ea73c993cd12334194d62e0f83027a46b07,Markus Unterwaditzer,2016-12-21T21:19:53+01:00,Version 0.12,1,2,0
1042d9d23f3c61f4474aea568a359337cf450fab,Markus Unterwaditzer,2016-12-21T21:22:08+01:00,Bump version number to 0.12,1,1,1
b2e0886f484ac4544afd440955aa936379161e7c,Markus Unterwaditzer,2016-12-21T21:22:26+01:00,Bump to dev version,1,1,1
caf6b8c3141bc1c251952600a80690fcb5e11009,Markus Unterwaditzer,2016-12-25T16:33:55+01:00,Changelog stub for 0.12.1,1,5,0
8cd0b03beeac4a41c398ea365475c651c484a9ee,Markus Unterwaditzer,2016-12-25T16:34:22+01:00,Bump to dev 0.12.1,1,1,1
22cf57154ab36a87673423c767f24360326696aa,Markus Unterwaditzer,2016-12-25T16:36:17+01:00,Merge branch '0.12-maintenance',0,5,0
789715adb9949f58b7b0272bed1a58d7cd0fad30,Markus Unterwaditzer,2016-12-26T03:50:47+01:00,Fix config.from_pyfile on Python 3 (#2123),3,24,3
f18fe15e6d9b02631e9ff24ab3c1660b8ba28f94,Markus Unterwaditzer,2016-12-26T03:51:12+01:00,Merge branch '0.12-maintenance',0,24,3
079d752ceca6ea28d953198d643c2cdd1f895531,Gábor Lipták,2016-12-28T10:11:33-05:00,Update Flask-SQLAlchemy link (#2126),1,1,1
e49b73d2cf7d08a6f3aa3940b4492ee1f3176787,wgwz,2016-12-30T12:43:31-05:00,Adds the largerapp from the docs as an example,7,19,0
949771adf51ecaea685b57cb37089b4772f9d285,wgwz,2016-12-30T12:50:13-05:00,Add reference to largerapp src in docs,1,4,0
582a878ad96b59207931635fa65704c5ab295535,Markus Unterwaditzer,2016-12-30T22:28:43+01:00,Init 0.13 changelog,1,5,0
0832e77b145b226bac4ee82144221800a0f7d34a,Paul Brown,2016-12-30T15:02:08-06:00,prevent NoAppException when ImportError occurs within imported module,3,18,4
31e25facd3972b42d118792c847299cc8b2b25a5,Paul Brown,2016-12-30T15:40:30-06:00,update change log,1,2,0
b0820bce590e113264859279b6ca45213f2912d7,Markus Unterwaditzer,2016-12-30T22:46:03+01:00,Merge branch 'pawl-fix_import_error' into 0.12-maintenance,0,20,4
71c534d2c6b356224ccf03a9f4d3d6ae295b1e1b,Markus Unterwaditzer,2016-12-30T22:46:26+01:00,Merge branch '0.12-maintenance',0,20,4
49386ee69e92aa23edefbfff01fd425c5fbe33d1,Markus Unterwaditzer,2016-12-31T16:31:44+01:00,Inherit Werkzeug docs (#2135),1,1,57
92fa444259fe32debf922eddbd6d18e7d69fdfaa,wgwz,2016-12-31T12:08:25-05:00,Moves largerapp into patterns dir and add test,9,13,0
46c1383919454ae281967316d6d6fb33bce9b773,wgwz,2016-12-31T12:37:39-05:00,Remove unneccessary arg in client fixture,1,1,1
1b7258f816c2e025acc03a4e775d41a9d4477850,wgwz,2016-12-31T18:51:00-05:00,Provides a link to the examples src,1,5,4
09973a7387d6239bae310af6c1d580f191b47c0a,Bryce Guinta,2017-01-01T19:51:21-07:00,Fix fastcgi lighttpd example documentation. (#2138),1,1,1
88111ae6bf2e33f7e43c44e0cbb32b3d952e4a3a,Adrian Moennich,2017-01-10T13:12:18+01:00,Do not suggest deprecated flask.ext.*,1,0,8
01b992b1a1482246d705ffe3b3d0dd7816f0456b,Andrew Arendt,2017-01-10T11:20:53-06:00,Added python3.6 support for tests,4,9,5
22c613b8c44b74f4756f1eceeedde99b31144a47,David Lord,2017-01-10T10:07:26-08:00,Merge pull request #2148 from drewja/master,0,9,5
9dcfd05d295574488bd0c3644599d1e97dcca3da,Ondřej Nový,2017-01-13T10:54:55+01:00,Use SOURCE_DATE_EPOCH for copyright year to make build reproducible,1,5,2
6c9ff85c3f3c98ea85da5f789c092ad7926af0b5,David Lord,2017-01-13T05:30:22-08:00,Merge pull request #2149 from onovy/master,0,5,2
9900a72fe7992d873915af68f7d52148e738d032,Dennis Chen,2017-01-14T12:58:45-08:00,Fix Request Reference (#2151),1,5,5
47e84101173d00f70a7f28547aa0ae2fcd80086e,Markus Unterwaditzer,2017-01-15T05:56:12+01:00,Merge pull request #2131 from wgwz/add-larger-app-ex,0,37,0
3fc8be5a4e9c1db58dcc74d3d48bf70b6a8db932,Kim Blomqvist,2017-01-17T17:15:51+02:00,Disable debug when FLASK_DEBUG=False (#2155),1,1,1
fe7910ccd59242af106fcc67cfd47e6e2355787d,Jeff Widman,2017-01-17T11:20:07-08:00,"Update docs that request is an object, not a class (#2154)",1,1,1
1636a4c410a1bf3713bc1da8d4de7ca66cdf1681,Raphael Deem,2017-01-17T13:22:16-08:00,use SERVER_NAME to set host and port in app.run() (#2152),1,8,8
42fbbb4cbbd312464214dd66d0985828c16dce67,David Lord,2017-01-17T14:08:33-08:00,add test and changelog for SERVER_NAME app.run default,2,19,0
c9b33d0e860e347f1ed46eebadbfef4f5422b6da,Armin Ronacher,2017-01-29T12:26:52+01:00,Convert Flask.run into a noop when run from the CLI,4,30,0
f84fdadda9f675a3e94a042790e010be07927af4,Swan Htet Aung,2017-02-09T18:01:12+06:30,Update 4.4.3 HTTP Methods Example,1,2,2
9e2807da76d756ca84b55213e799a124beb6a3fe,Markus Unterwaditzer,2017-02-09T15:29:58+01:00,Merge pull request #2175 from swanhtet1992/patch-1,0,2,2
95db82f8f7df0acce7051a8dedf29b88e436f5ab,vojtekb,2017-02-09T18:34:16+01:00,py.test => pytest (#2173),5,10,10
89798ea7dd549ba8e06112e3b44b0cb7d9d4f417,Markus Unterwaditzer,2017-02-09T18:35:21+01:00,Remove examples dir again,1,1,1
5efb1632371048dcb5cd622b6d597c6b69b901b5,Jeff Widman,2017-02-10T03:19:59-08:00,bdist_wheel replaces wheel (#2179),1,1,1
bb0e755c808a8541192982ba7b86308b68ff7657,Jeff Widman,2017-02-11T01:43:11-08:00,Migrate various docs links to https (#2180),22,43,43
eaba4a73aa1013db908ea07af6028056c4fde706,Nick Ficano,2017-02-15T11:55:56-05:00,Fix typo in file header (jsonimpl => json),1,2,2
dc5f48f587a93d1f921d9d7e06fa05fdea6151d9,Timothy John Perisho Eccleston,2017-02-18T00:41:58-06:00,Fix typo in docs/tutorial/templates.rst (#2186),1,1,1
8a8a60815294eb9d5db0c2d451c6c9d959c7c499,Josh Rowe,2017-02-23T15:23:44+00:00,Move object_hook outside loads method so class can be extend and reused,2,109,44
af11098057b022c172c1142f02e50cc3c4b065b4,Sergio Díaz Sánchez,2017-02-28T00:13:45+01:00,Updated documentation for being able to use init_db method,1,2,2
fca5577a0097e876e8f8e8d2f3961a40fa44bbeb,Sebastian Kalinowski,2017-02-28T06:05:09+01:00,Remove extra HTML tag from fileupload docs (#2141),1,2,2
c43560777a3efeaeaf0eb47568171f04103dc363,Grey Li,2017-03-04T18:29:04+08:00,Add tips for debug config with flask cli (#2196),1,17,1
d9a28434af3c946c79d062d7474ace42ef85d798,Adrian,2017-03-04T22:32:23+01:00,Fix typo,1,1,1
06112a555a9398701d3269253355c214791e1eca,Elton Law,2017-03-05T07:07:49-05:00,Close <li> tag in tutorial (#2199),1,2,2
f5adb61b28f240effbba5a4686647c2af6e85b94,Static,2017-03-06T07:05:59-06:00,Fix typos/grammar in docs (#2201),6,8,8
a7f1a21c1204828388eaed1e3903a74c904c8147,Hsiaoming Yang,2017-03-07T10:09:46+09:00,Don't rely on X-Requested-With for pretty print json response (#2193),6,11,8
7a5e8ef38e0f4f110b7739253308a3356b13b0de,Ben,2017-03-08T11:26:38-08:00,Fix broken link (#2202),1,1,1
46e8427d814589145ffcdc10cce45b791bde795b,John Bodley,2017-03-11T09:59:34-08:00,Document run() host defaulting to SERVER_NAME,1,2,1
1add1f8a02976e070660d9ae0b877bc3f8a36e86,Jan Ferko,2017-03-13T13:58:24+01:00,Use print function in quickstart (#2204),1,4,4
5b7fd9ad889e54d4d694d310b559c921d7df75cf,Sven-Hendrik Haase,2017-03-16T14:37:58+01:00,Print a stacktrace on CLI error (closes #2208),1,4,0
ad42d88fb2cda12a21c4fb6f002f425f233d1fe3,Sven-Hendrik Haase,2017-03-16T14:42:09+01:00,Remove useless pass,1,0,1
ed17bc171046a15f03c890687db8eb9652513bd9,Sven-Hendrik Haase,2017-03-16T20:56:12+01:00,Add test to showcase that printing a traceback works,1,17,0
6efea346dd54fa9adb65fc044d72e5ec8bdf4018,David Lord,2017-03-16T13:43:01-07:00,Merge pull request #2209 from svenstaro/print-stacktrace-on-cli-error,0,21,1
2995366dde63b8acd1f246bcd5a4cf7d61f0c1fa,Larivact,2017-03-17T05:41:20+01:00,Clarify APPLICATION_ROOT #1714,1,7,7
889c0ed1964f48557e532f95f9003c5ee6e2b727,Runar Trollet Kristoffersen,2017-03-19T18:01:23+01:00,Issue #2212: documentation: virtualenv and python3,1,33,8
7a7a163ff18c4491b8c2a6cd0630a6f4e4ce2984,Ed Brannin,2017-03-21T15:22:15-04:00,shorten output when ImportError due to app bug.,1,3,1
6e5250ab5dcdbf1e6d47e8481ba80de4f44f20f9,Ed Brannin,2017-03-21T16:17:09-04:00,Fix CLI test for ImportError -> NoAppException,1,1,1
0049922f2e690a6d58f335ca9196c95f1de84370,Antonio Larrosa,2017-03-23T17:30:48+01:00,Fix send_file to work with non-ascii filenames,4,18,1
19d7e6532f9187ba8a81b2d2ad9afe03e5e5500a,David Lord,2017-03-24T08:59:00-07:00,Merge pull request #2217 from edbrannin/patch-1,0,4,2
6ef45f30ab0e95d80ee2a29168f098e9037b9e0b,Antonio Larrosa,2017-03-24T20:05:01+01:00,Fix previous commits to work with python 2 and python 3,2,6,5
bf023e7dc0bae78ff0ab14dc9f10a87e2b56f676,Antonio Larrosa,2017-03-30T17:32:21+02:00,Remove unidecode dependency and use unicodedata instead,3,4,4
1d4448abe335741c61b3c8c5f99e1607a13f7e3d,Diggory Blake,2017-03-31T17:07:43+01:00,Handle BaseExceptions (#2222),3,23,0
12c49c75fbd04cfe81808ef300fcb0858d92c7b7,Diggory Blake,2017-03-23T14:43:56+00:00,Handle BaseExceptions,1,3,0
d0e2e7b66c2f0a2192ce4b1b54e118345acf7f6e,Diggory Blake,2017-03-23T16:15:00+00:00,Add test and changes,2,35,0
6f7847e3c488fccbfd8c8880683cfe8ae8bdcdc3,Diggory Blake,2017-03-23T17:51:45+00:00,Make test more idiomatic,1,1,4
c28a168f3554c7e5222d1e143792ae67ada4f3b1,Markus Unterwaditzer,2017-03-31T18:40:55+02:00,Merge branch 'Diggsey-db-handle-baseexceptions' into 0.12-maintenance,0,35,0
80c7db638cfd1f778cc065a26c6ede85fa1ac4e7,Markus Unterwaditzer,2017-03-31T18:41:10+02:00,Correct changelog,1,3,3
f7d6d4d4f60dfbebd80d9bbe9e68ebdd00d89dd6,Markus Unterwaditzer,2017-03-31T18:43:34+02:00,Prepare for 0.12.1,1,1,1
a34d0e6878c8c8a5fab05a69785c443f3c17075d,Markus Unterwaditzer,2017-03-31T18:43:36+02:00,Bump version number to 0.12.1,1,1,1
07a705888cbdf2641f3686f6d87575ef99093c7e,Markus Unterwaditzer,2017-03-31T18:43:52+02:00,Bump to dev version,1,1,1
c935eaceafebaf167f6422fdbd0de3b6bbb96bdf,Markus Unterwaditzer,2017-03-31T18:44:14+02:00,"Revert ""Handle BaseExceptions (#2222)""",3,0,23
de555c82cefcb8bd61ab928481b595882c899958,Markus Unterwaditzer,2017-03-31T18:44:33+02:00,Merge branch '0.12-maintenance',0,24,1
8cf32bca519723c5d97f123127cdec81dba868f6,Kyle Lawlor,2017-04-01T20:27:28-04:00,Adds in blueprints and an application factory,10,95,62
54b6fc8de689a726aa01a0f2a39ce428e7a69712,Kyle Lawlor,2017-04-02T11:55:05-04:00,Add in a fixture utilizing app factory,6,72,24
ae1ac2053bcf0c77de32fc7915e36f8ca2f5c961,Adam Geitgey,2017-04-04T13:26:40-07:00,Correct imports in file upload example (#2230),1,1,1
d76d68cd381df4a8c3e2e636c98b5bfa02ab37e4,asilversempirical,2017-04-06T11:26:01-04:00,Update out of date jsonify documentation,1,4,5
d04d36842b6c0c9430dfb3d1129e5cfa5e8bac3d,David Lord,2017-04-06T08:31:25-07:00,Merge pull request #2231 from asilversempirical/patch-1,0,4,5
ec18fe94775aaa3d54238c6c75b569491803134e,Grey Li,2017-04-07T22:10:43+08:00,Add example for virtualenv integration in cli docs (#2234),1,12,0
00d6e339ec789e7b92007297e840a671a5e38a7b,jab,2017-04-07T10:31:54-04:00,"Change Flask.__init__ to accept two new keyword arguments, host_matching and static_host. (#1560)",4,46,7
d50a5db5ed07a14733b8cbfc0962b793209014dd,Antonio Larrosa,2017-04-07T20:34:52+02:00,Keep using only filename if it's valid ascii,1,16,7
c1973016eacfb22fdec837394d8b89c0ca35ad15,David Lord,2017-04-07T18:02:31-07:00,style cleanup,2,28,16
f790ab7177c9959b560d238f4be9c124d635e70a,David Lord,2017-04-08T10:33:06-07:00,need to test against raw header,1,8,13
8b45009dbc22508ca6d9dc06e79ab23914ed14bb,David Lord,2017-04-08T10:54:20-07:00,Merge pull request #2223 from antlarr/master,0,37,3
aafb80c527eb5d6d361d7ba08258376d13679820,David Lord,2017-04-08T11:08:08-07:00,add changelog for #2223,1,2,0
e13eaeeaf2a3502815bcf04a86227dae87ad9128,ka7,2017-04-11T21:44:32+02:00,Fix typo in docs (#2237),1,1,1
09b49104f39f111b58d60a819551cca4bde305cc,David Lord,2017-04-12T09:18:07-07:00,"filename can be latin-1, not just ascii",1,4,7
78cb96fde0ffb9d6ce67b8f5c850c7a60cab86b3,David Lord,2017-04-12T10:12:30-07:00,Merge pull request #2238 from davidism/bugfix/latin1-filename,0,4,7
bf6910a639fffc6896c5aefe362edaf6f6b704fe,David Lord,2017-04-13T14:55:56-07:00,get mtime in utc,1,1,1
7005c2d5343a4f8025b70e0a1eea9c01f1d229b0,David Lord,2017-04-13T15:14:26-07:00,Merge pull request #2242 from davidism/utcfromtimestamp,0,1,1
1caa9de6286c5575accb05b942531080142242d3,accraze,2016-12-19T08:03:37-08:00,Added missing testing config,1,3,1
03857cc48a1aff7af4c2bbc18a5740d1dc903c0b,David Lord,2017-04-13T16:32:44-07:00,use app.testing property instead of config,1,3,3
5b9b180191016044b95896924c7df55cbff7db93,David Lord,2017-04-13T16:45:24-07:00,Merge pull request #2117 from accraze/testing-docs-fix,0,5,3
cfd3e50ab6447a69019fc008c260f8c078c4ac7d,David Lord,2017-04-13T16:32:44-07:00,use app.testing property instead of config,1,5,3
4ff84d537aa386fde36182ed797a79e3b582be75,David Lord,2017-04-13T14:55:56-07:00,get mtime in utc,1,1,1
f0c714a01bbba070dc0c7e034a2d174b2e904d16,David Lord,2017-04-14T09:22:12-07:00,Merge pull request #1886 from dawran6/test_bp_endpoint_dec,0,19,0
7481844c98e4536ae01764aa08eec681c493ef2e,Sobolev Nikita,2017-04-19T08:46:33+03:00,Fix typo in app.py (#2248),1,1,1
19fbe3a18f36b02f22f8f545e015f60343c844ac,rocambolesque,2016-09-09T12:11:18+02:00,Add scheme to url_build error handler parameters,2,4,0
e50767cfca081681f527c54d3f6652d11e95e758,David Lord,2017-04-20T08:52:37-07:00,add test for build error special values,1,17,0
f4a1ca8fc87bd28ad75502a78005226899e08a2a,David Lord,2017-04-20T09:10:27-07:00,Merge pull request #2017 from rocambolesque/patch-1,0,21,0
8ad4f476aa37d46b9744eb0e45a7214166f8e3a9,David Lord,2017-04-21T07:03:46-07:00,Merge branch 'master' into jrmccarthy-master,0,3165,1959
97e2cd0a5a5f2b663d7a82edbaede2fe2cfb0679,David Lord,2017-04-21T07:16:09-07:00,update changelog,3,58,51
9569e8c9562fd6695d5ec83a5e33fa608d5d7166,David Lord,2017-04-21T08:31:11-07:00,Merge pull request #2249 from davidism/provide-automatic-options,0,61,4
0d9d3d8f92a5c93deccccea7bc96280fe78c17c7,David Lord,2017-04-21T10:33:29-07:00,Merge branch 'master' into figome-multiple-inheritance,0,1451,738
648344d4e8878e4aafcc5413f984b21b86173246,David Lord,2017-04-21T10:32:00-07:00,use mro to collect methods,2,24,22
9b892e2225bb88ab24f839719ba50575e1ce4de0,David Lord,2017-04-21T11:16:18-07:00,Merge pull request #2252 from davidism/method-view-inheritance,0,66,18
f22da31e7ff7f5ee30916b25c36087bdfc2ebbc1,David Lord,2017-04-21T11:45:16-07:00,Merge pull request #2191 from SergioDS/master,0,1,1
13754b6d117eb6847cca45475412fdd05025f1b8,David Lord,2017-04-22T13:39:54-07:00,ensure error while opening session pops context,3,29,1
8d515a644f4d1a508e5de85d1ab991194fc6394a,David Lord,2017-04-22T14:43:21-07:00,Merge pull request #2254 from davidism/pop-context-on-session-error,0,29,1
74b3f7e04cf51df313aac47175b752663ab0ed44,David Lord,2017-04-24T10:16:20-07:00,Merge pull request #1898 from RaHus/per_blueprint_jsoncoding_#1710,0,53,2
46f83665ef74880bbc4a1c1f17ccededa7aaa939,David Lord,2017-04-24T10:09:50-07:00,clean up blueprint json support,4,30,17
697f7b9365304c45216e6c8dd307d931ea1506d0,David Lord,2017-04-24T14:11:49-07:00,refactor make_response to be easier to follow,3,207,110
970a8009f1842d6be8c04f3adea3c2ec97d7eff5,David Lord,2017-04-25T08:46:22-07:00,Merge pull request #2256 from davidism/refactor-make_response,0,207,110
bc7dae3d5a80f07b434630c566957ec78e46998f,David Lord,2017-04-25T09:43:18-07:00,Merge branch 'master' into AvivC-improve-docs-in-Flask.preprocess_request,0,3333,2065
501f0431259a30569a5e62bcce68d102fc3ef993,David Lord,2017-04-25T12:03:08-07:00,clean up preprocess_request docs,1,38,32
71b7c4f5f89ea5e95dc7881797ca7d3a06b97e2f,David Lord,2017-04-25T12:06:39-07:00,Merge pull request #2258 from davidism/preprocess_request-docs,0,39,31
717e45ab15b629dcee07f5625e8b3e5c59ae8c90,David Lord,2017-04-25T13:13:10-07:00,Merge branch 'master' into routes-command,0,1980,1022
7ad79583b9558cc7806d56c534f9527e500734e9,David Lord,2017-04-25T14:15:38-07:00,add sort by match order,4,104,75
39d55525ac8f674b40be5d1d3160b9fd33ce501a,David Lord,2017-04-26T10:43:18-07:00,Merge pull request #2259 from davidism/routes-command,0,125,11
6032c94aeb090c82ac99b9f886341f61c73b65d0,Benjamin Liebald,2016-11-02T13:36:54-07:00,Mention existence of register_error_handler in errorpages.rst,1,17,3
011a4b1899fcb6da15a9d60c3a5c36a73ff92c46,David Lord,2017-04-30T08:20:13-07:00,clean up error handler docs,1,27,25
7bd54e9bd61dc6d02237fd5d473fa92030a1ff33,David Lord,2017-04-30T08:48:22-07:00,Merge pull request #2077 from liebald/patch-1,0,35,19
75b85656ddad86cbf0c3adb1128b758242793929,David Lord,2017-05-04T18:24:04-07:00,optionally enable sphinxcontrib.log_cabinet,1,8,0
255375d72ce4f0eebb2ccdb7d10591c9abbf6d09,David Lord,2017-05-04T18:42:33-07:00,Merge pull request #2271 from davidism/collapse-changelogs,0,8,0
17685da8c069a1698b893cb6f5e41957f77894d2,David Lord,2017-05-09T08:44:58-07:00,Merge pull request #1942 from jmsdvl/fix-1935,0,23,5
d2a0b2911b9a32fb845d2ed174b677bd5833f917,David Lord,2017-05-09T08:47:23-07:00,Merge pull request #2210 from Larivact/patch-2,0,7,7
160999e88241137c73aaa49e352dcbf2829fad5a,wangbing,2017-05-10T00:34:36+08:00,Removed unused import,1,0,1
9b734d1436ebcfb4a1a3973221b94693f9e8c1cf,David Lord,2017-05-09T10:19:51-07:00,Merge pull request #2276 from pigletfly/master,0,0,1
5b83f11398c8d0f8f4158af05d187fc03508f01a,David Lord,2017-05-09T11:04:23-07:00,Merge pull request #2213 from runartrollet/doc_virtenv_p3,0,33,8
dfb03c5673e97ee95289b844c13dbf506ea99e71,Xephyr826,2017-05-10T22:38:22-07:00,Improve Routing section,1,34,118
a80eab70ba96d7d43c2ca5dc742597320aebe104,David Lord,2017-05-11T12:35:03-07:00,Update CONTRIBUTING.rst,1,1,1
1fb43e3be47ab24cc32396e28a6ad3734e9109e9,David Lord,2017-05-11T13:54:37-07:00,rewrite installation docs,1,108,123
9dd0a0a29f3e384043369a4e902d2a55e311795f,David Lord,2017-05-11T14:37:31-07:00,Merge pull request #2278 from davidism/installation-docs,0,108,123
2592f927a00f39ca089f67144a1e7f200ad213d1,David Lord,2017-05-11T22:31:19-07:00,wrap lines,1,88,60
c01ddc59b72658ec4efdce0f54c1df3f13dd03d7,David Lord,2017-05-11T22:32:00-07:00,Merge pull request #2277 from jlara310/master,0,97,153
0420cb21db7f2ca184facf5c34d0a317207319cf,David Lord,2017-05-11T22:38:36-07:00,Merge pull request #1965 from vioan/master,0,1,1
cc59f2b2046fdc5ef280b95aaa22c26c3e0fba46,David Lord,2017-05-11T22:48:21-07:00,clean up deferred callback doc,1,26,54
716edfdb2921222eebf64176d416c761d21aed1d,David Lord,2017-05-11T22:50:29-07:00,Merge pull request #2279 from davidism/docs-after_this_request,0,26,54
c3d49e29ea42d2f468bc780c15683ca197b50d02,José Oliveira,2016-12-04T18:29:11+00:00,show warning if session cookie domain is ip,2,25,1
f75ad9fca2e17c4777a3d7efc65f3ccab261e22c,David Lord,2017-05-13T21:31:46-07:00,refactor session cookie domain logic,4,109,35
ff361d32a9154531e1796c2e000e23f9d66ddcca,David Lord,2017-05-13T22:13:53-07:00,Merge pull request #2282 from davidism/session-cookie-domain,0,122,24
f13e3fc3522109341d8c0013b54d77a777ce2b77,David Lord,2017-05-15T12:17:09-07:00,Merge branch 'master' into celery-documentation,0,1650,811
d5a88bf0d36a2648cfc224884a144df7870894ab,David Lord,2017-05-15T12:40:09-07:00,explain when to use a task queue,1,43,35
88120e9e9db38b6ccf851348542d5cd88e249881,David Lord,2017-05-15T12:41:13-07:00,Merge pull request #2055 from geoffreybauduin/celery-documentation,0,44,36
2a6579430649d6514384ca592730c6995e140c43,David Lord,2017-05-15T16:58:01-07:00,safe_join on Windows uses posixpath,2,26,21
f0a6dcfbb8cc526f19aa4e672d3b106c65cb18ca,David Lord,2017-05-15T17:11:34-07:00,Merge pull request #2284 from davidism/windows-safe_join,0,26,21
f7c35bf0d51d1ae02709e39fe29110e12f64fb87,David Lord,2017-05-15T16:58:01-07:00,safe_join on Windows uses posixpath,3,33,21
dc9c5ef65a5f6ba2ce660fe99e94212c08bba65d,Markus Unterwaditzer,2017-05-16T08:34:53+02:00,Merge branch '0.12-maintenance',0,7,0
bb83ae9843fd1e170a97139d489399c4823ba779,Markus Unterwaditzer,2017-05-16T08:39:28+02:00,Release 0.12.2,1,1,1
571334df8e26333f34873a3dcb84441946e6c64c,Markus Unterwaditzer,2017-05-16T08:39:30+02:00,Bump version number to 0.12.2,1,1,1
f347d3c59e3304474ca85b17e24261f127b27282,Markus Unterwaditzer,2017-05-16T08:40:08+02:00,Bump to dev version,1,1,1
a558d47ee2b007f039985ec9124ffcc9c36e959f,Markus Unterwaditzer,2017-05-16T08:40:31+02:00,Merge branch '0.12-maintenance',0,1,1
e2f4c0ac165aceb8c171e1f72144c17e264b0e14,David Lord,2017-05-19T09:44:06-07:00,Merge branch 'master' into vary-cookies,0,11785,8474
ae133aa1734775f03560bde3d98c7f7d1c1569f7,David Lord,2017-05-20T12:11:37-07:00,"reorder session cookie checks to deleted, accessed, modified",1,37,38
5d9dd0b379a63d5a90265f2469f86fbd81b05853,David Lord,2017-05-20T13:00:17-07:00,set session accessed for setdefault,2,27,18
b11f7354d17ae4d7d11bc1b204cac98573f48965,David Lord,2017-05-20T13:45:48-07:00,Merge pull request #2288 from davidism/vary-cookies,0,97,29
c590e820aadb9134a7fb19fe32c8ddae37199ec3,Tully Rankin,2017-05-22T11:25:02-07:00,Updated documentation. Replaced term development mode with debug mode. #2261,1,8,7
041c68f48baa2ee3a8437c5f0e8c6fbd6039f28f,Tully Rankin,2017-05-22T11:28:58-07:00,Updated request context documentation.,1,1,1
f962720f7a835df086a11a1ba910e3210675b9b8,David Lord,2017-05-22T11:43:57-07:00,Merge pull request #2293 from tullyrankin/debug-mode-2261,0,8,7
9fddecd4d92763f38a42a3842abab70b0a6f4678,Randy Liou,2017-05-22T11:55:23-07:00,Add coverage for Blueprint.app_errorhandler,1,27,0
409dd15c10cbf79a52af554fd26a6e9c07ccd452,Tully Rankin,2017-05-22T12:14:52-07:00,Added link to using Werkzeug debugger in quickstart documentation.,1,5,0
50b73f967bae6b452220155de830a2c0c24bfd2e,Tully Rankin,2017-05-22T12:19:52-07:00,Removed the version number out of the documenation link to Werkzeug.,1,1,1
88b0213357d5ced865d5bfc4d54e9b14f2bbe146,David Lord,2017-05-22T12:28:06-07:00,Merge pull request #2296 from tullyrankin/debugger-documentation-1625,0,5,0
ced719ea18a56f6c4075e08dbe05f0e77eac1866,Hendrik Makait,2017-05-22T12:30:18-07:00,Auto-detect create_app and make_app factory functions,2,49,0
a0e38a8cf12ea2f7ea99f17c6568afdc1e634b72,David Lord,2017-05-22T12:30:52-07:00,Merge pull request #2295 from dawran6/test-blueprints,0,27,0
136dbf7de014dda29f3af89d1ba4fd4f4620e25c,Randy Liou,2017-05-22T13:06:47-07:00,Add coverage for Blueprints.(app_)context_processor,1,42,0
e706b5e5448b837f34d11107e9f9295f0e5a9780,David Lord,2017-05-22T14:01:59-07:00,Merge pull request #2298 from dawran6/test-bp-context,0,42,0
4cd0299aff607d0162b7b9a539a45b4df003e60b,Anton Sarukhanov,2017-05-22T14:14:40-07:00,Merge branch 'master' into makecov,0,2802,1477
b4eb6534d52e86af3979b06734e5779f6bb9a4f6,Hendrik Makait,2017-05-22T14:26:00-07:00,Remove unnecessary checks and reformat NoAppException messages,1,14,12
7ce01ab9b4aac9e559cd6cb2e309381cfc3cc71b,Randy Liou,2017-05-22T14:14:24-07:00,Add coverage for Blueprint.add_app_template_global,1,19,0
d7d21f55596b141ae6ca3cc1a52e9b5be9d474eb,Tully Rankin,2017-05-22T14:48:24-07:00,Moved WSGI-Standalone above mod_wsgi in deployment documentation.,1,1,1
2b96052240ff1113bfb0c376aaf7aa376785184d,Tully Rankin,2017-05-22T15:13:31-07:00,Moved mod_wsgi under uwsgi in TOC deployment docs.,1,1,1
99208f1512c4198b67dae0aa7a31708765edc3ee,David Lord,2017-05-22T15:28:43-07:00,Merge pull request #2300 from tullyrankin/resort-wsgi-deploy-docs,0,1,1
a693f22a5af210a752ab4b2b73b6568c9706a824,David Lord,2017-05-22T15:29:46-07:00,Merge pull request #2299 from dawran6/test-bp-template_global,0,19,0
7ecdbcfa2b2d1c83c8c6561b49303ed5b1042350,David Lord,2017-05-22T15:48:08-07:00,show error if multiple Flask instances are detected,2,22,9
01ddf54b87850c50ee9020c6027647e0c5fca283,David Lord,2017-05-22T16:12:23-07:00,adjust for loop style,2,4,4
0c949089566cfec9b0435ba6ada601acef8f09fa,David Lord,2017-05-22T16:13:27-07:00,Merge pull request #2297 from HndrkMkt/#2265-auto-detect-create-app-function,0,72,8
6f49089a624a13353a07db87aff5fe6f01699728,MikeTheReader,2017-05-22T16:15:48-07:00,Added tests for make_response and get_debug_flag to improve coverage of helpers.py,1,50,0
a690ae27a392cfa1474e062f7655250c416cd536,Randy Liou,2017-05-22T15:49:04-07:00,Add coverage for Blueprint request process methods,1,62,0
d8d712a0def83d146d155acb941c31781e7c3b3a,Randy Liou,2017-05-22T16:54:52-07:00,Add coverage for Blueprint teardown request method,1,9,3
65fc888172fbff89a8354e8926a69b4515766389,Neil Grey,2017-05-22T17:36:55-07:00,For Issue #2286: Replaces references to unittest in the documentation with pytest,3,112,94
4e9d51b39b674b5c1c00081c1b457ff03ba6e76c,Neil Grey,2017-05-22T17:42:30-07:00,For Issue #2286: Fixing indenting of test_login_logout,1,1,1
5b96e00972b2799728470ef9a3b49a99dff22cda,David Lord,2017-05-22T18:06:31-07:00,Merge pull request #2301 from dawran6/test-bp-request-process,0,68,0
65b61aa7c202bb26df53e2cb271269fddd95aeee,Tully Rankin,2017-05-22T18:08:40-07:00,Added uWSGI and example usage to stand-alone WSGI containers documentation (#2302),1,16,0
378a11f99275a6b80d365a5d51d469844bf9ca17,Neil Grey,2017-05-22T18:22:08-07:00,For Issue #2286: Updating test_flaskr to use yield inside fixture,2,8,17
fd4a363657f3b4f13611e029c52fcb8c806f7229,MikeTheReader,2017-05-22T20:49:37-07:00,Modifications based on review,1,15,29
8459cedaa94445fd17b223aed16312f5da2f76ac,Lowell Abbott,2017-05-22T20:52:02-07:00,Add security headers notes,1,127,0
11d2eec3acb7d0cf291b572e3b6b493df5fadc6b,Andrey Kislyuk,2017-05-22T23:46:22-07:00,Fix refactoring error in static_folder docstring (#2310),1,0,2
98b0f96a9820d6314cd814d27b25589ac08ccbf4,Lowell Abbott,2017-05-22T23:48:35-07:00,"Fix typos, semantics and some other corrections",1,20,23
c47f4530a1f2a15830c1d1cb983297a580a4613d,Lowell Abbott,2017-05-22T23:54:28-07:00,Erased duplicated links on title,1,6,6
ee7cb9d6b2ff404be33bcc0487f8b0fee806436d,Lowell Abbott,2017-05-23T01:54:06-07:00,"Suggest only one package, change the sourcecode block to none",1,14,54
cd412b20dc64f3bfa980c9993e5a4dce39a22b94,MikeTheReader,2017-05-23T07:51:57-07:00,Parameterize test_get_debug_flag,1,14,20
7c882a457b734cd0a38d41c7e930e375a6ce6e4c,MikeTheReader,2017-05-23T07:59:53-07:00,Replace double quotes with single quotes,1,1,1
c8e56d58077d29e2c9478f133b3c69ba73deead5,David Lord,2017-05-23T08:34:22-07:00,Merge pull request #2303 from MikeTheReader/master,0,30,0
2339f1f24e29adfd263cb6ebcb98c09ecb4396d9,Christopher Sorenson,2017-05-22T18:39:07-05:00,making some updates to the CONTRIBUTING.rst,1,20,1
5963cb5a5172bce3a1ff7b0f8c64230f043c9cfd,bovarysme,2017-05-23T18:21:29+02:00,Use the yield syntax in pytest's fixtures,3,25,28
668061a5fc928a5055815acf818b02baf1aef37b,Florian Sachs,2017-01-08T20:42:41+01:00,Register errorhandlers for Exceptions,2,34,2
637eae548935ad1434459c1afac286c8686abeed,cerickson,2017-05-22T15:57:31-07:00,Added support for generic HTTPException handlers on app and blueprints,2,69,44
4f815015b803a146ddc24a2dfadd9ed9b22d7de7,cerickson,2017-05-22T15:57:31-07:00,Added support for generic HTTPException handlers on app and blueprints,2,69,44
48f7b9394cef7d44812eea26254dbc6938389e06,cerickson,2017-05-23T10:46:56-07:00,Merge branch 'errorhandler' of https://github.com/cerickson/flask into errorhandler,0,0,0
361dba7e3af06be8f81c7bdd5067c59e08df2df9,cerickson,2017-05-23T10:49:01-07:00,removed dupe text from merge,1,0,2
532ca2e08961b6ffd925c28581c45795986755ee,David Lord,2017-05-23T11:18:48-07:00,reorganize git instructions,1,34,24
54a18a5e94116342b2f16a8d558cce366b644a64,David Lord,2017-05-23T11:19:57-07:00,Merge pull request #2305 from sorech02/updating_contributing_rst,0,36,7
954d9ca0b8519ee651daba64ca9292aaa74fff0d,Levi Roth,2017-05-23T14:30:39-04:00,Added documentation for PowerShell environment variables,1,8,1
8858135043a42df9f0728eb548d3272b476100b6,David Lord,2017-05-23T11:50:14-07:00,Update testing.rst,1,21,14
cd593bf117b7747c5c5b5aec8476315f9b2fbbdb,David Lord,2017-05-23T11:50:31-07:00,Merge pull request #2307 from neilvictorgrey/master,0,118,102
75f537fb87ea3d60465a82c5c221104bcceef1f2,kaveh,2017-05-23T11:51:13-07:00,Adds provide_automatic_options to Class-based Views,2,41,0
e2067649551033c74e7937b89af9a9874a96d279,David Lord,2017-05-23T11:51:17-07:00,Merge pull request #2314 from cerickson/errorhandler,0,67,12
a037762781929a9a658250f3247bfd131d634b0e,David Lord,2017-05-23T12:00:34-07:00,Merge pull request #2311 from bovarysme/use-yield-syntax,0,25,28
09a0d2ebd1c832977b46be6d0cbd7b42944ffc49,Lowell Abbott,2017-05-23T12:26:43-07:00,Re-order by semantic. Fix link on flask-talismand and re-word many concepts,1,33,26
ce813ae5214acc91b1686e09559bb3fdc28a74e9,David Lord,2017-05-23T12:46:31-07:00,Merge pull request #2316 from ka7eh/automatic-options-in-views,0,41,0
fe27d04cc196d65af17ac6cf67574fa61d5b4828,bovarysme,2017-05-23T22:22:16+02:00,Fix a small oversight in the testing docs,2,2,2
81c2440a054a0aa9110ec1d5aa0955055c08050e,David Lord,2017-05-23T13:31:56-07:00,Merge pull request #2318 from bovarysme/fix-testing-docs,0,2,2
ae41df9a77ceab4469029b043e38333b8654e1da,Hendrik Makait,2017-05-23T13:46:45-07:00,Check if app factory takes script_info argument and call it with(out) script_info as an argument depending on that,3,66,28
5b0b9717da958fd6325c675d92be4f6667796112,Christian Stade-Schuldt,2017-05-23T15:18:39-07:00,DRYing up the test suite using pytest fixtures (#2306),12,999,974
d05862574f1ea19d99526ca893be2888389eab1c,Mark Shannon,2017-05-23T15:29:37-07:00,Update click dependency info.,1,1,1
898c8621b175ade4c623ec61d04f24e02c05e0e6,David Lord,2017-05-23T15:33:59-07:00,Merge pull request #2315 from leviroth/powershell-docs,0,8,1
a11212377d74a48591dda7015c9208048d34caa3,David Lord,2017-05-23T16:08:46-07:00,add lowest click version to tox,1,6,2
38df3df7357a152ae8e6fa8c596a7c9c595b2fc3,David Lord,2017-05-23T16:19:41-07:00,shorten cli factory name,1,11,13
701faf0724d8aa18d7ed2907b63c143725dd3e7d,David Lord,2017-05-23T16:20:59-07:00,Merge pull request #2320 from markshannon/fix-click-dependency-info,0,7,3
964c5c5aca08a81164968b8d71eca6925cdbd935,David Lord,2017-05-23T16:24:07-07:00,add changelog,1,5,0
39f7aaa41678bbd110365a55453dd5e395655bb8,David Lord,2017-05-23T16:24:29-07:00,Merge pull request #2319 from HndrkMkt/#2266-support-create-app-without-script-info,0,69,28
3fce4898f84531142c6fa8ab34cf9dc4d0cc4e85,Randy Liou,2017-05-23T16:22:58-07:00,Add test for Blueprint app-wide url processing,1,27,0
c03a82713a8fe4d256a2d2cf1b1f3ab36d5a5916,Randy Liou,2017-05-23T16:42:14-07:00,Cleanup test_blueprint.py to use test fixtures,1,10,18
2eb28165a9f5610aba2dea24086a53ad89dc66ce,Rene A. Zelaya,2017-05-23T16:13:19-07:00,Bundling 'test_greenlet_context_copying' functions into a new class in tests/test_reqctx.py.,1,40,40
f40617029a233217e66d2950bfa775f672398847,Rene A. Zelaya,2017-05-23T16:45:47-07:00,Merge remote-tracking branch 'pallets/master' into 2313-refactor-gevent-tests-into-class,0,84,32
d29dbe14cfc6737378ef01868b89ee154a777a48,Rene A. Zelaya,2017-05-23T16:51:50-07:00,"Correcting name of GreenletContextCopying test class (to start with 'Test'), making it extend object, and also having the test methods in it include 'self' as first argument.",1,3,3
89aaac7fe00f1d8fb2f326310bf813430fe0d3bb,David Lord,2017-05-23T17:14:23-07:00,Merge pull request #2321 from dawran6/test-bp-url,0,27,0
849fc4b90c009d9bbbb604b2997d18340fb7ec2d,David Lord,2017-05-23T17:14:57-07:00,Merge pull request #2323 from dawran6/test-fixture,0,10,18
c62b614d9cbe813d7803c8ecfea2b7bf5a6eaab9,David Lord,2017-05-23T17:31:44-07:00,Merge pull request #2324 from rzelayafavila/2313-refactor-gevent-tests-into-class,0,40,40
65b22926f7673b419a9da82f3213d7243c968af1,David Lord,2017-05-24T15:41:35-07:00,reduce number of tox and travis envs,5,113,64
471c7f3220f45f60a56515f9c1dc55c794b6ff36,David Lord,2017-05-24T15:57:56-07:00,Merge pull request #2331 from davidism/less-travis,0,113,64
50c6df709800ac7504b71209564c8ce5b746d2b8,Dave Morse,2017-05-24T17:00:20-07:00,Minor edits to tutorial for clarity. (#2330),8,103,85
4ec1fbc9f52b4b3997a1978ab3390a5a1157ad6a,Christian Stade-Schuldt,2017-05-24T17:27:36-07:00,More DRYing up the test suite (#2325),10,234,287
f52f3ef31dccd16001b7306c4b00859f585ffd67,Anthony Plunkett,2017-05-24T18:50:25-07:00,PyCharm Run Configuration Guide,2,43,0
e7cd68ba58b78309a342fbce68f6ef1edef3e5e5,Nina Zakharenko,2017-05-23T16:07:07-07:00,Don't overwrite Vary header when setting for cookie access #2317,2,36,5
7e14f6706aa1e1edd95b2210627b20c3148ea2d7,Dave,2017-05-25T10:04:10+05:30,Fix typo,1,1,1
9f61ed99da17c3553307ebc8c8477372b8ce6622,David Lord,2017-05-25T08:24:51-07:00,Merge pull request #2333 from D4D3VD4V3/patch-1,0,1,1
c5be20b53ca577be5569b1a327e88991f2ea69a0,David Lord,2017-05-25T09:52:46-07:00,Merge pull request #2332 from doobeh/pycharm-config,0,43,0
749ef018310225b74a46116793bc3d37a1dfebb9,Zeb Palmer,2017-05-25T10:51:43-06:00,Missing Space,1,1,1
a4ae7f4d3c1071ab91f0f49fc7b6558c47929e33,David Lord,2017-05-25T10:06:53-07:00,Merge pull request #2334 from zebpalmer/master,0,1,1
7106fb63578deef49741096d3d5aa04db89e15ae,Hendrik Makait,2017-05-23T16:56:34-07:00,Handle app factory with arguments in FLASK_APP,3,84,15
7a1a594b2649890fca5d0e2a24db111046d68f39,Hendrik Makait,2017-05-23T22:33:48-07:00,Factor out call_factory_from_regex function,1,24,17
bdf31cd423a295de2f6956b2e8da1d8f26c91858,David Lord,2017-05-25T10:26:02-07:00,extract patch_vary_header to helpers,2,23,20
cb94f4c5d3d4e1797207fd03d20d06c7bc0d05b4,David Lord,2017-05-25T10:46:45-07:00,Merge pull request #2322 from nnja/dont_overwrite_vary_header,0,45,11
48c2925664e154711e97385cc197be8bbb59572d,Hendrik Makait,2017-05-25T11:28:20-07:00,Factor in code review comments and refactor functions to be more naturally split.,2,66,59
90854c756a8ccbe0bedf35dd92eb7ff69f7401b1,Kenneth Reitz,2017-05-25T17:15:53-04:00,resolve merge conflicts,0,28,0
31174fecd2dccd48aa56d4eefc7c808ae93d9262,Kenneth Reitz,2017-05-25T17:21:32-04:00,resolve merge conflicts,0,6379,3927
d911c897eecda957a7887e3b47bcd19198e99c2c,Kenneth Reitz,2017-05-25T14:22:53-07:00,Merge branch 'master' into master,0,3595,2211
4eca29f68bba819494e91270ef27f9c2f4b57bb2,Kenneth Reitz,2017-05-25T14:36:06-07:00,Merge pull request #2080 from pallets/sphinx_theme,0,4,100
386ac92bdd4192450fdff833c7a0d7dbee73ef1e,Kenneth Reitz,2017-05-25T17:38:26-04:00,use alabaster,1,3,10
e6740ec2f3cda96a1f1c42f25875c0182ea99fd7,Kenneth Reitz,2017-05-25T14:40:52-07:00,Merge branch 'master' into improve-flaskr,0,3512,2292
fcfd03146011dbb2ab77868b2f56374d51b39d56,Lowell Abbott,2017-05-25T14:42:42-07:00,Add capitalize and other details,1,7,7
3acec5f801864e8a6fbac759e45569950dec719d,Kenneth Reitz,2017-05-25T14:44:23-07:00,Merge pull request #2309 from aqt01/master,0,91,0
c72e7c7c70f1553295022c70d5058ed11932c16a,Kenneth Reitz,2017-05-25T14:45:34-07:00,Merge pull request #1621 from Ostrovski/0.10-maintenance,0,52,5
63ddf2d47997299002cda290821909c02ca80675,Kenneth Reitz,2017-05-25T14:47:20-07:00,Merge pull request #1887 from zevaverbach/patch-1,0,30,24
090109b63772669f838d4786ce9a2483e75478c0,Kenneth Reitz,2017-05-25T14:57:17-07:00,Merge pull request #2326 from HndrkMkt/#2264-handle-app-factory-in-FLASK_APP,0,113,30
cf926b8e73acfd373de23868c8d0ef4d1ce73870,Kenneth Reitz,2017-05-25T17:57:55-04:00,Update CHANGES,1,1,0
a63a4cb034955f5d9c4b14f87a5337d94ba472a1,Kenneth Reitz,2017-05-25T15:00:03-07:00,Merge pull request #2228 from wgwz/improve-flaskr,0,157,72
e26cc8f9043946e7c9259699af9486dfe2148a53,Kenneth Reitz,2017-05-25T18:01:52-04:00,i think this is how this works now,2,2,17
7c0b36f1467d2d8ea5fdc572d5edfce476a6eb89,Kenneth Reitz,2017-05-26T09:16:45-04:00,cleanup #2326,1,4,4
a4869eb4d2bcb25e6cc5c2e285601abfddea7f4c,Kenneth Reitz,2017-05-26T06:17:40-07:00,Merge pull request #2338 from pallets/cleanup-2326,0,4,4
11f463f1bdd218437694a0ea947c1647c14ad906,David Lord,2017-05-27T08:44:07-07:00,flaskr correct app name,1,2,2
8eff9bda3dbd4363a046778e9a98027c30b7e22c,David Lord,2017-05-27T10:09:23-07:00,clean up security header docs,1,66,55
4ef3500db1427c01685eed451adfd7d8cb8847c6,Kenneth Reitz,2017-05-27T13:37:41-04:00,reduce the number of builds,1,0,24
fe2974b7a44865a5c8062709a9a8603b86933251,Kenneth Reitz,2017-05-27T13:41:16-04:00,try py,1,9,9
d2a46dc56d9af45af2ea4eb43c23686b14a76b92,David Lord,2017-05-27T10:43:57-07:00,fix doc build error,1,11,11
1ee439adff49b4560f930bea9aa12845962087c0,Kenneth Reitz,2017-05-27T13:46:18-04:00,Merge branch 'master' into reduce-ci-matrix,0,11,11
135f85a19137371cf4870dab1710618b61fe9183,Kenneth Reitz,2017-05-27T10:52:45-07:00,Merge pull request #2340 from pallets/reduce-ci-matrix,0,9,33
6a8c8c34844334d62bf56258cb0390f5999074c7,David Lord,2017-05-27T12:47:33-07:00,set example app names directly,3,4,4
4f689c41d9d5aa1161b185de9bd7fb6d85b6cc25,Junior Báez,2017-05-27T18:02:18-04:00,#2341: Accept default argument value when args lenght equal 1,1,5,2
aeb82a404f2926613f83070e039de34cc5842b52,David Lord,2017-05-27T18:09:35-07:00,Merge pull request #2342 from jrbaez01/issue/#2341-accept-one-default-argument,0,5,2
a37f675ccb766c2d6050b5c812aa8aef71d85646,David Lord,2017-05-28T07:25:15-07:00,Merge remote-tracking branch 'origin/0.10-maintenance',0,70,11
3c7625e8c0243fc7777031253e081b7140f57604,David Lord,2017-05-28T10:26:07-07:00,update development resources,8,188,116
90389140cc192113a0c08c54a2de22a41a397702,David Lord,2017-05-28T10:42:16-07:00,Merge pull request #2343 from davidism/tests,0,188,116
399ac3c54fff4cb9d5c4673ce98e409a562b5745,David Lord,2017-05-28T11:52:01-07:00,update changelog,2,29,10
60feecc26c60b8b6ba5349baf8d4cca5cbfed223,David Lord,2017-05-28T14:04:18-07:00,reformat config from table to linkable sections,1,240,171
4a53840df00c3338e42afbf78811382a0d232484,David Lord,2017-05-28T14:08:53-07:00,APPLICATION_ROOT defaults to '/',4,9,6
57974165444d551d281ae25171d4ec5e571c5ca7,David Lord,2017-05-28T14:17:56-07:00,Merge pull request #2344 from davidism/application-root,0,9,6
b8eba0a3fa940f85d43aa2a26bd31a75a446eb28,David Lord,2017-05-29T10:09:24-07:00,use existing response.vary property to set vary header,3,12,26
b7eca826aa94d87b85a998916f1ccc0d3b4591c6,David Lord,2017-05-29T10:16:29-07:00,Merge pull request #2346 from davidism/2345-vary,0,12,26
abf54c8182b052db3173d50ba449b6ea9bd40b2b,David Lord,2017-05-29T10:29:06-07:00,fix some config names in new doc,1,2,2
b9c8c9bad124790ff0a8a9615d3d40a3b6fe2d83,David Lord,2017-05-29T13:30:58-07:00,deprecate app session methods in favor of session_interface,3,37,6
fb90c310b9c9099118c06a95183e38157727fa92,David Lord,2017-05-29T13:42:06-07:00,Merge pull request #2347 from davidism/session-interface,0,37,6
045dccaefbb2582c260e324aebaec425d355b725,David Lord,2017-05-29T19:08:25-07:00,make debugging bad key errors easier,4,37,7
42905b8a55adf66a77b2b11797092a64b51d526e,David Lord,2017-05-29T19:41:07-07:00,set description for trap as well as debug,2,8,3
8f3563cf79024056987864ad4229f03e6c1aec99,David Lord,2017-05-29T19:46:33-07:00,fix operator precedence,1,1,1
9049755e3fac192d5c0cca5092a74a67e562cdc6,David Lord,2017-05-29T19:53:18-07:00,Merge pull request #2348 from davidism/bad-request,0,43,8
859d9a9d5c3da114132ec9f0e515e1fa8030f68f,David Lord,2017-05-31T18:02:23-07:00,show nice message when registering error handler for unknown code,3,79,54
c7f433c49bcd752a057020ba58672b6e441eec21,David Lord,2017-05-31T21:04:21-07:00,Merge pull request #2350 from davidism/errorhandler,0,79,54
ea2e9609bcefffe000cc5a184ab78239cd65d95b,David Lord,2017-06-01T06:40:27-07:00,Merge branch 'master' into json-object-hook,0,1108,671
5e1ced3c055f7eb567bf7266c98de3d44ceea1b4,David Lord,2017-06-01T22:47:23-07:00,make session serializer extensible,4,201,140
ca176cb903f9566be07e359791e364ce2fe0b1bc,David Lord,2017-06-02T06:36:13-07:00,pass serializer at tag init instead of to each method,1,133,68
bbd15d53ad129a2ef984fdf4dca1d93f2d913803,David Lord,2017-06-02T06:49:55-07:00,docs style cleanup,2,34,28
9bee2500dde2976befd7e88de5d403a26d7ad675,David Lord,2017-06-02T08:09:37-07:00,finish documentation,2,50,22
daf85d3725516a17e474b143d6d67b95140db285,Grant Wu,2017-06-02T12:00:54-04:00,Clarify documentation for json parsing,1,5,6
fd8b95952c3891c402b18d1d35c6a2d263b8c6fb,David Lord,2017-06-02T10:01:30-07:00,add tests for flask.json.tag,2,87,25
62406e667c8004cf0367a3ec5bcbed980cbc32bb,David Lord,2017-06-02T10:07:57-07:00,Merge pull request #2352 from davidism/json-object-hook,0,399,112
217d5f9bc063ef8a605002648035c3e03c103a5f,David Lord,2017-06-02T10:17:40-07:00,mention mimetype and is_json,1,12,10
49f3e96844b5dfb6459412aa68e3f25ab3a65514,David Lord,2017-06-02T10:23:51-07:00,Merge pull request #2353 from grantwwu/patch-1,0,11,10
5978a0f55f8ffd723d552645d70ac92e4e1148e4,David Lord,2017-06-02T11:07:53-07:00,failing test for streaming session,1,14,0
6637e201743225f8fc840d3b7cfcdae67f2895ef,David Lord,2017-06-02T11:10:18-07:00,only open session if request hasn't been pushed yet,2,15,8
3b678b7927e38af1f50cfaa60e1c2fdeaf391325,David Lord,2017-06-03T12:26:15-07:00,Merge pull request #2354 from davidism/stream-session,0,29,8
dbc70c9274e56968976abd94333f690627abb61d,David Lord,2017-06-04T09:42:19-07:00,Merge remote-tracking branch 'remotes/origin/master' into json-mixin,0,5626,3017
e97253e4c1a0380f0b70108e8f984b0d9b87ac11,David Lord,2017-06-04T11:44:00-07:00,clean up JSON code and docs,5,92,84
63129e8426ba0ab71a3500172ca04fb41ca67daa,David Lord,2017-06-04T12:02:40-07:00,Merge pull request #2358 from davidism/json-mixin,0,186,105
fa7e8d6073052adc5ba69702db4dec6571ef0bfd,David Lord,2017-06-04T12:26:21-07:00,"be smarter about adding "".cli"" to reloader command",1,10,10
12c45f06a5e0c2303977ce91abc3614b4b00556f,David Lord,2017-06-04T12:38:10-07:00,remove unused import,1,1,1
f29fa0d56b1e971ed9ac303806d7da153f6d6fa9,David Lord,2017-06-04T12:38:34-07:00,Merge pull request #2359 from davidism/cli-warning,0,9,9
16396248b829c61806ba65840aa70e0a3d8b3c8c,Grey Li,2017-06-05T16:11:16+08:00,Include flask.json package in setup(),1,1,1
706e67ed9e28b676f99d896c5c93f3f9cd74370b,David Lord,2017-06-05T05:03:50-07:00,Merge pull request #2361 from greyli/patch-3,0,1,1
5c12acefbb90d4328f896633b636c8e05d87a0dd,David Lord,2017-06-05T06:14:13-07:00,failing test,1,33,0
b5f4c5215022a01823675038bc246dd1d771a543,David Lord,2017-06-05T06:24:08-07:00,don't cache error handlers for exception mro,2,15,15
b80cf057fc2b41a5f642c222dbcb79ce28d3fe0e,David Lord,2017-06-05T06:34:49-07:00,Merge pull request #2362 from davidism/remove-error-handler-cache,0,48,15
235c830759beca55a9d141c689f2a8c88a19f3d2,David Lord,2017-06-06T07:47:07-07:00,document inherited attributes for Flask and Blueprint,3,56,13
45946028e77ed68d64869f565b688aff0914638c,David Lord,2017-06-06T07:52:55-07:00,Merge pull request #2363 from davidism/inherited-members,0,56,13
15756da1f02fb997bdcc77f502a471e5466e56a2,David Lord,2017-06-06T09:21:44-07:00,mention csp for javascript: uri xss,1,17,4
9d829934226a34c866ef56e6dacc15c423dd02cd,David Lord,2017-06-06T09:22:49-07:00,Merge pull request #2364 from davidism/xss-note,0,17,4
067686b471cec18a886240c33408a118449776de,tristan fisher,2017-06-09T10:19:08-04:00,Add basic how-to on using envvars for config,1,48,0
53ff054fd306bd012dac43b413ab9c0bf445bdfa,tristan fisher,2017-06-09T10:54:47-04:00,Fixes grammar and phrasing on envvar how-to,1,2,2
01d2f725d3fd243951607712fa67a6f3ec45dd8e,David Lord,2017-06-09T10:28:54-07:00,formatting,1,16,16
094b116c7fafd7716de2a4b729b756868f4db3ab,David Lord,2017-06-09T10:30:31-07:00,Merge pull request #2366 from tristanfisher/master,0,48,0
cf425403c8ff24623812a46272dc91f712ed5086,grahamlutz,2017-06-10T08:53:40-04:00,Remove duplicate word from docstring,1,1,1
66e9dc9df26c8d86e20dd7232eb844facb3caea1,Tony Narlock,2017-06-12T16:07:24-05:00,Add docutils label for templates page,1,2,0
91fd33dbd9fa1c886284df8462f459948fdb1920,Tony Narlock,2017-06-12T16:15:52-05:00,Add docutils label for class-based views,1,1,0
75c4ea24c2debbb4ea797389e0eee4a38ecc8ac4,David Lord,2017-06-13T06:27:46-07:00,Merge pull request #2369 from tony/patch-1,0,2,0
e97f6e22e6edbe35d0826766aa0995ffec9b4d77,David Lord,2017-06-13T06:28:18-07:00,Merge pull request #2370 from tony/patch-2,0,1,0
0f7b3a4f26dfbbe453a504abd4a8bcbf49194d46,David Lord,2017-06-14T07:16:55-07:00,document `Flask.register_blueprint` arguments,2,41,15
fe1bf3c8213c56e045ead8afa84773f181b3dab6,David Lord,2017-06-14T07:26:48-07:00,document the blueprint param too,1,2,3
2c97ed985eaef9663bc72b1bc6b6d35c7d69e60d,David Lord,2017-06-14T07:41:44-07:00,Merge pull request #2371 from davidism/register_blueprint-doc,0,39,14
9e39c506e0e20285f17409fc0d555f86c0ddac14,David Lord,2017-06-14T09:58:33-07:00,Merge branch 'master' into reload_templates_run_debug,0,6377,3530
4fc48200a58907ffdf136961b84ef7d19192e6ef,David Lord,2017-06-14T12:08:25-07:00,reconfigure the app from run command and method,3,60,10
d75d83defdbcc2e498f816b5cd20dcc24a1b7138,Eugene M. Kim,2017-06-14T11:30:42-07:00,Add UTs for #2372,2,11,0
4d2a3ab2e07e36b56d09e16f0836dbd0bdd7b34c,David Lord,2017-06-14T12:31:56-07:00,test no debug flag doesn't reconfigure,1,7,7
d41e2e6a5db3211ecd3c3f3f55934474406ffac2,Eugene M. Kim,2017-06-14T11:12:11-07:00,"Correctly encode aware, non-UTC datetime objects",2,5,1
1e112cccaa94dd47e43f9466d859730c412aff1a,David Lord,2017-06-14T12:56:42-07:00,Merge pull request #2373 from davidism/reload_templates_run_debug,0,75,8
0e6cab357690614791ab4ca0da0ac65dbb803041,Eugene M. Kim,2017-06-14T13:06:26-07:00,Rewrite test_jsonify_aware_datetimes without pytz,2,7,9
5b38fe2fbe6b40a004d39ea2094d0e0e7c830ea0,Eugene M. Kim,2017-06-14T13:11:53-07:00,Merge branch 'master' of github.com:pallets/flask into json_encode_non_utc_datetimes,0,75,8
eb9618347c680a038e2e6310228d85a53b080f93,Eugene M. Kim,2017-06-14T13:57:40-07:00,Use pytz again for tests,2,9,7
34050630d67918dc8614b8ead8c683e66e4ececc,Eugene M. Kim,2017-06-14T14:08:42-07:00,Skip aware datetime tests if pytz is unavailable,1,7,1
f80376027571ba5190ab6cf1411dd1dd9bb9c65e,Eugene M. Kim,2017-06-14T14:14:18-07:00,Re-revert to not using pytz,2,7,15
63ccdada1b9ddc69f97b00de1ac343894c1d8420,Eugene M. Kim,2017-06-14T14:23:13-07:00,Actually hand-spin and use a tzinfo subclass,1,23,2
d625d411047f335bb8586be3064c7c735ccb0cda,David Lord,2017-06-14T18:42:15-07:00,Merge pull request #2374 from astralblue/json_encode_non_utc_datetimes,0,35,1
7c40aa9e50d97b7c412745a53c8cdc2597c46680,Miguel Grinberg,2017-06-15T11:27:50-07:00,Import app from wsgi.py or app.py if FLASK_APP is not defined,4,48,10
0b80acb25cb4ee3f2acad6ae8064d834e0583408,Miguel Grinberg,2017-06-15T12:15:38-07:00,document wsgi.py and app.py default modules,1,7,3
448368e226c8edd1077cf8e5a12ddaa9222b8ec9,David Lord,2017-06-16T06:59:37-07:00,style cleanup,3,35,21
29c055a2b4327d94c5aaf66ae00514199ff146cc,David Lord,2017-06-16T07:00:26-07:00,Merge pull request #2378 from miguelgrinberg/default-flask-app,0,75,19
bfc2ee7dfdfdb5fd68be208babd896f93194b7b4,trirpi,2017-06-16T21:15:33+02:00,removed bug in memory sqlite uri,1,1,1
45c8fb3f3fea9cc2599438e751906f509e19f0e2,Anthony Plunkett,2017-06-16T15:38:33-04:00,Merge pull request #2381 from trirpi/documentation-sqlite-uri-bug,0,1,1
75327c0a8500ca2e90e974dfda2ab8e170de65ff,John Moutafis,2017-06-23T17:53:38+03:00,Remove deprecated init_jinja_globals.,1,0,9
e9386a72738bfc77cbfbce6c648f8b638dd7b836,John Moutafis,2017-06-26T11:48:29+03:00,Remove deprecated request_globals_class _get and _set methods.,1,0,12
c5d3f806d761432e87398d3ecab2f042a3ab617e,David Lord,2017-06-26T07:35:20-07:00,Merge pull request #2393 from JohnMoutafis/2385-remove-deprecated-code,0,0,21
9491bf8695be9b24036b3d966d9c43b46f0ddc23,David Lord,2017-06-26T07:39:35-07:00,remove deprecated Flask.error_handlers,1,1,16
d63c2bc4178b0a371ee53c9d94b73c7be3174c9d,David Lord,2017-06-26T07:42:17-07:00,remove deprecated Flask.static_path,2,30,31
723e6650048bc8097da20b23ebddcd4c0ad6bc61,David Lord,2017-06-26T07:46:33-07:00,remove deprecated Request.module,3,19,49
89c87240b6ef4f9663b4bb351d66cb8a50460795,David Lord,2017-06-26T08:07:54-07:00,changelog for deprecations,1,11,0
4c564779d159acadacc078988f7a40a3e5794eed,David Lord,2017-06-26T08:29:43-07:00,Merge pull request #2394 from davidism/remove-deprecated,0,61,96
715a9a3e7bd65421c36428ba9d4a1ee06b98bbc1,David Lord,2017-06-26T08:47:28-07:00,remove deprecated flask.ext,6,4,495
bce8ec75ebde8a7f49fbc3a9825e667d7327c64d,David Lord,2017-06-26T09:18:21-07:00,Merge pull request #2395 from davidism/remove-ext,0,4,495
e0cd80c6bff0d5ca3720f2f8dcac21274827caa5,David Lord,2017-06-26T09:22:03-07:00,remove old upgrade script,1,0,298
1172728a683e0241400d991df672818ed9b2eb0c,David Lord,2017-06-26T09:23:06-07:00,Merge pull request #2396 from davidism/remove-script,0,0,298
5bc0d15359b73afcb324eb696f9caeb362efa7cc,David Lord,2017-06-26T09:34:26-07:00,un-deprecate request.json,3,3,34
cce6e7dccc73c0bd86ab0c978a033bf85daa0845,David Lord,2017-06-26T09:47:36-07:00,Merge pull request #2397 from davidism/request-json,0,3,34
4f30cb7c57c4b5d74ba98953f59670a647623f7a,Miguel Grinberg,2017-06-27T07:27:10-07:00,fix variable substitution in error message,1,4,3
641fdeaf989c31125289390fe62601b879d1fae1,David Lord,2017-06-27T07:50:20-07:00,Merge pull request #2398 from miguelgrinberg/app-not-found-error-fix,0,4,3
465922e5f1cb76cf669a38afe25facde2176b9f0,David Lord,2017-06-28T07:58:06-07:00,clean up secret key docs,15,41,79
d13e41ddefb89d42fda61caf5921dc60b66403e1,David Lord,2017-06-28T08:00:08-07:00,Merge pull request #2399 from davidism/docs-secret-key,0,41,79
01e2d8066062fa799aebab98dbb94843bff33b9c,David Lord,2017-06-28T08:02:51-07:00,one more secret key in docs,1,2,1
6162ecef19823310c316a1a287d3c3abda48b2aa,David Lord,2017-06-28T08:06:18-07:00,detox breaks docs test env for some reason,1,1,1
8207b1563e1878d8943471d74c9b311bcb195bf7,David Lord,2017-06-28T19:55:39-07:00,fix formatting,1,2,2
5909e26fba86351063bd622cedf6a4c25eba2e79,William Horton,2017-06-30T11:28:48-04:00,Remove unused import from test_basic (#2403),1,0,1
a417e41d27cc14a0fe74dc49840b8921aeed70b6,Bijan Vakili,2017-07-07T17:34:44-07:00,Update documentation and regression tests to clarify that Flask.teardown_appcontext() only receives unhandled exceptions,2,56,3
9560f22bb65d7c06d10ea3dfe3d7a81a73f68af2,David Lord,2017-07-10T07:10:47-07:00,clean up,2,8,16
817903c9c1f4c5c6e063edc971ccc75c5c94af49,David Lord,2017-07-10T07:20:01-07:00,Merge pull request #2409 from bijanvakili/clarify-app-teardown,0,48,3
59f7966e3192bcf478a213ba0aa9cd3bda7da4e4,David Lord,2017-07-13T08:42:53-07:00,support passing environ to test client (#2412),3,52,9
fb845b90328278f4a557f898024a53800752fd53,David Lord,2017-07-14T19:27:45-07:00,allow local packages in FLASK_APP,8,162,155
77b98a2762b358b1e90c350a33971a91f8a9375d,David Lord,2017-07-14T19:59:51-07:00,Merge pull request #2414 from davidism/cli-load-local-package,0,162,155
8e2ef5bde3a00603cca02e3fef8ffbdb665f5fbe,asmith26,2017-07-16T20:07:25+01:00,Fix typo in docs (#2419),1,1,1
491d331e6e0a7915c9e6d9b3287688ac7a3f56ca,David Lord,2017-07-14T22:37:53-07:00,load env vars using python-dotenv,13,235,42
851eaa4db7cef513dae35286d816867d68a72049,David Lord,2017-07-16T13:55:18-07:00,Merge pull request #2416 from davidism/dotenv,0,235,42
241673fd153bad011c3fbbb41580450f39874cad,Igor Kasianov,2017-07-27T14:44:23+03:00,make_test_environ_builder: use url_scheme from path if provided,1,2,2
417bc336de7350f91378183e88cb35c1ef8c75c5,David Lord,2017-07-27T07:32:03-07:00,egg_info -R flag is gone,1,1,1
a89bdb3395b22c963456d1fcdebbd77c5c6f618c,David Lord,2017-07-29T13:03:08-07:00,prefer the url's scheme over the kwarg,3,17,4
85fa8aabf5a7bd0adf204f0c2dacbba1fa6683de,David Lord,2017-07-29T13:09:17-07:00,Merge pull request #2430 from erebus1/env_url_scheme_fix,0,15,2
66b1b752da1ccc67c1073d4a99c4141a1b2be445,David Lord,2017-07-28T14:55:52-07:00,simplify logging configuration,13,404,456
c74f46979a8b8358437bd7f76e478d04248a9c72,David Lord,2017-07-31T13:23:45-07:00,Merge pull request #2436 from davidism/logging,0,404,456
ed1f6047271dc7ba1ee9c82e0c257b8ac406e80c,David Lord,2017-07-31T13:58:50-07:00,Update CHANGES,1,2,1
2efb565fbc293c9395e735316024d56e03fb0350,David Lord,2017-08-01T08:28:32-07:00,mention that session signature checks max age,2,36,4
1c35b98f0bcb1a1362cdfb1663992e6526e63a67,David Lord,2017-08-01T08:39:42-07:00,fix code block,1,1,1
97ad0859128a1e6f2ec3efb9efc46c7c40646318,David Lord,2017-08-01T08:47:56-07:00,fix links,2,9,8
392989aaa7f6f5e90a623845cb859451b207ca93,hallazzang,2017-08-06T09:06:19+09:00,corrected indentations for pypa description,1,2,2
7640a1f1c9ff47798d9bc31d0e80af0a024e8936,Brennan Vincello,2017-08-10T21:51:02-07:00,Add version warning,1,5,0
330792e10b6d05788700f269f7da339bec1bfda9,Hsiaoming Yang,2017-08-14T14:01:10+08:00,Merge pull request #2445 from brennv/add-version-warning,0,5,0
7d4703e98ab64fa29f6ca50b72ca5a4548121bb8,Hsiaoming Yang,2017-08-14T14:01:46+08:00,Merge pull request #2442 from hallazzang/patch-1,0,2,2
5888d76342ef6005af20c0b9a42426d17118570e,Chuan Ma,2017-08-14T10:25:24-04:00,pytest.yield_fixture deprecated in pytest 3.0+.,1,1,1
ad7ed87f5ea9484a15b9c6e1c3907584dfa91115,David Lord,2017-08-14T15:05:49-07:00,Merge pull request #2446 from chuanma/master,0,1,1
7c510199850957161240f081359e2246d8982be1,Arie Marie 'Thomas' Dalleis,2017-08-15T09:55:38-04:00,Fix typos and formatting,1,2,2
154c62123737a6ff047a2b4b8e3b58f75f9dfc95,Alejandro Mantecon Guillen,2017-08-25T09:36:26-04:00,Update debugger and flaskr screenshots (#2454),2,0,0
e4928323f2fd278ef3ab119a9cfccabfd69b04cd,Brett Johnson,2017-08-30T14:52:57-07:00,Update App Engine link,1,1,1
62a6aabc8db72f2e606529d6e9b2146596b0d515,Jaap Broekhuizen,2017-09-06T13:30:05+02:00,Mention Flask instead of Jinja in the issue template,1,1,1
ff8f525fb30ccaf1a3af6f6694c1d6385221731c,ImgBotApp,2017-09-12T04:24:35+00:00,[ImgBot] optimizes images,8,0,0
f071562ec007b629d5cdc1374f8df45b74acbb7c,Markus Unterwaditzer,2017-09-12T12:55:41+02:00,Merge pull request #2470 from ImgBotApp/imgbot,0,0,0
851ca95778ded1b4b97fa92ddd45ab5b43fdcd90,Grey Li,2017-09-23T22:26:48+08:00,Fix typo in comment,1,1,1
3a8cc3766363a6d4376a08263b70e6a143b32221,David Lord,2017-09-28T10:58:53-07:00,install argparse for 2.6,1,2,7
7e4e6eced3b0d3e48261f85e365108b82ee77610,David Lord,2017-09-28T11:00:48-07:00,Merge pull request #2475 from greyli/patch-4,0,1,1
0a1090890f8425a69e5b004aceb04fd7527b8e35,Henry Chladil,2017-10-08T03:52:44+10:00,Add additional information in the url_rule docs (#2467),1,4,0
2f57a0b917478a028859b9d036b59cf1bba6cad2,Caratpine,2017-08-19T11:41:03+08:00,Blueprint view function name should not contain dots,3,13,0
8020d5eac9e4bb0e40a47b82ca95713ee78fc73c,David Lord,2017-10-09T08:18:34-07:00,Merge pull request #2450 from Caratpine/master,0,13,0
5436dddf64f0103088c4ca212f16efa40c88766a,David Lord,2017-07-14T20:34:23-07:00,rewrite cli errors,3,81,58
9bc329c0c9dcdb5a3a6919f31542b6e7453d8aa8,David Lord,2017-10-10T11:10:20-07:00,rewrite cli docs,3,297,244
0932d8f428ae6c7cb6615a6a146e417eb182ec4d,David Lord,2017-10-10T11:59:28-07:00,Merge pull request #2490 from davidism/cli-review,0,378,302
c3527144780772a22effd718654ca6ad472aaae0,Mrn Om,2017-10-11T16:47:26+03:00,Fix grammar/typos,1,2,2
82e66848e8ab44d58e483b6b92eea5f04627c422,David Lord,2017-10-11T07:03:32-07:00,Merge pull request #2491 from mrnom/patch-1,0,2,2
9291ead32e2fc8b13cef825186c968944e9ff344,Radoslav Gerganov,2017-10-13T14:53:50+03:00,Fix typo in logging.rst (#2492),1,1,1
b89cf95816ab700448c7bb0d43d3c2103af0ec15,Bogdan Alexandru Marginean,2017-10-19T22:32:47+03:00,Update appfactories.rst,1,10,11
e3c853e60401bccf1564bee19dda7a3b41602ff9,Roy Crihfield,2017-10-24T01:10:12-05:00,Fix typo in cli.py (#2502),1,1,1
f8321de36990faf199e050f4509077752264afca,hugovk,2017-10-25T09:03:27+03:00,Remove IRC notifications,1,0,7
a35fc3cd6bad4ba8891af75fb9a1661f979cbb0a,David Lord,2017-10-25T04:09:41-07:00,Merge pull request #2504 from hugovk/patch-1,0,0,7
470112dd6e708a18eb4ec1daa10c4ea276620dbf,David Lord,2017-10-30T13:48:29-07:00,Merge pull request #2500 from BogdanAlexandru/patch-1,0,10,11
50964fb4ab62fa857e9937656424d7e6ac9e738d,domandinho,2017-11-09T22:52:24+01:00,Minor fix in flaskr example README,1,1,1
3a2f396265aa052892a0f432b058b65588d331b8,David Lord,2017-11-09T14:10:10-08:00,Merge pull request #2515 from domandinho/domandinho_2515,0,1,1
110a7525658902a586da751bcdf9780690c089b2,Per Mortensen,2017-11-22T22:40:23+01:00,Update Twisted Web example,1,1,1
d24bb9ee32357ac9cd122932ede32ca486431f0e,David Lord,2017-11-22T16:35:47-08:00,Merge pull request #2525 from proog/docs-twisted-port,0,1,1
c23a63a185104b4dc39fe53d82254059c5ff4727,Armin Ronacher,2017-11-25T00:05:57+01:00,Improved bad factory error handling,2,17,0
2ef2000a39541d8424f3163ef5feeabacc81e681,Armin Ronacher,2017-11-25T00:17:09+01:00,Enable threads by default for the dev server (#2529),2,2,1
1a2dc6f205003cd2307b33927b8628a3d97b7ce6,Armin Ronacher,2017-11-25T00:18:10+01:00,Fixed tests for python 3,1,3,1
c52e1b7388c17466a551391cdf81964bf0b7aef0,ThiefMaster,2017-11-23T10:32:13+01:00,Fix ValueError for some invalid Range requests,3,30,2
eb1c2faf9f1fd785616203dc00f6dd680682dc38,Adrian Moennich,2017-11-25T00:44:07+01:00,Merge remote-tracking branch 'upstream/0.12-maintenance',0,32,2
777cc17de34622a7f8324a3ce42fbc589d86476b,Adrian Moennich,2017-11-25T00:53:43+01:00,Fix broken test,1,4,0
d6df70de809a51a4e1cfbb58f486e8d97a2eb439,David Lord,2017-11-26T12:50:36-08:00,include tox.ini in sdist,1,1,1
602c771327961ec28051b8fb60ba70e2091df565,Grey Li,2017-12-01T16:03:52+08:00,Docs: update built-in server description,1,2,3
9520fbdcb21a43e3c30225c6643e7dd2d4c4a692,Hsiaoming Yang,2017-12-02T17:09:28+09:00,Rename GitHub templates to md. They are Markdown.,2,0,0
601cd90fdbb76f972442f3841a2f4d25e5d6f200,Ngalim Siregar,2017-12-03T16:37:52+09:00,update pycharm instructions,2,3,4
5892a6f2c5aefeb54598a824c9775b487999ba90,Ngalim Siregar,2017-12-03T17:05:20+09:00,Update PyCharm image,1,0,0
d08d96acbcabcde23307ed060f71f95ba9cb7b8d,Vladimir Kroz,2017-12-05T08:54:59-08:00,Fix code example for HTTP Methods,1,2,2
2d2c0169d47a5345dada2c96b4a445c570f7c112,Harry Moreno,2017-12-08T15:18:02-05:00,"Fix docs, how to get db connection in pattern",1,1,1
4556ab2e06c73920ca3e748bbbb5505ea9f6deea,David Lord,2017-12-08T12:59:46-08:00,Merge pull request #2548 from morenoh149/patch-1,0,1,1
8a5e389da06f7bb7cf5a364edbc47f0e6e7d1771,Grey Li,2017-12-14T11:08:33+08:00,Docs: Fixed typo,1,1,1
4c9bf6e4b512fe6090e04ad1c690ec2652b36f0b,Hsiaoming Yang,2017-12-14T14:26:56+09:00,Merge pull request #2552 from greyli/patch-6,0,1,1
58ea360d431d7d2d430d08d89a75dd70946fb263,Grey Li,2017-12-14T14:38:37+08:00,Docs: Add missing backslash,1,1,1
e30c39fe78cb8d3fe8379f032b66f7719b2e99c5,Camilo,2017-12-14T01:55:22-05:00,fix non-passing tests for logging on pytest > 3.3.0,1,6,0
db56e3866685bdd43ac57e5bade696dba56ee707,David Lord,2017-12-14T05:33:32-08:00,Merge pull request #2553 from greyli/patch-6,0,1,1
33fa58094701d5b1edbf13ddfe7c93b4c5821b63,Camilo,2017-12-14T09:40:34-05:00,restore the logging plugin only if it was active to begin with,1,2,1
604cc758fb6601782745572452715fc295dda011,David Lord,2017-12-14T12:20:03-08:00,"use config fixture, get plugin via unregister",1,5,5
27a7171d42c878d5d9094c0117466e862ff91000,David Lord,2017-12-14T12:21:34-08:00,Merge pull request #2554 from camilojimenez/2550-some-tests-fail,0,8,1
1cdfe0e5e9c1eabfc3038dd2e4b79d768c6e1ed8,Andy Craze,2017-12-14T19:45:09-08:00,Fix sentry raven install docs,1,2,2
b786585b8f5302d707a66fd306f0c79946b408f0,Hsiaoming Yang,2017-12-16T23:13:55+09:00,Merge pull request #2556 from accraze/patch-1,0,2,2
28d0f66c1f5a6a9d3f0c229822e917d115fa5aea,David Lord,2017-12-14T13:05:52-08:00,remove tests and docs for python 2.6 and 3.3,8,11,51
05e3840cc2a3ac6233edacc75fb38ff866d6bcbd,David Lord,2017-12-16T07:06:54-08:00,Merge pull request #2555 from pallets/deprecate-26-33,0,11,51
a43a439c7a839edc8c5ac7062acb694eceb99e55,David Lord,2017-12-16T07:08:31-08:00,Merge pull request #2536 from greyli/patch-4,0,2,3
e296a67a08810d2395e8baa2c1b82ce5508fe808,David Lord,2017-12-16T07:17:13-08:00,add appveyor configuration,1,20,0
411b08ff8bcd30aca15f2dc0be5f633879c633db,Hsiaoming Yang,2017-12-17T02:43:06+09:00,Better appveyor config,1,8,3
eab030f9f5f8f488362fd359a82e000991a1e7d5,David Lord,2017-12-17T13:11:53-08:00,Merge pull request #2559 from pallets/fix-appveyor,0,8,3
94fd3edf3185ea20f1b3af62c247e031cd8136dd,Grey Li,2017-12-20T20:50:45+08:00,Docs: Update CLI for factory pattern,1,10,8
f7983ae96a5da9c7763ebd65947fb6032e2df36c,David Lord,2018-01-03T13:06:14-08:00,concat newline in jsonify,1,1,1
2bec58fd6e8c26b6484bf7d5b89814744ae5cfcf,David Lord,2018-01-03T13:17:59-08:00,Merge pull request #2577 from pallets/jsonify-str,0,1,1
3012d20a3f24c8c8afa4be754d6f198506f72286,David Lord,2018-01-04T07:29:15-08:00,cleanup,1,3,5
c2bac6de8c51b4ad687f04d5794ce9c6afdf38d8,David Lord,2018-01-04T09:39:47-08:00,Merge pull request #2565 from greyli/patch-6,0,10,8
c11fe5d00702622f8c31fd72ee1a249c175a0b57,David Lord,2018-01-04T12:34:25-08:00,"smaller, optimized image",3,39,28
0a339545551b5303fb2750e6e5b0e72acbea60d4,David Lord,2018-01-04T08:40:12-08:00,improve documentation for session attributes,2,47,27
54f3d2131d2abd633288b4810eb95ba40b0a7956,David Lord,2018-01-04T12:56:38-08:00,Merge pull request #2541 from nsiregar/#2535_update_pycharm_instruction,0,39,29
26f413e1e55d3b57fa164114b39f6cf74669591a,David Lord,2018-01-04T13:04:29-08:00,Merge pull request #2580 from pallets/session-attrs,0,47,27
06f96df67e291caeaeb09ad296aa368c80cc1a58,David Lord,2018-01-05T07:40:51-08:00,silence ENOTDIR when loading config file,2,10,2
40745bb338c45498ca19010175f341332ab2eefb,David Lord,2018-01-05T07:55:41-08:00,Merge pull request #2581 from pallets/config-enotdir,0,10,2
ffca68fc86718b133668f341ddd8c2635d7e29ec,David Lord,2018-01-05T12:36:01-08:00,fix windows failure to remove temp file,1,8,16
333865ea34acefbca565170881ff403fd7840d57,David Lord,2018-01-05T13:27:31-08:00,windows python 2 doesn't provide inet_pton,1,10,2
eebc0edfddba9687f82f4868f85714c0c7bb3d84,David Lord,2018-01-05T13:32:57-08:00,Merge pull request #2558 from pallets/appveyor,0,41,18
22e072379b9fcffd229cdd239dd3ff5ed4eed571,Hsiaoming Yang,2018-01-06T18:49:01+09:00,cleanup werkzeug import (#2582),2,3,16
60eecb547d8af9916c55163c7356999ca2d5ffb9,Hsiaoming Yang,2018-01-06T18:49:50+09:00,Remove python 2.6 and 3.3 everywhere. (#2583),4,4,5
2433522d2967b8a5e46f16de587a8fac5088a47c,Armin Ronacher,2018-01-06T17:07:56+01:00,Add Support for FLASK_ENV (#2570),10,154,74
3738f7ff99661fa0319ebe2d8228ad8c479fb46a,David Lord,2018-01-10T12:02:13-08:00,match run command behavior in app.run,2,58,39
f2cf4d04494cd9d57da6be05debc0967888dd927,David Lord,2018-01-10T12:14:44-08:00,Merge pull request #2591 from pallets/run-behavior,0,58,39
8bdf820e9b9c166883ef9717e127ba46ebe43cae,David Lord,2018-01-10T13:53:45-08:00,reset standard os env after each test,2,43,18
2949306b7bc44e3f74e42e8277dfe13475b350eb,David Lord,2018-01-10T14:01:59-08:00,Merge pull request #2592 from pallets/tests-env,0,43,18
87c2e121e0bf32f5234eabbf4773a82f9d5523d2,David Lord,2018-01-10T15:38:52-08:00,clean up FLASK_ENV docs [ci skip],7,129,83
c3a997864efc0dfa725f21248ba0fc21a9682faa,David Lord,2018-01-10T15:46:42-08:00,Merge pull request #2593 from pallets/env-docs,0,129,83
a9646716d25c1705cfa33561d41482ba0e1c06d4,Nickatak,2018-01-14T16:02:43-08:00,Fix typo in example.,1,1,1
22708b048d224a5590fa28d86ca02bac52294f90,David Lord,2018-01-14T20:07:43-08:00,Merge pull request #2596 from Nickatak/master,0,1,1
a1d9ebe4abebdb824aa9a397b001de5f9130e7a3,Fadhel_Chaabane,2018-01-23T13:57:50+00:00,New Feature: Added Support for cookie's SameSite attribute.,5,61,4
db5735c3ceaa04e9d9d05d942686bd6e369d0f34,Fadhel_Chaabane,2018-01-23T15:02:07+00:00,Changed Werkzeug min version to 0.14 to support SameSite cookie's attribute,1,1,1
2beedabaafb16f2ba255c54c0875beb0d43664fd,David Lord,2018-01-22T12:16:37-08:00,add HTTPS support for flask run command,3,159,8
8ff0cef6b9ecee2c0bc31774b33cb88632dc79db,David Lord,2018-01-23T10:09:42-08:00,Merge pull request #2606 from pallets/run-ssl,0,159,8
382b13581ed44e0bc740968353bb5a25945bafdf,David Lord,2018-01-23T15:11:50-08:00,clean up samesite docs,4,32,29
0570393bc471d72eca128ded5edc868f13a87b0a,Grey Li,2018-01-22T11:07:37+08:00,Update cli help for FLASK_ENV,1,3,3
e21abd9da5fa755d3af96091ab3a181b7d6498b5,David Lord,2018-01-23T15:20:16-08:00,Merge pull request #2607 from FadhelC/SameSite-cookie-feature,0,67,7
213afec771a92e20516e5ea468bdd2186915f186,David Lord,2018-01-23T15:34:52-08:00,add rst extension for changelog,3,13,16
8a1f3626c5b21191fd02cc4eb72cb3ff62d240e3,David Lord,2018-01-23T15:37:33-08:00,fix changelog list formatting,1,11,11
83b5625f0c1842a7837bc3326319a64b02a45e44,David Lord,2018-01-23T15:39:42-08:00,Merge pull request #2603 from greyli/patch-8,0,3,3
2cba0d77eef983b605bf2f5c85a9d02fe212eda0,David Lord,2018-01-28T11:20:42-08:00,use traceback to detect call more reliably,1,27,10
03a2996bb89a0f35f82beb389788539ceb58ba46,David Lord,2018-01-28T11:27:07-08:00,Merge pull request #2530 from pallets/feature/factory-detection,0,36,0
8bddd3bf4da669717acea4fa71cdccc433090570,David Lord,2018-01-28T12:06:59-08:00,allow nightly to fail on travis,1,3,0
72115ec84b06688132eba5c88dc9c4eb9c6edff4,David Lord,2018-01-28T14:16:33-08:00,Merge pull request #2609 from pallets/nightly-travis,0,3,0
7fb2ddcaf613438820a4c095ba9c972e41fc154b,David Lord,2018-01-28T14:25:48-08:00,add note about syntax errors in custom scripts,1,13,3
94aaa2457927c59d4df2a616d24f640ee8454966,David Lord,2018-01-28T14:48:38-08:00,Merge pull request #2610 from pallets/cli-syntaxerror,0,13,3
ae30fe7de00e2afa1835062a26f2c2f3f4e42e4b,David Lord,2018-01-28T18:48:39-08:00,document testing cli commands,2,50,0
8c2c802f19cf220d6e177414d315dcc6be6ac759,David Lord,2018-01-28T18:56:45-08:00,Merge pull request #2611 from pallets/cli-test-docs,0,50,0
af32ea0b9449a2f4aeb858f546cdfea7254342fb,David Lord,2018-02-06T08:03:09-08:00,bump dependency versions,4,29,32
f9c6f389ac71b1354a07925785ea4738bf5ba496,David Lord,2018-02-06T08:14:09-08:00,Merge pull request #2622 from pallets/versions,0,29,32
9bf5c3b3a3bdc3f2f2dcca2b5747378470d0d354,David Lord,2018-02-07T06:56:14-08:00,update project metadata,16,310,653
310fbfcf64f40f237068fddbbbe45315f9935eca,David Lord,2018-02-08T10:57:40-08:00,revert copyright year to project start,52,167,52
a9a078c93f412094492ea547492d697ff48ee0cd,David Lord,2018-02-08T13:04:19-08:00,install python in travis osx env,1,9,0
4309c7c6ea51e5797604c43ba858e5ebe1fb1674,David Lord,2018-02-08T13:12:25-08:00,Merge pull request #2624 from pallets/metadata,0,486,705
575021c07be6b168ca4c3664ea484248c9ffe960,Josh Holland,2018-02-12T22:26:02+00:00,Fix docs for test_request_context,1,2,2
79f34f1769477d9909e4fe0830c48b04208c50fc,Hsiaoming Yang,2018-02-13T10:33:08+09:00,Merge pull request #2630 from anowlcalledjosh/2627-test_request_context-docs,0,2,2
cf5525f98a2a9a15f6bb93b050dfd43f2bd90d97,David Lord,2018-02-19T15:34:46-08:00,add test_cli_runner for testing app.cli commands,6,140,12
4a7db6647407de076daf31f1dd766388128f9a3d,David Lord,2018-02-19T16:14:11-08:00,Merge pull request #2636 from pallets/test-cli-runner,0,140,12
8cec2010c0564bbd6e1f9cd8881404f70178247f,Armin Ronacher,2018-02-19T21:20:03+01:00,Do not enable subdomain matching by default,4,52,7
82f0d120deb9ea52237d95a14a4a619b01d06f80,David Lord,2018-02-23T07:51:34-08:00,use subdomain arg in url_map.bind_to_environ,4,56,44
f808c20139649b747f604492bc33b61a7dd3e13a,David Lord,2018-02-23T08:47:20-08:00,Merge pull request #2635 from pallets/feature/server-name-routing,0,82,25
0887245bfde8e5d65cc3d807dc574a0a07511eb4,zcchen,2018-02-12T18:38:54+08:00,"Add re.sub for blueprint add_url_rule handler, prevent '/a//b/'(blueprint.url_prefix='/a/' and the route is '/b/') happened.",1,2,0
401423df063e82bdac25c5b94ed4edc33e05de5e,David Lord,2018-02-23T15:45:37-08:00,only strip one slash when registering blueprint,3,20,4
b16592aba0e9c60c9b3329c884bd9236a35168c0,David Lord,2018-02-23T16:00:30-08:00,Merge pull request #2629 from zcchen/master,0,20,2
303a3d24a6491f61599f2412388267dc4c677cc9,David Lord,2018-02-24T08:03:30-08:00,rewrite quickstart Unique URLs section,1,13,14
b0c1da1e7ee66084b429a413541e179299de31a2,David Lord,2018-02-24T08:10:25-08:00,Merge pull request #2637 from pallets/quickstart-unique-urls,0,13,14
624895620aa253c076bc021b520e91d20b51d7c9,David Lord,2018-02-24T08:23:12-08:00,ignore pytest cache,1,7,6
5f42989ce31e90b8de9d733109c7e285de8237c7,David Lord,2018-02-28T06:50:49-08:00,don't use Flask(__name__) in conftest,2,2,2
cc6c618f4d8a0ba4bc648f5a6ec226df4f8b7529,David Lord,2018-02-28T07:00:15-08:00,Merge pull request #2646 from pallets/test-app-name,0,2,2
4462cc57c8fab7967fd26a94f9f3f1417dffa2b4,David Lord,2018-02-28T07:52:03-08:00,rewrite extension docs,3,41,128
d72612d11e4f4e5d682c8986acb42ae5e8e97e4a,David Lord,2018-02-28T08:03:04-08:00,Merge pull request #2647 from pallets/docs-extensions,0,41,128
f739149456ba3348af2513aea1fdc6c46c258abe,Grey Li,2018-03-06T07:50:46+08:00,Add documentation link in README,1,1,0
095d36a88473dce2974de38e697c5abe6fa33a36,David Lord,2018-03-05T16:45:00-08:00,Merge pull request #2652 from greyli/patch-8,0,1,0
a2ea18693c763c3d61ddf74cdb20fd015d193bd1,David Lord,2018-03-06T07:36:58-08:00,Update README.rst,1,1,1
cc51ace823d4e1ca2d3178aba0bbb742fe6049a5,Hsiaoming Yang,2018-03-22T23:44:36+09:00,Fix logs for simple example on readme,1,3,2
08e61ea200d04326f8f40a3130ef613f84cd854d,Hsiaoming Yang,2018-03-22T23:38:52+09:00,Add tip for dotenv,1,5,0
47a00864c35f3266fa098744c65496bec601977b,David Lord,2018-03-22T12:06:05-07:00,Merge pull request #2668 from pallets/tip-dotenv,0,5,0
2411707492d59eff68a3cf6d306eed91fceb6344,David Lord,2018-04-08T10:43:40-07:00,rework context docs,7,542,375
16d83d6bb413bec09a656a659b98d897e7abcc81,David Lord,2018-04-09T00:22:16-07:00,Merge pull request #2685 from davidism/app-context-docs,0,542,375
c3dd7b8e4c9e322c413f4a49e5d15aceafd17c2d,David Lord,2018-02-09T14:39:05-08:00,rewrite tutorial docs and example,103,3340,2237
c3e2ff2afa223dbe9a780345af06a57b37bbb28f,David Lord,2018-04-09T01:09:03-07:00,Merge pull request #2676 from davidism/tutorial,0,3340,2237
46dc14664f8214c2201621e43b660fb4b78217ad,David Lord,2018-04-09T01:11:46-07:00,document blueprint static folder without prefix,1,17,9
abba4b2a74634bc33a85cf5d512de473f0a3bfaf,David Lord,2018-04-09T01:27:25-07:00,Merge pull request #2686 from davidism/bp-static,0,17,9
2f9be68a81346f7fb3e6f892e0debd2fbc36f2bf,Grey Li,2018-03-18T21:05:45+08:00,Add tips for 413 connection reset issue,1,6,0
8c0d8c1c147a2534c8ed60f7dc62080371126c18,David Lord,2018-04-09T01:37:32-07:00,Merge pull request #2662 from greyli/patch-9,0,6,0
171eb28c950969260863cacefa2f08d1590ce839,fphonor,2018-03-19T23:41:54+08:00,get_json separate cache depending on silent arg,3,30,6
0cbe698958f81efe202e71ac07446b87ad694789,David Lord,2018-04-09T03:00:14-07:00,Merge pull request #2665 from fprocess/2651-get_json's-silent-option-weird-side-effect,0,30,6
ab4142215d836b0298fc47fa1e4b75408b9c37a0,David Lord,2018-04-10T09:29:48-07:00,detect UTF encodings when loading json,4,82,26
465b48ed4e4af52493df1febe4687f53032a5e0a,David Lord,2018-04-10T09:47:14-07:00,Merge pull request #2691 from pallets/json-encoding,0,82,26
1ed756a5238f38163cd04b152975a7d4ea945c7e,David Lord,2017-04-19T05:08:53-07:00,add Response.max_cookie_size config,6,65,5
d8bf589d4835ab03daee3101a91c80ee648e72b6,David Lord,2018-04-10T11:26:15-07:00,Merge pull request #2693 from davidism/max-cookie-size,0,65,5
18c9db47940c1195809a0c82fcb85601c3f4df46,David Lord,2017-06-04T12:26:21-07:00,"be smarter about adding "".cli"" to reloader command",1,9,9
aab4c8c7452ba198c6096face53ac2b7cc6460b8,David Lord,2018-04-10T12:31:52-07:00,Merge pull request #2694 from pallets/backport-2359-cli-warning,0,9,9
0e1e9a04aaf29ab78f721cfc79ac2a691f6e3929,David Lord,2018-04-10T09:29:48-07:00,detect UTF encodings when loading json,3,67,23
b178e89e4456e777b1a7ac6d7199052d0dfdbbbe,David Lord,2018-04-10T12:58:45-07:00,Merge pull request #2695 from pallets/backport-2691-json-encoding,0,67,23
b354c37e57d1c27bbc929e2103570b4439a913ed,David Lord,2018-04-10T13:10:53-07:00,add changelog for 0.12.3,1,10,14
fce1885f7614c60c7cd8e4a4eadc5b99fe036264,David Lord,2018-04-12T11:06:02-07:00,add javascript ajax example,21,341,13
746b91dfced525651c9b71a3bd075a78d2b9262f,David Lord,2018-04-12T11:28:49-07:00,Merge pull request #2699 from pallets/javascript,0,341,13
1e84c67beb3825564a581d76de0fcc69d57570cf,David Lord,2018-04-12T12:17:14-07:00,clean up js example,5,10,8
3a0ea726bd45280de3eb3042784613a676f68200,David Lord,2018-04-12T12:37:35-07:00,move coveragerc to setup.cfg,2,12,11
8f5168cb31a34c54c9a751cb386b8615e03fb148,Bruno Rocha,2018-04-18T12:26:30-03:00,Add explicit `(lazy loading)` message to `flask run` related to #2706,1,6,3
49a38ed9995c5fa8fd07fde732845cbc08e890b0,David Lord,2018-04-12T22:54:11-07:00,use theme provided by pallets-sphinx-themes,25,190,590
5fba092c22bee738ad2818d587d75ae17be882d1,David Lord,2018-04-18T12:13:04-07:00,Merge pull request #2709 from davidism/docs-theme,0,190,590
679bf0014f298a1ab8f989989fa430f69d9e28c0,David Lord,2018-04-12T12:44:09-07:00,use theme provided by pallets-sphinx-themes,26,164,659
0ff3f722c1c22399d3c755090901fe0250ca9b50,David Lord,2018-04-18T13:07:36-07:00,Merge pull request #2710 from davidism/0.12-docs-theme,0,164,659
84efe4de773ca564cf4a2aecb31cf01779906354,David Lord,2018-04-18T13:10:56-07:00,enable intersphinx,1,8,8
be46acb87190ad9b59281d4f73e5b1940c79c236,David Lord,2018-04-18T13:21:16-07:00,add changelog for docs theme and tutorial,2,8,1
80a9e0edf6208b3c1c9bc28bfb1a5f04b1f59e1d,David Lord,2018-04-18T13:39:55-07:00,app.run is not lazy,2,7,5
e102e5cb3328e6a13aa8c1a1a492c54c4f6d7aba,David Lord,2018-04-18T13:45:35-07:00,Merge pull request #2707 from rochacbruno/lazy_loader_message,0,11,6
16549370fd0d47285e3bedd2ee47fca7c80b59e7,David Lord,2018-04-18T23:03:17-07:00,fix changelog indentation,1,155,149
fc6a1d9354124690e632323d46ee35c3b8c9c8d2,Nick Pope,2018-04-19T13:55:37+01:00,Fix default index for TaggedJSONSerializer.register(),2,20,4
eaedb9320c7aad581daa05f1510b64393c082dbb,Nick Pope,2018-04-19T14:11:05+01:00,Fix index example for TaggedJSONSerializer.register(),1,1,1
324b4ea2559f42ca710061bcf6c85960a1f2d2a9,David Lord,2018-04-19T06:57:11-07:00,Merge pull request #2711 from pope1ni/session-serializer-fixes,0,21,5
93698b509bc84754ce612b1def46dd0766739609,David Lord,2018-04-20T13:22:06-07:00,document cli option env vars,1,18,0
b7f6ff4f0b74076f21fa01013e7fb6e6194f578d,Hsiaoming Yang,2018-04-21T14:48:15+09:00,Close tag on js examples.,1,4,1
64ac1b0d367932331cb2fd373565d15f8ead1aeb,Hsiaoming Yang,2018-04-21T15:12:06+09:00,"Revert ""Close tag on js examples.""",1,1,4
86a9177f4b5b337ab27af6e50089bd745f73ec4e,Filipe Filardi,2018-04-22T20:45:19-03:00,Add LICENSE in README,1,1,0
0123e65787308afadce41d00f95a2b61755f3504,David Lord,2018-04-23T09:02:23-07:00,Merge pull request #2717 from filipefilardi/master,0,1,0
d0214c9b4cdbcce196c3e6592411da2b71ccdfb2,David Lord,2018-04-23T09:04:05-07:00,use name of license,1,1,1
7df3524bb9f2683555186d0890c24576c1505766,Grey Li,2018-04-24T08:09:08+08:00,Fix typo in docs,1,1,1
4df5f829142bb7a4c7a1e4115df35ecd44c54ad2,Hsiaoming Yang,2018-04-24T09:57:32+09:00,Merge pull request #2719 from greyli/patch-9,0,1,1
44dc32243e486364ebffde6afc8583c68ea874c0,David Lord,2018-04-26T06:03:33-07:00,add donate link,1,1,0
4137aecca9c4add694146502cd3e6e5fc945f6dd,David Lord,2018-04-26T06:03:02-07:00,add donate link,1,1,0
2ede0b8ba944fbd8b7c2478f100dd117c85975a0,David Lord,2018-04-26T07:44:59-07:00,add donate link,2,12,1
22992a0d533f7f68e9fa1845c86dae230d8ff9ba,David Lord,2018-04-26T07:46:50-07:00,add donate link,1,1,1
10a77a54309876a6aba2e3303d291498c0a9318c,Hsiaoming Yang,2018-04-25T00:48:32+09:00,Add project_urls so that PyPI will show GitHub stats.,1,5,0
5c8110de25f08bf20e9fda6611403dc5c59ec849,David Lord,2018-04-26T11:57:21-07:00,ensure order of project urls,1,7,5
062745b23f7abaafb144e3d94b6fbdf8ccc456b9,David Lord,2018-04-26T12:07:01-07:00,Merge pull request #2720 from pallets/setup-link,0,7,0
63deee0a8b0963f1657e2d327773d65632a387d3,David Lord,2018-04-26T12:12:03-07:00,release 0.12.3,2,51,33
1a9e58e8c97c47c969736d46410f724f4e834f54,David Lord,2018-04-26T12:12:11-07:00,Bump version number to 0.12.3,1,1,1
23047a71fd7da13be7b545f30807f38f4d9ecb25,David Lord,2018-04-26T12:14:22-07:00,Bump version number to 0.12.4.dev,1,1,1
216151c8a3c02e805fe5d1824708253f7e01e77f,David Lord,2018-04-26T12:18:06-07:00,Merge branch '0.12-maintenance',0,17,1
36e68a439a073e927b1801704fc7921be58262e1,David Lord,2018-04-26T12:22:45-07:00,release 1.0,1,3,1
291f3c338c4d302dbde01ab9153a7817e5a780f5,David Lord,2018-04-26T12:25:54-07:00,Bump version number to 1.0,1,1,1
9d0b163362027e9c5c79968a39ce532dd5917f8b,David Lord,2018-04-26T12:22:45-07:00,release 1.0,2,5,3
46a71071ed4982b02d0e49818a678dc2744c1b23,David Lord,2018-04-26T12:29:03-07:00,Bump version number to 1.0,1,1,1
79d3ff9baa5bb1cb1fab98e27b31cb51c8c0cadf,David Lord,2018-04-26T12:30:40-07:00,Bump version number to 1.1.dev,1,1,1
d60f213fdbcf7fe0648a80fe6c23683377fd7c44,David Lord,2018-04-26T12:31:25-07:00,Bump version number to 1.0.1.dev,1,1,1
987b0098d85aeef8493f3a6d779b11fed5660ca4,David Lord,2018-04-26T13:06:15-07:00,fix docs logo,1,0,1
732c5b0509a8138a504d48a8c5e0be493f1ed603,wim glenn,2018-04-26T15:47:42-05:00,Add `python_requires` metadata for PyPI,1,1,0
fafb827a461df2c32f752d3ac2e3cdb83fb3deaf,wim glenn,2018-04-26T15:50:48-05:00,Exclude 3.3 aswell.,1,1,1
0f3b9d731bf44396d283fd46ddcc70e467a3f0f7,David Lord,2018-04-26T14:02:05-07:00,Merge pull request #2721 from wimglenn/wimglenn-patch-1,0,1,0
0997e7c8d16c0cb0cb2a0fec72d56f45bc64d709,David Lord,2018-04-26T14:07:04-07:00,fix docs logo,1,0,1
ba33500b82abb1d8156db56b4dc9fb7616eae18d,David Lord,2018-04-26T14:14:11-07:00,start 1.1 changelog,1,6,0
9ed0d068ca8c842dc8fd886aaca298029ce1b9fd,David Lord,2018-04-26T14:14:44-07:00,start 1.0.1 changelog,1,6,0
08ef4d03d869cd6d51faf8e37349070b7507f175,David Lord,2018-04-26T15:15:05-07:00,fix docs index sidebar,1,1,0
8ceff653c58b7fb038b31ae96cc96fcad3999020,David Lord,2018-04-26T15:15:31-07:00,fix docs index sidebar,1,1,0
3f81582d5dc75537dcedfd5f9b6dd36715a12d91,David Lord,2018-04-26T15:15:55-07:00,fix docs index sidebar,1,1,0
a2536e1bdb2e42656325a57d727da4b666e6390d,Hampus Dunström,2018-04-27T11:40:12+02:00,Added short note about Werkzeug redirect behaviour,1,2,0
6663bf1f7d5a43633e6434a5dd8ea8f8eccdd616,ThiefMaster,2018-04-27T13:38:35+02:00,Fix registering partials as view functions,3,5,1
f7ac3a7620dfcccec98a6836bc43b1704f289ba2,ThiefMaster,2018-04-27T13:56:59+02:00,Merge branch '1.0-maintenance',0,11,1
4d4294e94e67f97101c7da39d1092ca9a6fd9e12,David Lord,2018-04-27T07:34:20-07:00,format changelog,1,5,1
ad1ce2721b4af0a48cfba6d5f22324d93d7db036,Vik,2018-04-27T15:37:13+01:00,Update config.rst,1,1,1
a22d143f96ee3c7d14887e871b34a84683835a3f,wim glenn,2018-04-26T15:47:42-05:00,Add `python_requires` metadata for PyPI,1,1,0
78b56dbf2cc5834eb66ae7634241eaf9da99b04b,David Lord,2018-04-27T07:41:19-07:00,"Revert ""Add `python_requires` metadata for PyPI""",1,0,1
ea316d232a00d6c66a48a13bf36bcb9885326a55,Hsiaoming Yang,2018-04-27T23:50:39+09:00,Merge pull request #2733 from kivS/patch-1,0,1,1
5d00869aa57ed50f4f10953efbc0f2b3a5fd3905,David Lord,2018-04-27T09:53:29-07:00,expand explantion about default redirects,1,12,3
32e813f728ca5d8ac662231d8fb1aceafcd85412,David Lord,2018-04-27T10:11:41-07:00,Merge pull request #2729 from Dunstrom/2601-internal-error-when-requesting-route-with-url-part-equals-defaults,0,12,1
9394c389bf02af8bb3dde20fb6363992a885690f,Vik,2018-04-27T15:37:13+01:00,Update config.rst,1,1,1
3666a584fd24dc14585648f215a82ce1e8b71baa,Jesse Roberts,2018-04-27T11:05:37-06:00,fix #2736 - allow lists to be passed through to response_class init,1,1,1
9b6878af5a31583c9ed177f4c63789a66acd89c7,Yao Long,2018-04-27T15:28:38+08:00,document error on fileupload,1,1,1
d4fb9d564e4c0afe978e5953b58dfc6ce0fd08fb,David Lord,2018-04-27T11:06:54-07:00,Merge pull request #2737 from jesseops/master,0,1,1
5239458f28c5e3057f9987ceb2e6d33b9d9532d3,David Lord,2018-04-27T11:12:50-07:00,Merge pull request #2727 from red-alert/master,0,1,1
4d0cdf95e616d09b9cab0cc35c11b1d3ba1a109e,David Lord,2018-04-27T12:27:31-07:00,merge slashes between blueprint prefix and rule,2,16,13
27d56c1df5fc977e17806b466dc74dfa9a98689b,David Lord,2018-04-27T12:46:37-07:00,Merge pull request #2738 from pallets/2731-bp-prefix-slash,0,16,13
b573a86977161b93152dddb5bfc43195335b3c59,David Lord,2018-04-28T06:51:08-07:00,"trap key errors in debug, not all 400 errors",2,27,8
4c8ec8f555af8aeba5a48c3c4cd9cc39c74dce8f,David Lord,2018-04-28T07:01:42-07:00,Merge pull request #2739 from pallets/2735-abort-debug,0,27,8
bac5d6b9f458c7876163add793bdc53c2f8f413e,Hsiaoming Yang,2018-04-27T08:01:48+09:00,Use FLASK_DONT_LOAD_ENV flag to disable load .env,1,4,1
5965cb7e1cfcaa329d811d133af373deb8090ec3,David Lord,2018-04-28T08:07:53-07:00,"rename to FLASK_SKIP_DOTENV, add docs, test",4,50,7
6f84cf4e4b4ab71d950db28d1b0776e07a8726e1,David Lord,2018-04-29T14:27:05-07:00,Merge pull request #2724 from pallets/issue-2722,0,50,4
104808b480aa33ed4df47a9ff0c202d9e11b1306,Daiana Marasquin,2018-04-29T17:24:00-03:00,fix syntax error and typo in quickstart.rst,1,4,2
6b2127b1e0ef474aed91a25492e18a361ad7f364,David Lord,2018-04-29T14:57:24-07:00,Merge pull request #2745 from dmarasquin/patch-1,0,4,2
f13870731c100d3ed7daa5d96a75b697973def77,David Lord,2018-04-29T15:32:12-07:00,allow empty prefix and no lead slash in bp route,1,1,1
73bf519dad9932b7d9d34206cdb5cc0218109c6c,David Lord,2018-04-29T15:46:58-07:00,Merge pull request #2746 from pallets/2742-empty-url-prefix,0,1,1
b147d42a275272e1e0c968b0f6c619030d95871a,David Lord,2018-04-29T18:22:05-07:00,release 0.12.4,1,8,0
5beb3be536cc743962de6cd2bd95a6e036d11f52,David Lord,2018-04-29T18:23:30-07:00,Bump version number to 0.12.4,1,1,1
e8fd06a0a7611e4ac46a26cab79d3f16d2d72884,David Lord,2018-04-29T18:24:00-07:00,Bump version number to 0.12.5.dev,1,1,1
81bde0db4b2a4ad97d88d36f3adcdfe7e04e3c25,David Lord,2018-04-29T18:28:51-07:00,Merge branch '0.12-maintenance' into 1.0-maintenance,0,6,0
6e1e3e03ca188a4d9b3aef493e572157c8ae2313,David Lord,2018-04-29T18:45:50-07:00,check FLASK_SKIP_DOTENV in app.run,1,6,4
7567cc0d92563f514ece89a32dc81a4b5630f4b0,David Lord,2018-04-29T18:46:54-07:00,release 1.0.1,1,19,2
a15795c99e24c50e2dc85393a8904f3093742646,David Lord,2018-04-29T19:08:16-07:00,Bump version number to 1.0.1,1,1,1
c9ab9ef5db0bfdec4eb3d819be6d10a365dd6ca6,David Lord,2018-04-29T19:09:23-07:00,Bump version number to 1.0.2.dev,1,1,1
4f155fb647bb9c5b7a17b13d2266522d97919229,David Lord,2018-04-29T19:10:48-07:00,start 1.0.2 changelog,1,6,0
1fa9185c7e82ecc43b99d797af5584133458008d,David Lord,2018-04-29T19:11:36-07:00,Merge branch '1.0-maintenance',0,154,38
639a2a1ea402b0c6ba1c6a9b857cd0a33bc34f61,David Lord,2018-04-29T19:36:07-07:00,fix changelog link,1,2,0
9b6845f4362139c29483460f946ebe5de4c4db23,David Lord,2018-04-29T19:36:30-07:00,Merge branch '0.12-maintenance' into 1.0-maintenance,0,2,0
c26a50b3b7cbac701d9475a6762581ee53dc1696,David Lord,2018-04-29T19:37:05-07:00,Merge branch '1.0-maintenance',0,2,0
a6750079f87bf07b7bb061bd26a1d4be7448356e,"Aaron Hall, MBA",2018-04-30T21:28:53-04:00,add missing port to localhost URL,1,1,1
0be95569bac33dc120c7e228f6fc846237cdad29,David Lord,2018-04-30T19:02:07-07:00,Merge pull request #2747 from aaronchall/patch-1,0,1,1
5a75da5471f47b4e7fa96bf41290b3d9a6d1a818,"Aaron Hall, MBA",2018-04-30T21:28:53-04:00,add missing port to localhost URL,1,1,1
3fd7abec3c8c4a32da9579d0824b10d5ba0add83,David Lord,2018-04-30T19:05:46-07:00,fix project urls,1,2,2
35afec3f5ac1690e6599dd84ecdfdac3f9eb416d,David Lord,2018-04-30T19:06:00-07:00,Merge branch '1.0-maintenance',0,0,0
f7a3bdc6db7aefeeb974c0b9800bbe64d152f842,Hsiaoming Yang,2018-05-01T14:35:55+09:00,"Fix blueprint route for """"",2,5,1
b21b4d1608f5d83d7d6f503672f7eff46ed28f95,David Lord,2018-05-01T13:29:48-07:00,add more merge cases,2,8,3
a6a6810d563949303bb820cdb83c63714bf98bcd,David Lord,2018-05-02T06:04:31-07:00,Merge pull request #2748 from pallets/fix-bp-route,0,12,3
b4e092600dc2cfd5326a373b4b9fd757a5d8a61a,Grey Li,2018-05-02T17:08:31+08:00,Check whether exist registered routes,1,4,0
ad09134c8e124d8e53171b2cf6bd75b8f2819188,David Lord,2018-05-02T06:16:11-07:00,Merge pull request #2752 from greyli/patch-9,0,4,0
4dc3ba528147822fc38efc03c5f11dfeaa7c8d13,David Lord,2018-05-02T07:14:08-07:00,release 1.0.2,1,10,2
dfd3619d6f8796d48fc4e32f819cec9e8aa59156,David Lord,2018-05-02T07:16:14-07:00,Bump version number to 1.0.2,1,1,1
939c77a39ada26395c033d9f84923b02cef2ae56,David Lord,2018-05-02T07:16:58-07:00,Bump version number to 1.0.3.dev,2,7,1
9bee619320d31dbef3a63dc9a6d4b891d0984fb7,David Lord,2018-05-02T07:27:49-07:00,Merge branch '1.0-maintenance',0,32,5
676efcc21ae6d9ba16eccb53ee80394a90a377c2,Daniel Opitz,2018-05-03T02:01:49+02:00,Fixed LaTeX errors on documentation PDF generation,1,7,1
725f391399ffd4a59512d3933a78ceac715ba1a1,Mitchel Humpherys,2018-05-08T09:06:58-07:00,docs: installation: Add link to Quickstart after install,1,2,0
335dcf8ec4da820879682b97c1166e0f44162560,David Lord,2018-05-08T20:10:27-07:00,clarify the section navigation in installation,1,4,3
72011908b530e53761694cfd60a7d4426d96143d,David Lord,2018-05-08T20:11:47-07:00,Merge pull request #2764 from mgalgs/patch-1,0,4,1
8c9df3f4eb593cd4755b882d8f412a13ad97429a,David Lord,2018-05-08T20:27:16-07:00,Merge pull request #2754 from danielopitz/master,0,7,1
1c2a2cd0014693f1e1f894e498c2dc50dbb44f66,Daniel Opitz,2018-05-03T02:01:49+02:00,Fixed LaTeX errors on documentation PDF generation,1,7,1
a35a97e49daa500a6f2fc871da3bd5f658741689,David Lord,2018-05-08T20:31:10-07:00,Merge branch '0.12-maintenance' into 1.0-maintenance,0,7,1
be8e0fcf102e3dad74f72a0a890130da42fcb8b5,Nicola Iarocci,2018-05-12T10:21:49+02:00,Remove now obsolete 'audit' command from Makefile,1,1,4
03036533f021c83205be4ba5c826a33322dc4d78,David Lord,2018-05-13T09:18:08-04:00,Merge pull request #2774 from nicolaiarocci/remove_osbolete_audit_shortcut_from_makefile,0,1,4
07b9ff6e77d169429e198174186b72ce96a62d69,Grey Li,2018-05-16T19:13:19+08:00,Make super() compatible for Python2,1,1,1
cae037812b40e7df40fe6948a01cca8fa6fd7bfd,Hsiaoming Yang,2018-05-16T23:44:52+08:00,Merge pull request #2786 from greyli/patch-9,0,1,1
a913b4dafd1d85cfa1d8bafeea5417748de8d487,Briehan Lombaard,2018-05-16T14:21:19+02:00,SSLContext was added in Python 2.7.9,2,4,4
401d7f9bb2514eb45ff98b2ac7c04952f5eaa678,David Lord,2018-05-17T09:24:21-04:00,Merge pull request #2789 from briehanlombaard/fix-sslcontext-attribute-error,0,4,4
9d0bc52329d8d6e8a725641141cb2242d6238945,Grey Li,2018-05-21T10:26:14+08:00,Fix typos in CHANGES.rst,1,3,3
027aeecf26716bff4efcaa7b007e61f2c577a81a,David Lord,2018-05-20T21:28:26-07:00,Merge pull request #2792 from greyli/patch-9,0,3,3
c853d11fc508d46df3c59aa5edf6d2389a7da8b7,Tiago Coutinho,2018-05-21T08:10:16+02:00,Update gevent wsgi,1,1,1
54869a001702408cfbd3ad2054d3167e3271ef8e,Hsiaoming Yang,2018-05-21T15:57:11+09:00,Merge pull request #2793 from tiagocoutinho/patch-1,0,1,1
1955d6aace25b1a85d47cbbb53f91c4ebe609a75,dayiguizhen,2018-05-22T18:39:35+08:00,Add the link of pull so that it’s easy for readers to check the changes in code.,1,30,15
4ce44340d41f138b80db3bd1027e3ef76b604c01,Radovan Bast,2018-05-24T14:57:11+02:00,set FLASK_APP via env for portability across shells,1,1,1
d22491a3fbf2c1926ebc3d6919e228ed903d0670,David Lord,2018-05-24T06:39:13-07:00,Merge pull request #2799 from bast/radovan/env,0,1,1
b51ab3ff2c4af7e592e649e0e97657154b79c11f,David Lord,2018-05-28T06:26:27-07:00,encode filenames as ascii instead of latin-1,3,27,10
99c56eaafa05a34857623d5318c5bccbd634adff,David Lord,2018-05-28T06:57:15-07:00,Merge pull request #2804 from pallets/ascii-header,0,27,10
7cc71cccecace63145d83b01eadf8a95c81ad3aa,Anthony Plunkett,2018-05-28T15:10:55-04:00,Set uwsgi link to use :ref:,1,1,2
79fc8e5c31cce79db0a2dbab9b9a3a46885cc450,David Lord,2018-05-28T12:25:06-07:00,Merge pull request #2806 from doobeh/uwsgi_doc_fix,0,1,2
8cdd01ea5da2f92c0108803618b168e128084858,Dilan Coss,2018-05-28T23:49:06-06:00,Test added for _AppCtxGlobals __repr__ method,1,2,0
8fa3ed13bf362a71f942ed3d37efbdbdd5731375,Dilan Coss,2018-05-29T09:51:08-06:00,details fixed,1,1,1
8080ead523740bbd79308c4524ec680d10db44eb,David Lord,2018-05-29T09:42:43-07:00,Merge pull request #2807 from eso31/master,0,2,0
0b4296ff1740978e8451602a9719cc5fbfb39606,Saul  Urias,2018-05-29T10:11:30-07:00,Fix typo in appcontext.rst,1,1,1
b34c7174e75db5ab43ff3d76a1c7027126e8c9b3,David Lord,2018-05-29T11:46:04-07:00,update test envs,3,21,15
4025e27b5714736657f0ac9548170e0ad285c53a,Grey Li,2018-05-31T11:43:51+08:00,Add test for routes command when no routes registered,1,16,0
b6a8f75c70a0aa72d907a37840213b84f3595f6c,David Lord,2018-05-31T09:10:17-07:00,Merge pull request #2811 from greyli/test-routes-command-for-no-routes,0,16,0
9c0e110e233f67f1853a4ab8e0521ed4ff8afa9a,Hsiaoming Yang,2018-06-03T18:39:17+09:00,Merge pull request #2795 from dayiguizhen/master,0,30,15
d0088e63d8004b17d5dd762ac3de00841bd34c00,Gerald Senarclens de Grancy,2018-06-13T20:51:50+02:00,add init-db call to flask tutorial,1,2,0
673e5af658cf029e82d87047dcb7ebee3d343d10,Anthony Plunkett,2018-06-13T15:48:57-04:00,Merge pull request #2826 from senarclens/master,0,2,0
076dddb2e1d36edc35df5beecb9eacdcb0541e58,Suraj Chafle,2018-06-13T16:31:54-07:00,Fixed 2823,1,1,1
b2ec6a33a235dbd9f57bd6265ec54cfb675243f7,Hsiaoming Yang,2018-06-14T10:12:20+09:00,Merge pull request #2827 from schafle/fix-2823,0,1,1
50227f0954e06853bbadf93d1c62dd03429b6711,ThiefMaster,2018-05-08T18:05:55+02:00,Add option to not overwrite debug flag in cli,3,39,9
1a9caedb49ada290b00d0db0ec61e66d95807413,Adrian,2018-06-14T13:31:00+02:00,Merge pull request #2765 from ThiefMaster/custom-cli-ignore-debug,0,39,9
161c43649d8c362c8359e0b79aeca40c754c5b51,ThiefMaster,2018-06-14T13:31:40+02:00,Merge branch '1.0-maintenance',0,95,39
f036308442a2123a89dc4e2dfb61c319d9d80cf5,Grey Li,2018-06-15T19:12:50+08:00,Add cli tips for .flaskenv,1,1,1
0559f7c86bfe3a5b2895c949630799a72859ab01,David Lord,2018-06-15T12:50:15-07:00,Merge pull request #2828 from greyli/patch-9,0,1,1
27e67dafc0cdbab6d19e65b3c62730c551bb450c,Grey Li,2018-06-17T12:12:37+08:00,Remove unnecessary period in documentation,1,1,1
7627d9ce1351d66f53521fa4ea85076b7626738a,David Lord,2018-06-17T20:43:57-07:00,Merge pull request #2834 from greyli/remove-unnecessary-period,0,1,1
c92c1e93c712d71d31aa79675a04703d6e8fe6b6,Kamil Wargula,2018-06-20T14:37:52+02:00,Update docs - add command for listing rules.,1,6,4
827536e20ad2079f3f50db11aac03e037e98503e,David Lord,2018-06-20T06:50:59-07:00,Merge pull request #2837 from quamilek/update-docs,0,6,4
d362399e7ebfe167a27daef20e198ecabed1b49b,Gabriel Saldanha,2018-06-27T08:23:44-03:00,:fire: Remove code supposed to be removed at v1.0,1,0,4
c5af1be70f3bda17020267c84e8a6efafcbd854c,Gabriel Saldanha,2018-06-27T08:58:26-03:00,:art: Use set literal instead of set method,1,1,1
bb63298b71b4f06456946b4a817198a099b17dbd,Juan Lara,2018-06-27T21:49:21-07:00,Typo in docs,1,1,1
f4b0f6448293593b1f43c5d570d8f6f7e10230a3,David Lord,2018-06-27T22:25:16-07:00,Merge pull request #2839 from jlara310/master,0,1,1
81c2a1e47565708f7af359503ff61f16558007ad,David Lord,2018-06-28T07:22:17-07:00,Merge pull request #2842 from gcrsaldanha/task/remove-deprecated-code,0,0,4
b6edad64aadd5cb0085f8979fffdfd90614b045f,David Lord,2018-06-28T07:22:35-07:00,Merge pull request #2843 from gcrsaldanha/use-set-literal-in-docs,0,1,1
d5c465ddf4125db71a072cf3033533b02290d08f,Gabriel Saldanha,2018-06-29T00:10:44-03:00,:art: Use itervalues instead of iteritems,1,2,2
0bb25eb3673904179e772f4b7376ecc7fbe4822f,David Lord,2018-06-28T22:23:08-07:00,Merge pull request #2848 from gcrsaldanha/use-itervalues,0,2,2
15b2301754187863eabd0b584c70955b5d3f31a3,Bill Fienberg,2018-06-29T14:35:44-05:00,Fix grammatical error: incorrect verb conjugation,1,1,1
06b189b6beaeaf393def92aaa5d6c5a18fe1feff,David Lord,2018-06-29T13:49:01-07:00,Merge pull request #2850 from billfienberg/patch-1,0,1,1
72dfb67828be9da6407a3199782bd2e2ad2d44ff,Justin W. Flory,2018-07-11T09:38:17-05:00,Make explicit call-out to contributing guidelines in README,1,9,0
e771016a5bac3c08987907a2ec63385d58b81be0,Justin W. Flory,2018-07-11T09:49:18-05:00,Fix broken cross-references; use :doc: tags where necessary,3,17,17
c7791bb526be6bd95e0c5b4f710853fb84085a8a,Jeremy Mayeres,2018-07-20T19:20:04+02:00,📚 Improve docs about ScriptInfo,1,6,4
93e4b714a179c7132b505dfbcd835e7aab542a56,David Lord,2018-07-20T10:28:04-07:00,Merge pull request #2870 from jerr0328/docs-update-cli-scriptinfo,0,6,4
345685c0143f030eda443d6c672ae1b705789027,David Lord,2018-07-20T10:42:09-07:00,Merge pull request #2861 from jwflory/fix/uwsgi-docs,0,26,17
f45ceec31f6b957fd5ab9db75a5a727a8f73289b,cktan98,2018-07-25T01:57:30+08:00,Fix grammatical error,1,1,1
7d9dcfa2948b259a14b3fce4f5814236d5395095,David Lord,2018-07-24T11:04:58-07:00,Merge pull request #2872 from cktan98/master,0,1,1
b9b88b0cdf70190dee5c7d31a83efb1cae888a63,Alexis Benoist,2018-08-24T17:12:15+02:00,doc reqcontext fix teardown example (#2892),1,1,2
21b0aa6dd8b471a72af942a84d58336e2dd68fcb,Grey Li,2018-09-09T16:41:56+08:00,Add prefix for all commands in documentation (#2877),19,112,112
3e86fd25e9638898618cda8352402f4281bf809b,chengkang,2018-09-17T16:18:52+08:00,fix issue: no theme named 'flask' found,1,1,0
067c772588f69f397eeff70019320506b47bb239,chengkang,2018-09-17T21:05:53+08:00,remove DocVersion related,1,1,6
d493e3e083f7565f9b158b12445a994abe9a39cf,David Lord,2018-09-17T06:39:45-07:00,Merge pull request #2910 from garenchan/docs,0,2,6
ba868d681aac8273ad785ebf28f4a043b737ab78,David Lord,2018-09-17T08:35:28-07:00,update sphinx config,6,16,80
0f4c9f1d57cc72e1407364f1cdac5737ee3c60f5,David Lord,2018-09-17T08:35:53-07:00,reformat sphinx config,1,48,47
19a0a7d7718277e63692c8e9d4c11248a5e30a50,David Lord,2018-09-17T08:56:25-07:00,Merge pull request #2912 from pallets/docs-theme,0,56,119
47dadcfe15160e5ffbb9cc107c50c232a17b463a,Jarek Lipski,2018-09-19T18:55:12+02:00,fix @click.command example by adding parens,1,1,1
c92001d2fbaf4d5aa43bd44e56416ed27313377c,David Lord,2018-09-19T10:01:34-07:00,Merge pull request #2915 from loomchild/master,0,1,1
363205bdc3abcfeed08c7e85e397fb7a7dc9ef07,Jarek Lipski,2018-09-19T18:55:12+02:00,fix @click.command example by adding parens,1,1,1
eae6440605b0e7e9a1f221ec0ac1b68b2f2dcd97,Tom Busby,2018-09-19T23:42:35+02:00,Make script output into comments to not break syntax highlighting,1,4,4
357b710af245317dcfe3c653328717177fc67abc,garenchan,2018-09-21T13:05:06+08:00,Fix docs errors,1,4,9
393bd46085fbf308e8b4e182c43f3871df4ec191,Grey Li,2018-09-21T18:33:56+08:00,Merge pull request #2916 from tombusby/patch-1,0,4,4
0b7a74dda3284b03fac49851eaf130e876f183bd,David Lord,2018-09-21T06:05:52-07:00,split code and output,1,10,5
aa7e15dcbab208ca404bcecd94cbe6fc583150dc,garenchan,2018-09-19T10:39:56+08:00,Reduce unnecessary function calls.,1,1,2
9a2e6ead00f2e5a3a6fe5a3136951c7a038fe5ed,David Lord,2018-09-23T11:14:13-07:00,Merge pull request #2914 from garenchan/docs,0,1,2
d7eea1b49a5ea67dd9f39b9fa0a823466433f486,Grey Li,2018-09-30T08:21:17+08:00,Fix typo in issue template,1,1,1
673772cac931fea88b6134e57643bba9f0b27d44,moyosore,2018-10-13T18:07:45+01:00,Fixed typo in app.py,1,1,1
9bc87d09c64780ccf1c115c216ff689a46d8f82e,garenchan,2018-10-23T22:10:20+08:00,Cache return values to avoid repeated function calls.,1,3,2
70b45094ab3d62b919a84f8fb8376e6614a98dd3,David Lord,2018-10-23T08:27:46-07:00,Merge pull request #2962 from garenchan/dev,0,3,2
c38499bbf26cfa9683e30c52139a94dc5a50dcc4,garenchan,2018-10-24T21:13:11+08:00,ignore colon with slash when split app_import_path,2,17,4
0038a6796feaea05d9839520eb7f31f7f976fc47,David Lord,2018-10-24T09:06:39-07:00,Merge pull request #2963 from garenchan/bugfix-#2961,0,17,4
eef6c34b57bf0367c1f9468bc4226ab59a1295a0,jangjunha,2018-10-25T23:23:48+09:00,Fix deferred callback doc,1,1,0
f7e7f2ab11513d5f36c904b7f1192d69c4c95825,David Lord,2018-10-25T08:54:52-07:00,Merge pull request #2966 from jangjunha/fix-doc-deferredcallbacks,0,1,0
f05625eb8239593daf755305e422b71d30c77054,Aditya,2018-10-27T17:58:45+05:30,Use https for external links wherever possible,13,17,17
7e714bd28b6e96d82b2848b48cf8ff48b517b09b,David Lord,2018-10-27T13:56:09-07:00,Merge pull request #2969 from codeaditya/update-links,0,17,17
43e2d7518d2e89dc7ed0b4ac49b2d20211ad1bfa,Cyker Way,2018-10-29T20:53:39-04:00,Fix inconsistency in testing doc.,1,1,1
e08bcf9f9700180a09f77f52604ea6de36fb83a8,Dave Chevell,2018-11-04T14:32:24+11:00,Fix #2935: Copy current session object in copy_current_request_context (#2936),3,22,6
3bf80912cf959fe860528f75031fe9e4612e3848,Adam Walsh,2018-11-07T14:25:52-05:00,Update sentry error handling documentation (#2990),1,23,20
339419117fff06fa89124d04b1921b61b8865d80,Markus Unterwaditzer,2018-11-07T21:04:10+01:00,Fixes for sentry docs (#2991),1,9,13
ed9775fb77bc2291473c176937326aadd435f73c,Jarek Piórkowski,2018-11-12T16:59:09-05:00,Handle errors during create_url_adapter,2,30,2
9b0bd91195828e16887a31fec1ce2ad16999bb0d,Jarek Piórkowski,2018-11-13T13:09:16-05:00,Correct tests,1,35,4
a5709e785061b657b9541fac0f407d496e7107ca,Jarek Piórkowski,2018-11-13T13:40:50-05:00,Add changelog entry,1,4,0
ca23b7b40638c48a72e7be4ea5134984c399b502,David Lord,2018-11-13T13:55:35-05:00,Merge pull request #2994 from jarek/werkzeug-640-exceptions-during-bind,0,65,2
aec0cdc0164454bb8e5bcc7a59b95370d6d8a1c0,Andrew Crouse,2018-11-12T13:20:07-07:00,Update documentation for users to use flask-caching instead of the deprecated Werkzeug cache,1,4,55
dcc02d6e7d4bf486e64aa5b6e55a75501c2ba2e5,David Lord,2018-11-13T14:06:12-05:00,Merge pull request #2976 from cykerway/master,0,1,1
877da63462d9a7e270c295d898d689aacf155779,David Lord,2018-11-13T14:09:31-05:00,Merge pull request #2993 from data-get/update-cache-documentation,0,4,55
d5665e4ba6cf4f7eabdc0be047952a27965a455f,Hsiaoming Yang,2018-11-28T22:25:21+09:00,Merge pull request #2917 from garenchan/docs1,0,4,9
2611632c69d46b03cb5321a43103c3fee8705aca,CasterWx,2018-12-08T12:45:20+08:00,add classifiers,1,1,0
f2dd7eff8e9a10bc316834ce400e857d0806a002,David Lord,2018-12-08T11:20:27-08:00,Merge pull request #3021 from CasterWxBlog/master,0,1,0
d8400d7cacf541b316930e609fce8b1c53f5a142,Oliver Bestwalter,2018-12-21T15:36:58+01:00,Fix typo in class name,1,1,1
62621ba0fdbf55656adc260965594b3128f485e7,David Lord,2018-12-21T06:47:39-08:00,Merge pull request #3041 from obestwalter/patch-1,0,1,1
5e07e3a6ada63e322597dd1ca25fecff25d0ae8d,Emlyn Price,2019-01-04T22:12:53+00:00,Add comment about using factory function in __init__.py,1,5,0
afb7e4ee5f6e9cb8a1a937458cb39ee312e172ae,David Lord,2019-01-04T14:35:14-08:00,Merge pull request #3062 from EJEP/master,0,5,0
49efc4423398e4895cb22a772c4aa4269b4eaa78,David Lord,2019-01-05T12:49:59-08:00,clear KeyError in production for Werkzeug 0.15,2,12,11
8b567fea2397ae4c8c593efa4da62cc9e7ea9746,David Lord,2019-01-05T14:59:25-08:00,fix docs build,4,56,132
1096e226ccbae8135085322fb006a01836a19dcb,David Lord,2019-01-05T15:06:41-08:00,Merge pull request #3064 from pallets/docs-fix,0,56,132
15c079f500967543c033ddeb113febc1d84abc87,David Lord,2019-01-05T15:07:06-08:00,Merge pull request #3063 from pallets/key-error,0,12,11
f7d50d4b673c9bf1a729f7d5fb04cf092542db3b,David Lord,2019-01-05T15:12:17-08:00,Merge branch '1.0-maintenance',0,43,85
25de45cbb6fc7304f67b685034151f9ac6ea0df5,Matt Robenolt,2019-01-03T17:17:45-08:00,Add support for PathLike objects in static file helpers,4,62,5
4d37acad21b3877f4881daa55b808b809a391e84,David Lord,2019-01-05T15:44:53-08:00,Merge pull request #3059 from mattrobenolt/fspath,0,62,5
2b74cf9f2d95efe6a63a8fad49a1364d42530622,Aly Sivji,2018-11-13T15:41:48-06:00,Add SPA pattern to docs,2,25,0
b78ebacca7500f625bf7ac48989073dc872a4418,David Lord,2019-01-06T06:26:07-08:00,Merge pull request #2996 from alysivji/spa-docs,0,25,0
d0ceb16be956ea3339dd0b7ab67ba3aceac6a9a3,Grey Li,2018-12-01T09:01:12+08:00,Use imperative tense for CLI help text,1,3,3
80f14e30a204a76520154a613998a926f920c0a4,David Lord,2019-01-06T06:38:14-08:00,Merge pull request #3011 from greyli/improve-cli-help-text,0,3,3
4f638b9c28a07a951e46c348388c725c78fd5498,Colin Adams,2018-12-07T11:06:38-05:00,Clarify prefixing of URLs for blueprint endpoints,1,4,3
7e65f1c5f13f7f721c64f551d0022f6907a35b40,David Lord,2019-01-06T07:07:59-08:00,Merge pull request #3019 from colincadams/patch-2,0,4,3
deb211cf13edd4d9b2c06d6ecc60425f275b5d95,garenchan,2018-12-23T23:55:42+08:00,Add Python 3.7 to CI.,3,10,6
8a14c6d67d09d2a27c1d4685415d8ab0d6448561,David Lord,2019-01-06T07:52:03-08:00,use specific pypy versions for travis xenial,3,21,27
446cea9221e4f6d368a02a90cd105db0f8c9c7c9,David Lord,2019-01-06T08:00:23-08:00,Merge pull request #3044 from garenchan/ci-test,0,24,26
90aef1b2cff8ac17eec0e69a3cfe1c55c94f9b12,Jesse Seldess,2018-12-14T11:59:16-05:00,Fix typos found while completing the Flask tutorial,2,2,2
aef4159588be8bc245243c80e5032ccc79092f42,David Lord,2019-01-06T08:11:39-08:00,Merge pull request #3031 from jseldess/fix-typos,0,2,2
02df042416c312f6c04a5ded8c9404386585c122,Rohan Talip,2018-12-27T00:57:00-08:00,"Corrected a typo in a docstring: ""Help object"" --> ""Helper object""",1,1,1
6606f66857f8230b0d47ab920ff5120052d46d26,David Lord,2019-01-06T09:16:29-08:00,Merge pull request #3049 from RohanTalip/scriptinfo-typo,0,1,1
24325ecb69a2c51d5b3da3000df715dfd9aba2de,Mark Amery,2018-12-27T22:04:27+00:00,Clarify and add detail to tojson docs,2,18,9
c9245609f4a2c23103bcb5cbfbc58ed78b76892e,David Lord,2019-01-06T09:54:59-08:00,Merge pull request #3051 from ExplodingCabbage/tojson-docs-fixes,0,18,9
e4ebbd3f5befca0f6891def3ebf292f756ec5f3b,xtreak,2018-12-29T16:46:14+05:30,Fix DeprecationWarning on collections import,2,4,2
717f9d33ca7c803abf781ad81d3854ddd7869900,David Lord,2019-01-06T10:09:18-08:00,Merge pull request #3054 from tirkarthi/fix-py37-warnings,0,4,2
b85425ac1bc04bd6fc5c90192f9454395f95bd3a,xtreak,2018-12-31T08:22:36+00:00,remove syntax warning from docstring,1,9,8
40e064fa27a8f2aaaa1518a929ebfcca80efbbb3,David Lord,2019-01-06T10:25:16-08:00,"use ""-m virtualenv"" in installation doc",1,3,3
10d0ed68a342880ea355ba62e8d24efa664142cd,David Lord,2019-01-06T10:25:47-08:00,Merge pull request #3056 from tirkarthi/fix-syntax-warning,0,9,8
a656025c3bbedb1d8092e553cc799bcde375db3a,David Lord,2019-01-06T10:34:52-08:00,Merge pull request #3065 from pallets/fedora,0,3,3
3b45b82ec2640d4b0f4ffb9f0f7c898bd3d37b3b,David Lord,2019-01-06T10:36:54-08:00,Merge branch '1.0-maintenance',0,68,57
537df96632f12c2bd2cb5ae933844229f029f7b5,David Lord,2019-01-06T10:43:53-08:00,disable slow travis osx env,1,8,7
1c92c02c4a9762be059e930eb4b5a51488fd4037,David Lord,2019-01-06T10:45:14-08:00,Merge pull request #3066 from pallets/no-osx,0,8,7
a0ac95cc53cf8fd559e83983c81a260746a32894,Ondřej Nový,2018-09-18T09:48:16+02:00,Install CONTRIBUTING.rst with MANIFEST.in,1,1,1
ff56126a452a8f128631fb1469201fcb32d69333,David Lord,2019-01-06T10:51:51-08:00,Merge pull request #2913 from onovy/contributing-manifest,0,1,1
830c77cb44d513a7c8044734a460d2b381df2f5a,Douglas Thor,2018-07-06T13:16:05-07:00,document that Config.from_object uses object as-is,2,42,0
914a033586becc94a4001a448107f02d547d81d7,David Lord,2019-01-06T14:43:17-08:00,Merge pull request #2854 from dougthor42/update-docs-to-be-more-clear-about-from_config-instantiation-#2853,0,42,0
5409606c3b5020df6fef46126eb47de90a70713d,garenchan,2018-09-21T21:43:23+08:00,Docs: fix some typos in config.rst,1,3,3
1e616696c00c72f01958b761173c8f29f09acc60,David Lord,2019-01-06T14:51:55-08:00,Merge pull request #2918 from garenchan/docs2,0,3,3
b8e461e3d1d949013cb6a336c627074e711c284b,nathanbegbie,2018-07-27T11:36:09+02:00,Update docs on larger applications wrt tutorial,1,5,5
7474a9cb8b715ef96a37eedbbf143d39139bf382,David Lord,2019-01-06T15:00:00-08:00,Merge pull request #2875 from nathanbegbie/patch-1,0,5,5
ab7f9e735fcd73a07cb21d804c9190577449a299,Stephon Harris,2018-10-27T10:27:45-04:00,Adding conjunction where for clarification,1,1,1
8dd8e9b2f32264f4aa2cb23a6781b7095b9ca842,David Lord,2019-01-06T15:06:19-08:00,Merge pull request #2970 from stepharr/patch-1,0,1,1
d6151340bcb8b523d90b5b3f88472a8d61e08bf2,David Lord,2019-01-06T15:10:38-08:00,clarify where to call flask run from in tutorial,2,4,2
b2765893e6bd64787ab14b1d67eb7d29314f1bdf,David Lord,2019-01-06T15:11:30-08:00,Merge pull request #3067 from pallets/tutorial-flask-run,0,4,2
4e280b414210ed5f1a9961bd1ba3a9f3fbd0462a,Igor Ghisi,2018-10-24T20:06:44-03:00,Replace MongoKit by MongoEngine on docs,3,154,145
edef8cb38b968228b0721d3cf93ac246e81e6c82,David Lord,2019-01-06T15:38:14-08:00,"simplify mongoengine doc, redirect from mongokit",2,52,95
0f56c0cb04c4f63a1ed439cbb3fc49d8c83f8f65,David Lord,2019-01-06T15:43:14-08:00,Merge pull request #2964 from igortg/2907-docs-update-mongo-pattern,0,109,143
ac6746d1be45db54aa97334396b7bf89e6926ada,David Lord,2019-01-06T15:46:33-08:00,Merge branch '1.0-maintenance',0,173,162
3fd51c65fb4774b10848715b62ec284a0b86a6b1,Dilan Coss,2018-06-11T11:44:48-06:00,add werkzeug to flask --version,1,3,1
a0ccc477800737d9907ab772bb1bba25f164fefb,David Lord,2019-01-06T16:17:33-08:00,clean up flask --version code,3,19,10
232e5c81bc722c3ea87f15d0f95f8b52f064fc4c,David Lord,2019-01-06T16:30:11-08:00,Merge pull request #2825 from eso31/fix-2824-issue,0,19,8
4f3dbb3f3b0063b3ea14f6f2e73263defe70fde2,David Lord,2019-01-06T16:33:17-08:00,Merge branch '1.0-maintenance',0,19,8
b570bf699c162e3223043582179db1c67b0a4c74,Ignasi Bosch,2018-10-18T23:30:03+01:00,Allow partial content on bytesio,2,27,1
366f3f49af72702066da60476fa5e02d030c936b,David Lord,2019-01-07T06:56:20-08:00,add changelog for GH-2957,3,15,13
4f32c6d4e37cda7a5053aa4f1527b6c340433778,David Lord,2019-01-07T07:02:02-08:00,Merge pull request #2957 from IgnasiBosch/2943-bytesio-partial-content,0,37,9
40118e785f0ec69bb519c7f34dcceb092006aa02,garenchan,2018-10-04T20:42:24+08:00,Make sure the attachment filename is text type.,3,10,1
38a391815b4936e9357834bb4924e09fc4384e9a,David Lord,2019-01-07T07:22:59-08:00,Merge pull request #2934 from garenchan/bugfix-#2933,0,10,1
b92b2e6c743c8b09744c9c9788046c719cc38eab,Jimmy Jia,2018-11-01T16:41:53-04:00,Do not handle RoutingExceptions with app error handlers,2,13,1
662ce2151d0f17d592133eeecdc8d7e6676db811,David Lord,2019-01-07T09:52:54-08:00,add changelog for GH-2986,3,22,8
ded7cbe4294dde22e553d6a8035f414f0ce72f50,David Lord,2019-01-07T09:58:32-08:00,Merge pull request #2986 from taion/do-not-handle-routing-exception,0,29,3
a74864ec229141784374f1998324d2cbac837295,David Lord,2019-01-07T10:00:10-08:00,Merge remote-tracking branch 'origin/1.0-maintenance',0,39,4
2c29495e6dca548e479a52e6be364639f57f9a81,David Lord,2019-01-07T13:09:36-08:00,remove encoding from method override pattern,1,5,6
d7a1b0157aae0e60983c51c6f255772be11d43f3,David Lord,2019-01-07T13:20:00-08:00,Merge pull request #3068 from pallets/method-override-encoding,0,5,6
99ad1f3cae66aabb654e38c2c8bfd5889e4020a5,venus,2019-01-12T14:51:04+08:00,fix the typo,1,1,1
33c89aab14e74b15c9a9caa7684c06fa96122de2,Hsiaoming Yang,2019-01-12T19:11:44+09:00,Merge pull request #3071 from bbbbx/master,0,1,1
8c979698bd9942a525dbb0e1ef4a31269a0b04cb,venus,2019-01-12T14:51:04+08:00,fix the typo,1,1,1
74691fbe0192de1134c93e9821d5f8ef65405670,Carson Ip,2019-01-18T16:13:13+08:00,Fix typo in CHANGES.rst (#3077),1,1,1
47bdf9f26fdd499c00a25efa4c0229c544cf682d,cclauss,2019-01-25T09:44:29+01:00,_compat.py: Use feature detection instead of version detection,1,6,6
0b5b4a66ef99c8b91569dd9b9b34911834689d3f,David Lord,2019-01-25T05:56:54-08:00,Merge pull request #3082 from cclauss/patch-2,0,6,6
5830388ee2e70ab9cfcc06728a80c5459bf3723a,Martin Michlmayr,2019-02-23T00:02:01+00:00,Fix formatting issue in quickstart guide,1,4,4
c795adf684718142d52975264aa059af23316e0d,David Lord,2019-02-22T16:32:12-08:00,Merge pull request #3101 from tbm/docs-formatting,0,4,4
7b88b357473226b6c25d866a2e411349b807e385,Martin Michlmayr,2019-02-24T10:40:23+00:00,Fix typos in the documentation,3,3,3
86bf9dca72cd188813e26ef5dd972101ef8983cf,David Lord,2019-02-24T06:33:44-08:00,Merge pull request #3103 from tbm/typos,0,3,3
d838f1c91815510ecf98131a83541847a751efa8,Grey Li,2019-03-06T10:34:21+08:00,doc: Improve description for valid view func return value,1,4,4
5cb4b731671491941bd5d877f222bf5cee71869c,David Lord,2019-03-06T05:40:22-08:00,Merge pull request #3113 from greyli/improve-doc-quickstart,0,4,4
4df7b220fa1f2473dae316a4543fb71e23576a07,Grey Li,2019-04-12T09:45:58+08:00,Fix typo in URL defaults example,1,1,1
42b67a1f95b9055735d28d51c07a70c7523a4f24,David Lord,2019-04-11T19:11:21-07:00,Merge pull request #3150 from greyli/fix-route-defaults-doc,0,1,1
de01dfb70206f8dbb55724b7abfc515ead3ca283,Max,2019-04-15T17:01:44+02:00,Bump Jinja2 requirements,1,1,1
c5c8bbc7f699de6b81ebd9893dc0a2289ae688dc,David Lord,2019-04-15T11:28:17-07:00,Merge pull request #3155 from zabbal/master,0,1,1
af5fb14666cba4034793adadb53c09dd90a12b14,Matt Cooper,2019-05-04T09:45:20-04:00,initial Azure Pipelines setup,1,51,0
f2df16247a4ca2023dac8d44b876d474564ae197,Matt Cooper,2019-05-04T10:19:50-04:00,add TODOs,1,3,0
f9ee8349bc7c634408f8e3165edc4ad86d3267ca,Matt Cooper,2019-05-04T10:22:29-04:00,remove unsupported Python,1,0,2
3257b1d13ba8e9abd069f4dcaa1ff7fc7d99ef09,Matt Cooper,2019-05-04T10:40:10-04:00,one more todo,1,1,0
12ab9f9c0d8445d5bf2e79707f9ede194a6c6d03,David Lord,2019-05-04T10:51:57-04:00,Set up Azure Pipelines (#3170),0,53,0
e8d838a55176d03e276938f98148b90c6d7a2f4d,Matt Cooper,2019-05-04T15:48:17-04:00,add test output and a run against Python RC,2,78,53
459176a7195a1bfc82f4228ad60584689497349c,Matt Cooper,2019-05-04T16:59:10-04:00,try moving junit into tox.ini,2,3,3
8535503f4af23816ad64b54a6af12cf8b22e4450,Matt Cooper,2019-05-04T20:28:14-04:00,do an allowed-failure the right way,1,2,2
41186d3fe284c8b8f46d56a26c0614375ee69ccf,Matt Cooper,2019-05-04T20:46:33-04:00,"make a ""future"" toxenv",2,13,3
29a47ae6ea51e672ea841f7869baa8dffe3291bc,Peter Landoll,2019-05-06T09:39:25-04:00,Add link to official Discord chat server,1,1,0
a07c60af0a1eb0fd68fed4005788b5ff4ae69fc3,David Lord,2019-05-06T10:49:29-04:00,Merge pull request #3173 from pwlandoll/1.0-maintenance,0,1,0
6606a4a2386a9635b8ad25b4ae6329be783e00b3,David Baumgold,2019-05-06T10:54:57-04:00,fix RST line too long,15,104,89
b78a803f7d8ff3156b4c5b73df39d067b8a2a3e5,Lindsay Young,2019-05-06T12:41:01-04:00,Create CODE_OF_CONDUCT.md,1,76,0
5e378b4f28af344702a65fcce85a7d8574674860,David Lord,2019-05-06T13:46:38-04:00,Merge pull request #3178 from LindsayYoung/patch-1,0,76,0
819368a52dc9eb0ba4e20195783f2807872dabad,David Baumgold,2019-05-06T15:23:35-04:00,Merge pull request #3175 from singingwolfboy/fix-rst-line-too-long,0,104,89
5b309831ec595ad21c491c257c8ecf60f10c1ddd,David Baumgold,2019-05-06T15:39:19-04:00,Set up pre-commit to run black,2,10,0
025589ee766249652e2e097da05808fe64911ddc,David Baumgold,2019-05-06T15:39:41-04:00,Reformat with black,63,3788,3463
1dda032b00cb4f7a783e018a7c370ee88f15e797,David Baumgold,2019-05-06T16:34:46-04:00,Merge pull request #3183 from singingwolfboy/pre-commit,0,3798,3463
42da151fc75778cd86bf80a97d8de7f2f5eed846,jaydarius,2019-05-08T10:59:55-04:00,use or to complete the either statement,1,1,1
49a0464e3cda2f56d9721fe042054d71172cb132,David Lord,2019-05-13T06:45:13-07:00,Merge pull request #3191 from jaydarius/master,0,1,1
205c943deda542b0c0df2f1b9ce3bbe72d80eef8,Sebastian Jakubiak,2019-05-13T22:07:37+02:00,Fix misplaced paren in docs,1,1,1
d23b160e6df5d13e7db7a5e53afab6db306efe3c,RyanSquared,2019-02-12T11:58:18-06:00,"helpers.py: Fix docs of url_for(..., _external=True)",1,1,1
c88e4634a5fa4460f582a8e9315dc78da41543e8,David Lord,2019-05-16T07:30:07-07:00,Merge pull request #3096 from RyanSquared/master,0,1,1
4260b7c2d3a9bf1332e22d18125f5f6157f61b5b,David Lord,2019-05-16T07:36:02-07:00,Merge pull request #3172 from vtbassmatt/enhance-azure-pipelines,0,88,53
b765e0db509eadd6d35093dafbc3b9814ba109d4,David Lord,2019-05-16T08:28:58-07:00,Merge pull request #3196 from jakseb/fix-docs-paren,0,1,1
800c744fe7236175cbf0bbbc1a152899897579df,jordan bonser,2019-03-09T00:41:57+00:00,improve env vars config example,1,9,11
4091013ee1e0c126b803a2d76a085609675dc60b,David Lord,2019-05-16T08:52:23-07:00,Merge pull request #3118 from JBonser/master,0,9,11
62fe1563ad6805decc51fb3d682064249deddb96,Abdur-Rahmaan Janhangeer,2019-04-03T12:47:01+04:00,Update CONTRIBUTING.rst,1,2,0
5e41e409bca42a8fef7b4460adfc76bf432824da,David Lord,2019-05-16T09:47:56-07:00,"fix discord link, clean up",1,3,4
eadb99eb93aa21cae3ce907006e62818319fbff7,David Lord,2019-05-16T09:48:59-07:00,Merge pull request #3137 from Abdur-rahmaanJ/patch-2,0,3,2
e5b0fe68414cd3af9c1e91c82fa0c0ef4145c8c2,Adam Johnson,2019-03-23T23:10:36+00:00,Fix some HTML injection paths in examples,1,4,4
bbedd6454094bc26edbcc95bab1ed3d05b4085ea,David Lord,2019-05-16T09:52:13-07:00,Merge pull request #3129 from adamchainz/fix_html_injection,0,4,4
994cd1db33d55b48f1d99aa97ac7b2adaa89cbaf,Tom-McDonald,2019-04-07T12:48:58+01:00,replaced deprecated sample code in proxy-setup docs,1,2,2
8609b7d840b2430ade985465d87cd9e2f09d477a,David Lord,2019-05-16T09:55:30-07:00,Merge pull request #3142 from Tom-McDonald/3139-alter-deprecated-docs,0,2,2
c2b4b745e946aece1bf253a29e6a1161ae14347d,Abhinav,2019-04-23T23:23:24+05:30,add more git commands to contributing doc,1,17,4
e61fd5f6cb1c7ebba86a9eef9c5e645d9c4032d1,David Lord,2019-05-16T10:21:35-07:00,add instructions for bug and feature branches,1,8,9
00ca5b7328fbc5b11594ad448343ba371142c43a,David Lord,2019-05-16T10:23:17-07:00,Merge pull request #3159 from abhinavsagar/updatedoc,0,15,3
0df2620c5f2fd9fa09224591952c36215cc4bda1,Charles Ross,2019-04-24T11:17:33-07:00,update docs on gunicorn deploy and app discovery,2,12,6
7f782ba84e18d327ff25d40dc7d5719c8a036258,David Lord,2019-05-16T10:45:50-07:00,Merge pull request #3162 from chivalry/gunicorn-discovery-docs-update,0,12,6
4e272fc042cab5505c3c5ae796caa6b06f9dae9d,A Brooks,2019-05-14T15:08:00-05:00,Fix various small spelling errors.,9,14,14
ded0f68c16d6eeb95abfca925e29bff70b026e10,David Lord,2019-05-16T11:54:34-07:00,Merge pull request #3199 from alecbrooks/master,0,14,14
af813d0d36ab498fe9a348637648e5489f0fc246,Matt Cooper,2019-05-16T14:09:26-04:00,add Azure Pipelines to readme,1,1,4
d68abe99f69f051435bfac1c040b3a4cef058adb,David Lord,2019-05-16T12:12:06-07:00,Merge pull request #3203 from vtbassmatt/patch-1,0,1,4
2236ba980cce9b8dd2e1219208afef28d1e86df2,David Lord,2019-05-16T12:18:36-07:00,Merge branch '1.0.x',0,76,60
bcf8cb1fd4605046a76b956bfbfaab246d9f8d18,David Lord,2019-05-16T12:45:03-07:00,"azure config, fix docs build",3,16,12
84f8e1634fed25de6ab065899234535d531e44ab,David Lord,2019-05-16T13:53:49-07:00,azure pipelines ci on 1.0.x branch,6,115,101
814a7ea96f1f0aa124537cee98fed0955ebbf6c4,David Lord,2019-05-16T17:32:45-07:00,Merge pull request #3204 from pallets/azure,0,115,101
953284a8d08ebcb80abbbd0663b471ecb8968e97,David Lord,2019-05-16T17:37:05-07:00,Merge branch '1.0.x',0,100,180
ac78da0bb02fc5c07c896a77d3fc2b32e7924407,Michael E. Karpeles,2019-04-26T17:16:50-07:00,removed unused reference to url_join,1,0,1
55801b5653bd5c290b10731c80bc15456e261217,David Lord,2019-05-16T17:56:30-07:00,Merge pull request #3166 from mekarpeles/refactor/unused-url_join,0,0,1
6142aa64ae4d0957d735b6b86c5abe15fea06504,brunoais,2019-04-14T15:48:02+01:00,More explicit explanation: session testing,1,4,3
ab3f92253388df031d2947a5a76c980cba7cb694,David Lord,2019-05-16T18:17:45-07:00,Merge pull request #3154 from brunoais/more-explicit-session-transaction,0,4,3
e2f4b53396f4676978f86492dae5d3952446df89,DamianSkrzypczak,2019-05-03T20:59:22+02:00,Fix dev-server warning message readability (#3168),1,2,2
f2c854060adf021347a6c4217fdb06a77a38bf58,David Lord,2019-05-16T19:23:19-07:00,Merge pull request #3169 from DamianSkrzypczak/3168-improve-warning-about-dev-server-use-in-production,0,2,2
a4f0f197962b27a002c45f5e27b13a8d4a27ee63,David Lord,2019-05-17T08:39:16-07:00,don't push app context for test client json,4,95,39
3dc84ec4609de0c08fd159ebe991453309952fa8,David Lord,2019-05-17T09:04:37-07:00,Merge pull request #3206 from pallets/test-client-json,0,95,39
99660cc40984015cbbcd27d1cdc19376b2536443,David Lord,2019-05-17T10:57:51-07:00,release version 1.0.3,2,5,5
05a4e15ee46db41dbd2bfde8ca839efdec958b05,David Lord,2019-05-17T11:13:08-07:00,Merge branch '1.0.x',0,105,49
ad709be46e660b76263a50bfecdb390f0863a90c,icreatedanaccount,2019-05-06T10:56:35-04:00,Allow mode='rt' on open_resource() helper,2,27,0
6f703a564c97b034eb0e98419595b7fa32d3562a,David Lord,2019-05-17T13:20:31-07:00,clean up open_resource and tests,3,14,22
6dbcbdee3553683215d9e50b59834cb9af3aebd3,David Lord,2019-05-17T13:26:54-07:00,add sphinx-issues,2,3,0
8ef56c8c6d0be4d4a9e844c723e70810a0be2fbc,David Lord,2019-05-17T13:32:40-07:00,Merge pull request #3174 from icreatedanaccount/master,0,24,2
1f3923a999e3b4430ea76727e07fb062b24d6a61,LeeW,2019-05-06T12:08:28-04:00,"Inherit ""methods"" in MethodView",3,27,3
aade460f1557aa0546ebf248a4f323140f30759f,David Lord,2019-05-17T14:18:40-07:00,Merge pull request #3179 from Lee-W/MethodView-inheritance,0,27,3
af3c24c7dff239b2f1c9765bce9bef46525294bc,EtiennePelletier,2019-05-07T17:28:50-04:00,Make jinja_options a dict rather than ImmutaleDict,1,1,1
957f48a98dd7d598c55a521967a2fddcd12a4efd,David Lord,2019-05-18T08:35:47-07:00,use dict literal syntax for jinja_options,2,27,12
d0bfb065e5c2d00927ed192c4ea5d8a02b4e19d6,David Lord,2019-05-18T08:44:03-07:00,Merge pull request #3190 from EtiennePelletier/jinja2-977,0,27,12
8590d65a57ad57c99a82fdf4e1c57921d7e1bdcd,EtiennePelletier,2019-05-06T14:59:43-04:00,Use Werkzeug's JSONMixin class and update tests,5,18,131
5a49b96d0e15f423ce8f2abc27a0ac280e69f726,David Lord,2019-05-18T21:10:12-07:00,Merge pull request #3181 from EtiennePelletier/Flask-3125,0,18,131
e0afff0e92a3c46e5de17e75b76ca1332d45497d,EtiennePelletier,2019-05-06T15:56:06-04:00,Simplify flask.cli.main,2,4,17
7f98a28432f2059259a5b8e5088322fa8f42f829,David Lord,2019-05-18T21:19:57-07:00,Merge pull request #3185 from EtiennePelletier/Flask-3022,0,4,17
2039e2e3b62897e14790c652c92625ee9b200245,Frankie Liu,2019-05-06T15:13:09-04:00,Remove ending slash from static_url_path,4,15,2
dbd38404108f5c3c3cc31310a3eff24aa6b262c9,David Lord,2019-05-18T21:27:31-07:00,Merge pull request #3182 from qil026/issue-3134-url-join,0,15,2
6af14f058b6ef09214dc0e5d81902ed5b4ad12a0,Eruvanos,2019-05-13T10:29:38+02:00,support dataclass in JSONEncoder,3,26,5
b0185a620522269acb9cbef01437acd01d2b551d,David Lord,2019-05-18T21:44:21-07:00,Merge pull request #3195 from eruvanos/json_support_dataclass,0,26,5
2a2a11b0634df4932eb0b4113009759ce4d1754a,shidenggui,2019-01-08T15:56:55+08:00,allow customizing url map class,2,9,1
05102f63b8dc5341d2d650da3aaa51b0b355f65d,David Lord,2019-05-18T21:57:09-07:00,Merge pull request #3069 from shidenggui/feature_allow_customizing_url_map,0,9,1
e1cc16f8bea15f11f63eacaa6089cd6e6b8b1965,vorelq,2018-09-29T18:38:32+02:00,Fix 0 port value being overriden by default,3,14,8
d9fa28ba68809aec8df30c65d7ab1f8a5e0514c8,David Lord,2019-05-19T11:40:54-07:00,Merge pull request #2928 from vorelq/2926-default-port-overrides-zero,0,14,8
db8cb31f2b2c39c1b0800926969c16d44b28ea38,Adarsh Sharma,2018-10-11T16:52:15+05:30,Fix #2937: Ensure the consistency in load_dotenv's return type,3,19,3
d3e1fed7773d1a85a9e2b434c375822edb904619,David Lord,2019-05-19T12:03:45-07:00,Merge pull request #2939 from sharmaadarsh563/2937-correct-load_dotenv-return-value,0,19,3
fcf2eb4753d02caf258c5b1473fbb74721a3f489,David Baumgold,2019-05-19T11:16:53-04:00,FakeSignal should stub connect_via method,2,10,9
33379155f613dbdb4fe6d0918a5038a989fc18bf,jab,2019-05-23T14:51:38+00:00,"Add pre-commit to dev dependencies, document it and pre-commit in CONTRIBUTING",2,7,5
fe41c6c8aee865ca494b91914f877319b07effd9,Joshua Bronson,2019-05-23T10:55:06-04:00,Merge pull request #3213 from jab/contributing,0,7,5
4fe81d7c62a4ecffd238a74783c054c4e5235fae,David Lord,2019-05-23T08:22:07-07:00,Merge pull request #3208 from singingwolfboy/fakesignal-connect-via,0,10,9
2308cba407884996047790bfb77f90ae17bdb2bc,Bruno Rocha,2018-08-31T19:06:20-03:00,Fix #2897 - Add `extra_files` option to `flask run` CLI,3,23,2
e18cc4d71d1c0ded4a2a7afb417c5ea03ebb0861,David Lord,2019-05-24T07:19:56-07:00,add SeparatedPathType to accept multiple paths,3,47,23
2616d97f326504b494304fe744cdd5adfc9c6d91,David Lord,2019-05-24T07:32:45-07:00,Merge pull request #2898 from rochacbruno/2897-Add-Extra-Files-to-CLI,0,47,2
7bf8366970ec49b5396a1f86f00fdd1c5fef3fed,pgjones,2019-03-03T17:34:29+00:00,Allow dictionary return values as JSON,4,37,16
1ecc341fe55845b264bbd5949bc8cb7616ad98ba,David Lord,2019-05-24T10:22:34-07:00,add quickstart about JSON responses,1,34,1
855d59b68b71db78165e4d4e2905c280450b6214,David Lord,2019-05-24T10:39:11-07:00,Merge pull request #3111 from pgjones/master,0,70,16
ec1ccd753084c6ff3215b9a64ba46d6af56715bd,Anthony Plunkett,2018-05-14T22:05:54-04:00,Add Blueprint level cli command registration,6,136,8
b83760675ded7124f8a7c2cc49fa8d7eea438233,David Lord,2019-05-24T14:47:48-07:00,Merge pull request #2784 from doobeh/master,0,136,8
a12bf290da4e5ccc9cc7bd00a8e1ba8bccb50586,Pete Beardmore,2019-03-18T18:50:08+00:00,fix 'static_url_path' defaulting for empty paths,2,16,1
ed9ab2d3b6fc005b3807ddf484e85160233ffc82,David Lord,2019-05-25T11:14:49-07:00,strip static url trailing slash at assignment,5,21,19
754b72957854e0b955fe973d169daa27a2f98ef1,David Lord,2019-05-25T11:23:00-07:00,Merge pull request #3124 from elbeardmorez/fix_static_url_path,0,34,17
a71c167836c9dd938199fc72292951359948149c,Fantix King,2019-04-16T17:29:17-05:00,fix teardown bug in FlaskClient,3,29,6
2c68f86336dc8729f58e8e19af0f49c269c1cfaa,David Lord,2019-05-25T14:09:17-07:00,Merge pull request #3157 from fantix/fix-test-client-teardown,0,29,6
a5ff3cd01b8a78b5ed2961a8095290fed4e2a0d5,Daniel Pope,2019-05-31T11:57:28+01:00,Fix style issues on master using Black,4,19,14
240e398c8d2b46607f6e5c87b6e39eab50ad7796,David Lord,2019-05-31T07:18:40-04:00,Merge pull request #3229 from lordmauve/style-fix,0,19,14
96b92ff9e81201ea2fab91b6b30586a5d40a3430,Daniel Pope,2019-05-31T13:14:15+01:00,Enable stylecheck tox run on Azure pipelines,1,3,0
1250775a5575d40b00d1212bde1df55a9b71df04,David Lord,2019-05-31T08:21:24-04:00,Merge pull request #3230 from lordmauve/azure-stylecheck,0,3,0
7ac2cbf63a59bf7ae31d1ac586816842dc285f91,Joshua Bronson,2019-05-31T09:17:52-04:00,Add pre-commit install-hooks to first-time setup,1,4,0
af1b2ea1d1fdb1f6e85b5fe69bb66ddd68c5e806,Joshua Bronson,2019-05-31T09:34:21-04:00,Merge pull request #3231 from pallets/jab-precommit,0,4,0
6ac4b937793afa54e93ed303d0a05c32f397ae54,Joshua Bronson,2019-05-31T09:57:21-04:00,Close issues from commit messages in CONTRIBUTING,1,4,0
cd14adbc1e834b0accc3b593a77d60d3cadddc8b,Ryan Thielke,2019-05-31T09:52:53-05:00,Issue #3226: Remove unused werkzeug datastructure import,1,1,1
2a97d4a706c329b15b9119101254de15c80410cc,Sang Min Park,2019-05-31T10:55:08-04:00,#3225: document,1,2,0
14e9291380810d99152276c90ecb409b78504403,David Lord,2019-05-31T10:58:44-04:00,Merge pull request #3234 from tomowind/issue_3225,0,2,0
f25b5000fd7b85418d8ff85b070821748ef14f19,Daniel Pope,2019-05-31T16:48:32+01:00,Do not register empty CLI groups from Blueprint,2,12,0
55ad09c9024d2f0d23123c934e505042516cc796,Scott Crosby,2019-05-31T10:43:45-05:00,Move python properties to decorator syntax,3,30,38
8bb71852849907d1b67ba7514cf1812348e11b44,John Zeringue,2019-05-31T10:56:01-04:00,Better error message when view return type is not supported,3,19,5
1b526c837e83d5e35d14eadde162c7608ab9e83f,gokcegrbl,2019-05-31T16:27:51+00:00,Comment on bare except usage in _compat.py,1,2,0
52f9aa7ed6ceee6b416eab39a4f785d958245937,David Lord,2019-05-31T12:50:59-04:00,Merge pull request #3235 from johnzeringue/better-return-type-error,0,19,5
94e057224ce9ff68c850dbe81fc1db5503b3656a,David Lord,2019-05-31T12:56:43-04:00,Merge pull request #3239 from gokcegrbl/GH-3227,0,2,0
524f9c32c7292d00818e17a714d062d1fb24f129,David Lord,2019-05-31T12:58:44-04:00,Merge pull request #3233 from rtilk89/unused_werkzerg_import,0,1,1
91e53da054c8e923ad6bf45cfb4c12de029de1b2,David Lord,2019-05-31T13:05:00-04:00,Merge pull request #3236 from lordmauve/no-cligroup-empty,0,12,0
976dfedaa9efdb566333ea829b12751820268f67,Daniel Pope,2019-05-31T15:49:23+01:00,Convert make_test_environ_builder into class (fixes #3207),4,96,45
c7f56c5a5539143662a04ec8e54aa78777d20730,Daniel Pope,2019-05-31T17:37:18+01:00,Create json_dumps() method on new EnvironBuilder,3,11,14
e45370b9940823daae4c3959158ded4a9e3f7f60,Daniel Pope,2019-05-31T18:04:51+01:00,Fix name of kwargs parameter,1,3,3
d981cc678af3bbd30ea1cde54fd6e1b24398351f,ultimecia7,2019-05-31T13:18:54-04:00,Fix testing documentation to demonstrate using test client with teardown,1,5,6
cd4023d9d2ab630ce4f95856f065072ef8badb2b,David Lord,2019-05-31T13:44:22-04:00,Merge pull request #3237 from scrosby/fix-3218,0,30,38
5e15850532be5521dac7082b155b15b83e1236e8,David Lord,2019-05-31T13:58:40-04:00,Merge pull request #3232 from lordmauve/environbuilder,0,94,46
6e995f23792c1cc1809292c770d02797d80622fb,David Lord,2019-05-31T14:06:54-04:00,Merge pull request #3240 from ultimecia7/docfix,0,5,6
45b2e7702dd76b11156c9b9b5af707be2b5480ca,Diego Alberto Torres Quintanilla,2019-05-31T14:54:03-04:00,Guard against missing request context in logging docs.,1,8,3
a3272941ce76a212e9d8d55722a0b230b963411d,Paul Butler,2019-05-31T15:33:06-04:00,Clarify documentation about how url_for uses configuration values (#2759),2,7,1
6369537a49f55ba3c3e319b7d21b6c6a96e5d332,David Lord,2019-05-31T16:47:32-04:00,Merge pull request #3243 from DiegoAlbertoTorres/docs,0,8,3
1718f1934c4fa709b42230b3ee5d6f803ec65df4,cslecrone,2019-05-31T11:45:38-04:00,don't require ssl module for flask cli,3,21,1
13b689bba6119613a2a47e8a9c84e82e69f602c4,David Lord,2019-06-01T08:57:06-04:00,Merge pull request #3242 from cslecrone/3211-ssl-import,0,21,1
b61cbf8ab437574d4b041e49a214240b650eb1be,David Lord,2019-06-01T08:59:01-04:00,Merge pull request #3244 from paulgb/master,0,7,1
549fed29ea0b6f0f3cc3731a310f4de3631a759e,Jon S. Stumpf,2019-05-31T13:38:39-04:00,add pre-commit config for flake8,6,41,6
b46f5942a528053034fecf210572ee04bc4a3284,Jon S. Stumpf,2019-05-31T14:53:26-04:00,address flake8 issues,23,89,92
48d0e86313b479f97cec1a9869bdaf468c248666,David Lord,2019-06-01T09:36:23-04:00,Merge pull request #3241 from jon-stumpf/jss-updates,0,130,98
09392e0348e22dcac63973dd25ac10afc90230dd,David Lord,2019-06-01T06:53:29-07:00,Merge remote-tracking branch 'origin/1.0.x',0,9,4
ca278a8694f42e569a6d9f7d71c669465019bf06,David Lord,2019-06-01T08:00:25-07:00,move to src directory,22,6,4
ab8d60d826f2e07f70973c754134fd9508232b8a,David Lord,2019-06-01T11:10:33-04:00,Merge pull request #3245 from pallets/src-dir,0,6,4
43483683b2bc8da85f00ccccdfb8d9d5c77a6bb3,David Lord,2019-06-01T08:35:03-07:00,apply reorder-python-imports pre-commit config,56,291,246
3db469795996523cf834c07684b0eff540227aba,David Lord,2019-06-01T12:12:49-04:00,Merge pull request #3246 from pallets/reorder-imports,0,291,246
53c893b646252d610e877eb9385e9e250a1ae5e1,David Lord,2019-06-01T09:22:20-07:00,fix string concats left over by black,10,17,18
d4b688bd035b9704b3168b28fed39c8fcfe3b997,David Lord,2019-06-01T12:28:29-04:00,Merge pull request #3247 from pallets/join-strings,0,17,18
dbd4520ccbe0954d8ff4f926ba5f16c4f5291533,David Lord,2019-06-07T13:23:13-07:00,fix tests failing with server name warnings,5,36,62
46a67b6789ceb3ba814afdb72ed7770033858a73,David Lord,2019-06-12T08:17:25-07:00,Merge pull request #3261 from pallets/fix-server-name-warnings,0,36,62
8a7d080085ae28847f46b29162b5dacfd54b8a12,David Lord,2019-06-12T10:35:35-07:00,remove codecov,2,1,6
29111a32594806cc217aba047de609dc913ef255,David Lord,2019-06-12T10:41:11-07:00,Merge branch '1.0.x',0,35,65
7bc965fadac23bf9833eb34a4bb124af4e6b5cad,Logan Wright,2019-06-12T08:56:01-05:00,adds api error handling documentation,1,27,0
4b519f0e332c8f71ea40d2272e7769321462cf47,David Lord,2019-06-12T11:02:53-07:00,reword api error section,1,14,15
f7f1d9de3daa84ba968fd53553dc8fdb277219a3,David Lord,2019-06-12T11:07:04-07:00,Merge pull request #3260 from LBWright/error-handling,0,26,0
b89bf9e6d7555743903ed3820156c3da7a571411,vdanain,2019-06-02T19:40:47+02:00,document Blueprint params,1,18,0
571b9f54e745849087f43b63a9788ded9edd0eb7,David Lord,2019-06-12T14:01:49-07:00,reword Blueprint class docstring,1,42,22
53f5fd234b8a7377c401ae88e2fb6c29812715d5,David Lord,2019-06-12T14:02:56-07:00,Merge pull request #3248 from Vicolatope/document-blueprint-parameters,0,43,5
d8d74b0cc89f7b9242cb5419ac1193463749f218,aligoren,2019-06-07T23:52:42+03:00,document _get_exc_class_and_code params,1,5,1
6ec98f07499a6e6b61a43f265c818100aa41e205,David Lord,2019-06-12T14:08:27-07:00,reword _get_exc_class_and_code docstring,1,5,3
d5fea5fa1da0c56860e7023e4af3ba2eb0097dd7,David Lord,2019-06-12T14:10:42-07:00,Merge pull request #3253 from aligoren/document-get-exc-class-and-code,0,7,1
1ff98a2d21f6800b7b97195e0f9c90776ffb8f9b,Elad Moshe,2019-02-24T23:54:57+02:00,wait until app ctx is ready before matching url,4,41,24
c65863912ba3c93d014378e21402c97babca272b,David Lord,2019-06-13T12:40:01-07:00,move url matching after opening session,4,26,17
2fa30f6a9e67e4515c85c6fe776783b058097498,David Lord,2019-06-13T12:46:53-07:00,Merge pull request #3104 from eladm26/adding_models_converter,0,52,26
9054f6d6397607647839286ce1db6cb2ef8457fe,David Lord,2019-06-19T13:58:55-07:00,always pass InternalServerError instance to 500 handler,3,146,11
54519ef028660da63c3b2bab51c1f18e7b7c9fa2,David Lord,2019-06-19T14:53:06-07:00,document behavior of very generic error handlers,3,89,5
185d7cbab279ef7c27b46694b4b6d93a8d6f0421,David Lord,2019-06-21T08:33:59-07:00,Merge pull request #3266 from pallets/internal-server-error-type,0,233,14
146df0f9e8ea8a55bb66b7cc52d186e288580b92,David Lord,2019-06-21T08:47:27-07:00,use dashes for command names,1,15,15
6cd92ebc323d7f3c8584f155c445696e8a2b057c,David Lord,2019-06-21T09:07:05-07:00,Merge pull request #3269 from pallets/command-name,0,15,15
e666f7a69c737fef8236237671be4da5910e9113,David Lord,2019-06-22T13:09:09-07:00,standardize license and copyright,44,133,178
24498afed5075583ecd5667b105b4a315a25051e,David Lord,2019-06-22T13:10:50-07:00,standardize project metadata,6,68,281
7d779580004c0aa481648f1165e87e6ce4bac087,David Lord,2019-06-23T12:21:31-07:00,"use sphinx-issues, rewrap changelog",2,614,660
28b35c55a1fd7963227011b1a8a3dae2feb308a3,David Lord,2019-06-23T12:27:25-07:00,update docs config,13,115,253
cb6272ccc8a836b402d518cf1f90328cf06cd7ea,David Lord,2019-06-23T15:37:51-07:00,fix docks linkcheck,22,63,81
31d3c7e71941c3a1800f5e31064c9862da473d86,David Lord,2019-06-23T15:43:47-07:00,Merge pull request #3270 from pallets/metadata,0,993,1453
dbe51dc09ddc1e5cae82226e2cac1dae0ba9116d,David Lord,2019-06-23T16:25:40-07:00,remove union merge attr,1,0,1
1351d0a56580df36872b466eb245e7634c20dab5,David Lord,2019-06-23T16:56:42-07:00,Merge branch '1.0.x',0,1039,1449
871e6d6a9d1c453716f68e4e88268961d067b26d,David Lord,2019-06-26T14:32:20-07:00,don't clear BadRequestKeyError args,3,16,6
6ed68f015a50ab35b84a8ea71b0f846ca6a75281,David Lord,2019-06-26T14:43:36-07:00,Merge pull request #3272 from pallets/keyerror,0,16,6
2a2134974cc8d39f64c89b40dd5999e0c3ec01ae,David Lord,2019-06-26T14:46:10-07:00,Merge branch '1.0.x',0,422,412
54cbb4e64297d68ff6c9ef3fe03c283448e3533f,David Lord,2019-06-27T07:55:22-07:00,"send_file quotes "":/"" in UTF-8 filename",3,5,1
2675076cb77fb5d37f54aa05473157ae27be7c42,David Lord,2019-06-27T08:04:31-07:00,Merge pull request #3273 from pallets/utf8-filename,0,5,1
ac302fb6071a4a580234e3596dac082d6e8d8a1f,Anthony Sottile,2019-07-01T07:36:20-07:00,Make the changelog UTF-8 compatible,2,414,408
5a04590e9c1f2aba03c2bd70a8b5fe1a18eecb56,David Lord,2019-07-01T09:38:43-07:00,Merge pull request #3281 from asottile/utf8_changes,0,414,408
b9c22672724ee3c89cc959bd80d3fcd81afb10e7,David Lord,2019-07-01T09:49:40-07:00,fix tests link,1,1,1
afd6250bab89b67d916c1281fe32a82070a0e958,David Lord,2019-07-01T09:52:06-07:00,Merge branch '1.0.x',0,6,2
a5ecdfa7a57bf6bcba7391fc6d356e3f7de33e57,Anthony Sottile,2019-07-01T07:23:03-07:00,Fixes for PEP451 import loaders and pytest 5.x,6,57,25
043443d2d3432d8c182f059cf2f30967eda73d1f,David Lord,2019-07-01T10:47:33-07:00,Merge pull request #3278 from asottile/importlib_spec,0,57,25
b05a685a03a2a186cd7ffb45a6cb8a7a4fbc49de,David Lord,2019-07-01T10:54:31-07:00,Merge branch '1.0.x',0,59,28
3aff003c456ecfd329c29432d941714a0b474d53,Abhinav Sagar,2019-06-30T14:37:40+05:30,Update cli.py,1,1,1
cf4923bf586c51365970ee11a33771104241cf60,David Lord,2019-07-01T11:31:48-07:00,Merge pull request #3274 from abhinavsagar/patch-1,0,1,1
465da9f610a04d379bb39a0ff03fb6c0b0ea1c45,David Lord,2019-07-01T11:57:00-07:00,Merge branch '1.0.x',0,1,1
df470aecb96efbcb17ca76e73196c25c38ce6d17,David Lord,2019-07-01T14:56:18-07:00,use app.name as app.logger name,8,40,25
6665c91e6fad7df5997c8f3ae2136049062c1b7f,David Lord,2019-07-01T17:42:51-07:00,Merge pull request #3282 from pallets/logger-name,0,40,25
b08e35e4ab525c207144e42af1b678a78abe09cb,David Lord,2019-07-02T11:32:28-07:00,show warning for old logger config,3,41,3
6d0e79b33afe47525958dc23c1ebb2eea70f25fe,David Lord,2019-07-02T11:43:47-07:00,Merge pull request #3284 from pallets/logger-warning,0,41,3
975f9792697c1a74bca3cfff201d1e0415bece6a,ThiefMaster,2019-07-03T15:04:23+02:00,Move dotenv warning to stderr,2,2,1
c07475935cdaec6dbb5ffe2df8bd5a4abafff99b,David Lord,2019-07-03T10:15:32-07:00,Merge pull request #3285 from ThiefMaster/dotenv-msg-stderr,0,2,1
2844fdb82ee86b812027f700f9c566da8324e78f,David Lord,2019-07-03T12:23:16-07:00,Merge branch '1.0.x',0,3,1
626b5cc166e6151dfe0e86b514b2d9a1f55752a8,David Lord,2019-07-04T15:33:46-07:00,release version 1.0.4,3,5,4
8a78fdb09cc0a645a757cbcfb1beb09a3d2e5bca,David Lord,2019-07-04T16:01:14-07:00,Merge branch '1.0.x',0,1,1
1b4ace9ba5e77679bf9d8e409283654f7589907e,David Lord,2019-07-04T16:04:42-07:00,release version 1.1.0,2,2,2
73d997f0fc207aef8d9c7fa19d8878576dad3846,Aadi Bajpai,2019-07-07T20:55:52+05:30,Update ISSUE_TEMPLATE.md,1,6,8
e4c7033a3447b8d1af67acf9e34269f2c5633fb9,Aadi Bajpai,2019-07-08T01:07:45+05:30,Comment out helpful tips in issue_template.md,1,3,3
008d3388b9387245bc0df4887dab3671fd729646,Joshua Bronson,2019-07-07T15:43:25-04:00,Merge pull request #3290 from aadibajpai/master,0,8,10
1617202d91e46a4c2584656969f90aa5d5db7fed,David Lord,2019-07-08T10:26:12-07:00,restore and deprecate json_available,4,54,1
1a6696da70923b2433b588ddcde90fd31ec296a6,David Lord,2019-07-08T10:37:16-07:00,Merge pull request #3292 from pallets/deprecate-json-available,0,54,1
ffc68840f821fb0a4c41a7b2b4eaad6d71f539b7,David Lord,2019-07-08T10:55:25-07:00,release version 1.1.1,4,5,5
901661c1a4ff23e88884186c9d283ad413970951,David Lord,2019-07-08T11:04:16-07:00,Merge branch '1.1.x',0,57,4
98a26cfb425aef527ce5ace06f3a8e7cac186a6a,Stéphane Wirtel,2019-07-10T18:49:40+02:00,Documentation: Use Python 3.5+,1,1,1
3fb368a44407aed7b5da88f6b35de9504ea8aac7,David Lord,2019-07-10T10:28:19-07:00,Merge pull request #3298 from matrixise/patch-1,0,1,1
c478e5d52f4985a9a58f1ac1d229b47e9f6fe24f,David Lord,2019-07-10T11:45:20-07:00,pass sys.argv to flask cli,3,12,2
d694eb443a6243e248df974e9cd64defb591bf38,David Lord,2019-07-10T12:42:58-07:00,Merge pull request #3299 from pallets/click-args,0,12,2
ded3d642a762823702848c5e5c4e041a676a10a1,David Lord,2019-07-10T11:45:20-07:00,pass sys.argv to flask cli,3,12,2
722d5e610a1f11ef2010dd719811771706ea0683,David Lord,2019-07-10T12:44:57-07:00,Merge branch '1.1.x',0,1,1
3628cbceafef795f4889229ca3aed2bfb9fb26a8,makdon,2019-07-21T21:25:29+08:00,"Add version '3.7' and a comma in ""Running the test"" of contributing guide.",1,1,1
7d0293d37cb63c555bd870e111869c3064a96e46,Joshua Bronson,2019-07-21T12:03:13-04:00,Merge pull request #3308 from MakDon/master,0,1,1
90004a83befdb1d65df8632e48078fd721932590,Grey Li,2019-07-18T12:45:31+08:00,Update outdated extension doc,2,15,21
d0df619263c3264d11fbb8a11698a2b73a08722c,David Lord,2019-07-22T13:30:43-07:00,Merge pull request #3305 from greyli/update-extension-doc,0,15,21
c42803f168208e558b7428c46e13bd1d5dbdc38c,David Lord,2019-07-22T13:31:05-07:00,Merge branch '1.0.x' into 1.1.x,0,15,21
fb4aab5d899fa8d4257aad12f7df6050d1da3d2e,David Lord,2019-07-22T13:31:24-07:00,Merge branch '1.1.x',0,15,21
a0a49e1c9ea9b0e850e9039c1b7000adbaf7370b,linchiwei123,2019-07-24T15:50:37+08:00,clean up outdated code,1,1,12
b7f6fae9b34341b9be7742b86f6caffe07fc6f25,David Lord,2019-07-25T11:33:36-07:00,Merge pull request #3315 from linchiwei123/cleanup,0,1,12
2a8ebc4411deacb6eeac5d4cb6f9568d61ac6a12,Grey Li,2019-08-01T22:49:31+08:00,Fix github link generator for docs,1,3,1
c074422cfdbcae3cef305631988288e13bbce2d1,David Lord,2019-08-01T12:56:30-07:00,Merge pull request #3321 from greyli/fix-gh-link-generator,0,3,1
28ffe153490c2a58919835bf0f9828958795871f,Csirmaz Bendegúz,2019-07-30T14:45:06+02:00,Fix typo in urlprocessors.rst,1,2,2
ca0acbaa5349046c44f8377efd0372eca9650748,David Lord,2019-08-01T13:07:52-07:00,Merge pull request #3317 from csirmazbendeguz/patch-1,0,2,2
02cfee8461c6dca8532b2ee82e1aa4c7dfc776fc,David Lord,2019-08-01T13:08:12-07:00,Merge branch '1.0.x' into 1.1.x,0,3,1
0adbaf270a195b86ef802569bac4566917c3cee9,David Lord,2019-08-01T13:08:34-07:00,Merge branch '1.1.x',0,5,3
b3b38285a424487e5c400bf23e2554f112a099c1,David Lord,2019-08-01T13:35:38-07:00,fix stylecheck,1,0,1
33db5351088f58219d0d13f1a2efa7a85880eb55,David Lord,2019-08-01T13:35:52-07:00,Merge branch '1.1.x',0,0,1
353d891561659a754ee92bb5e6576e82be58934a,Chris Zimmerman,2019-08-09T13:47:17-05:00,fixed typo in logging docstring (#3328),1,1,1
b33e89935a38b184b148ac5b72ae457a4a385d36,Eido95,2019-08-13T11:02:56+03:00,docs: Change max content length value to megabyte,1,1,1
553b26f8579a21a2d3644cb3bc5cb2ed8cedabc5,Arnav Borborah,2019-08-15T21:05:33-04:00,Fix typo in pop documentation,1,1,1
96726f6a04251bde39ec802080c9008060e0b5b9,Joshua Bronson,2019-08-15T21:30:05-04:00,Merge pull request #3336 from arnavb/patch-1,0,1,1
db061cf736b9b30f7bb7860060a91d565c9a5e16,David Lord,2019-08-24T09:09:32-07:00,Merge pull request #3332 from Eido95/patch-1,0,1,1
b839beb23d5fd3431132df68693f402891c5f69e,Constantin,2019-08-25T20:33:41+02:00,fix typo: base on -> based on,1,1,1
908a364996bc519c98b758a604802defc6ec16b5,Joshua Bronson,2019-08-25T15:36:19-04:00,Merge pull request #3343 from gruentee/patch-1,0,1,1
9b94e1463894c3fb2c37092a19dc3c04588741f7,hharutyunyan,2019-08-29T02:44:00+04:00,Updating contribution docs. Added the link with a guide to install pre-commit and made the pre-commit installation command a code block.,1,3,1
2ec150af02de076a2e64046fef634d873140ddce,Nathan McKinley-Pace,2019-09-02T11:31:34-04:00,Update testing.rst,1,4,1
12666af6b5474998907310b2f940aebdc3b5a362,David Lord,2019-09-02T09:05:05-07:00,Merge pull request #3349 from nathanmp/master,0,4,1
e01b68e7ee66f7c5ec221bcb9e0cd3526153664d,David Lord,2019-09-23T08:19:40-07:00,"update patterns, snippets, extensions docs",9,73,73
06507ed4e455dd8b94242d4477dce05b1d95c6c5,David Lord,2019-09-23T08:33:50-07:00,Merge pull request #3374 from pallets/ext-docs,0,73,73
746d9181d7e539f6f6d704f6eb1e76bf9df29e5f,David Lord,2019-09-23T08:38:11-07:00,Merge branch '1.0.x' into 1.1.x,0,73,73
40eadfc52a8f8a7e07fafb8043b0b43faaacb114,David Lord,2019-09-23T08:38:29-07:00,Merge branch '1.1.x',0,74,74
6cde195c88ee720ca029b4fbfa64ea60d6983914,David Lord,2019-09-23T11:59:59-07:00,reword extension python version item,1,4,3
e17c3423bd306b04d27b6a2e53c80f1ac2179054,David Lord,2019-09-23T12:10:30-07:00,Merge pull request #3375 from pallets/ext-py-version,0,4,3
5f5e8e5339a69f666336286dd6279c68de397020,David Lord,2019-09-23T12:10:55-07:00,Merge branch '1.0.x' into 1.1.x,0,4,3
6429bf19a00069c163219ea10b32b43821cfd8c8,David Lord,2019-09-23T12:11:18-07:00,Merge branch '1.1.x',0,4,3
2ceae5f8a5783d292d89cb9cb8dbec429fc3e502,bearnun,2019-08-30T13:34:56-07:00,mention default logging level,1,3,0
599f32c7a4012ae5988c2599344503cfddeb1a08,David Lord,2019-09-23T12:22:05-07:00,Merge pull request #3346 from bearnun/master,0,3,0
4a8e75b10a50ae13e9b61763e680f3c9fd518ed3,David Lord,2019-09-23T12:24:08-07:00,Merge pull request #3344 from hharutyunyan/fix-the-contibution-docs,0,3,1
4ed20657c61c3e64aba4652e1f053bae65ebc821,David Lord,2019-09-24T06:35:10-07:00,update docs for new theme,15,65,135
e0079490176f080a9a4e52d4edc67e370992d943,David Lord,2019-09-24T06:41:48-07:00,Merge pull request #3376 from pallets/migrate-docs,0,65,135
563ef469f7ad1ad4a9d9ebea702985ac27b586ac,David Lord,2019-09-24T06:43:25-07:00,Merge branch '0.12.x' into 1.0.x,0,11,10
7fdd0df6eca5fc564443acbf9f71555f6834359a,David Lord,2019-09-24T06:44:18-07:00,Merge branch '1.0.x' into 1.1.x,0,11,9
a3f07829ca03bf312b12b3732e917498299fa82d,David Lord,2019-09-24T06:44:36-07:00,Merge branch '1.1.x',0,14,10
941bc9ff6019117c9aa341f809bef7e0e54d0ebf,Mellcap Zhao,2019-10-06T15:26:00-05:00,Fix link to header in CONTRIBUTING (#3382),1,2,2
af970bd20f2d5c1d36abcb1f300a531c436b5655,Kristin Faner,2019-10-05T17:11:08-05:00,fix typo in request context docs,1,2,2
9bdc42d300c63f82cf3aad872d606434fcb8cb97,David Lord,2019-10-08T09:11:18-07:00,Merge pull request #3381 from seeksort/request-context-typo,0,2,2
413778afc19ce9f0cb484878d86375729c14faf4,David Lord,2019-10-12T18:53:47-07:00,explain escape at top of quickstart,1,51,50
4bceeccfffd09cd6d02489988444e25b07f32ae0,David Lord,2019-10-12T19:03:34-07:00,Merge pull request #3391 from pallets/explain-escape,0,51,50
0c0b31a789f8bfeadcbcf49d1fb38a00624b3065,Doron Horwitz,2019-09-24T14:39:22+03:00,get_cookie_name in SessionInterface for easier overriding in SecureCookieSessionInterface,3,73,5
200ce9bd39c70a7782ef8ace0338ad71dbdb175d,David Lord,2019-10-12T19:20:31-07:00,Merge pull request #3369 from doronhorwitz/get-cookie-name,0,73,5
468705df1751b515fa088e6ccb374a59d1afbf76,Marat Sharafutdinov,2019-10-14T23:48:48+03:00,Update reqcontext.rst,1,1,1
7df10cd8e07f734bca875cda4b591f18e7b657cd,David Lord,2019-10-14T14:00:01-07:00,Merge pull request #3395 from decaz/patch-1,0,1,1
829aa65e642baf2f90bc29f940c8cbf180848dbc,pgjones,2019-10-11T11:52:29+01:00,Support loading configuration from text files,3,56,16
aac0f585b944cc65a1b570c1cc26d840f03e2f72,David Lord,2019-10-18T09:15:00-07:00,clean up config.from_file docs,3,54,38
8f422d2b5efe685bf67852b8f06672a32c1f07e6,David Lord,2019-10-18T09:28:37-07:00,Merge pull request #3398 from pgjones/toml,0,77,21
07caa442241b36e14cf91b0fa0201ad764dfbd47,erfanio,2019-10-26T17:19:00+11:00,Change docs to use f-strings,7,13,13
3ddf7fd2c2b4108a55213c791bd80981bd1f90f5,Chris Lamb,2019-10-28T09:13:37+00:00,Make the documentation build reproducibly,1,1,0
1234eb0f9ff997932cfb79835e101df7e49babb1,David Lord,2019-10-28T07:59:00-07:00,Merge pull request #3408 from lamby/943674-flask-please-make-the-build-reproducible,0,1,0
c367a86cc5be70da4928b276d0218f98df6e854d,Fernanda Guimarães,2019-10-28T21:37:25-03:00,Test test_send_from_directory_bad_request no longer fails in Python 3.8.,1,8,2
42942ec2910420ff6107b9da839c93d9c422109c,David Lord,2019-10-28T18:26:16-07:00,Merge pull request #3410 from haneybarg/bad_request,0,8,2
4f6b3105135026bbd8d0045703b5b5746554239e,Thiago J. Barbalho,2019-11-02T20:56:35+00:00,Fix typo,1,1,1
a250997f75cd540bcf268c2d451ab035611aaee2,Joshua Bronson,2019-11-02T18:40:20-04:00,Merge pull request #3414 from thiagojobson/master,0,1,1
1feb69d595575fabb569f8481c85c3568075d7ad,Jochen Kupperschmidt,2019-11-13T23:13:56+01:00,Update `versionadded` for `Config.from_file`,1,1,1
a83d6d25285bb1eb3860dd054c866d579c3c0823,David Lord,2019-11-18T17:54:20-08:00,Merge remote-tracking branch 'origin/1.1.x',0,10,4
240a11052bb2ef1ba0bbcc5d503601a175926f75,David Lord,2019-11-18T12:36:00-08:00,lazy load app on reload only,2,8,4
a671e47921f6b3f1e6c24f34f23b83ed13fe63b6,David Lord,2019-11-18T13:46:00-08:00,rewrite the development server docs,3,64,37
bfa9aceb03fb728acf90436e1bb47d32c0ea5a1c,David Lord,2019-11-18T18:22:38-08:00,Merge pull request #3434 from pallets/eager-load,0,72,41
0586188f22a8a6de4cd9d5e13e116aa1ef594201,David Lord,2019-11-18T18:23:39-08:00,Merge pull request #3425 from homeworkprod/patch-1,0,1,1
33d9f9fa08e5a007d7ff1bb1f92c8d593b3c380a,Aliaksei Urbanski,2019-10-19T02:05:55+03:00,declare support for Python 3.8,2,5,2
824e548036096c835735b5655513fe291d9560bc,David Lord,2019-11-18T18:57:43-08:00,add 3.8 to pipelines,3,29,31
af5743f6bd2a62072657830d3585b98680e1c203,David Lord,2019-11-18T19:05:01-08:00,Merge pull request #3401 from Jamim/feature/python-3.8,0,34,33
26dac4fd77c9f73a552618597e24f324837c10a1,David Lord,2019-11-18T19:06:57-08:00,fix test pipeline display name,1,1,1
b5d9084f15bead8f72e684c2fd16a2a303239dee,David Lord,2019-11-18T19:07:23-08:00,Merge branch '1.1.x',0,35,34
2659f0a5e62c9a97ef37dc2ded3ca8fda3c53c9f,David Lord,2019-11-18T19:09:30-08:00,Merge pull request #3406 from erfanio/f-string-docs,0,13,13
980168d08498c00a14ab0f687ffac8cc50edb326,David Lord,2019-11-18T23:34:45-08:00,send_file doesn't allow StringIO,3,102,94
d49cfb35d4bb45e94d8c7c1920e7be99e4e10dde,David Lord,2019-11-19T09:08:07-08:00,Merge pull request #3435 from pallets/send-file-text,0,102,94
ef434ea9985b756f13bed283dfa55828829e5e1f,Grey Li,2019-11-15T12:27:44+08:00,Replace old pocoo links everywhere,12,13,13
a3415fc6dcf3f355a2b815686d6de12fa7383335,Grey Li,2019-11-15T12:34:13+08:00,Use https for pallets URL,1,1,1
25a5d3031167566cef0fcf38b54afc6b7dcf6e86,David Lord,2019-11-19T09:37:21-08:00,Merge pull request #3427 from greyli/update-old-links,0,13,13
38eb5d3b49d628785a470e2e773fc5ac82e3c8e4,Adrian,2019-11-25T00:38:50+01:00,Remove comment about extension backwards compat,1,1,6
ce08807a8b1f1229a1c390b6a86d5ee0f4029da0,Isaac To,2020-02-06T10:52:59-08:00,This is a typo.,1,1,1
0a8be38058a2335c6ffa15b9c6be0562a70f9d35,David Lord,2020-02-06T10:57:30-08:00,Merge pull request #3478 from candleindark/patch-1,0,1,1
bb66b61d1d008599e39fd9d8c666ca0f0e9850e4,Isaac To,2020-02-06T12:04:49-08:00,A better expression for the intended meaning,1,1,1
de4be03b5d704240af5d27cf98c87a39f78570d4,David Lord,2020-02-06T12:07:33-08:00,Merge pull request #3479 from candleindark/patch-2,0,1,1
8d5234e4c729893c3ebd732839a8e7a01a51b7bc,David Lord,2020-02-09T15:20:23-08:00,next version 1.2.0,2,2,2
2c66746a37e52a784b0cf6361cdaef765080538a,David Lord,2020-02-09T15:21:13-08:00,Merge branch '1.1.x',0,2,2
63b40254e992c6c18d16ffade7aa8358d686a697,David Lord,2020-02-10T10:16:08-08:00,xfail __main__ instance test interacting with tox,1,1,0
0834da832aea6259cb74e82e4631a60e5cc644f4,David Lord,2020-02-10T10:16:20-08:00,Merge branch '1.1.x',0,1,0
6627c5a3d250d760777b8e84d61ea6abb98e2937,Latham Fell,2020-02-10T10:58:31-08:00,Add vscode settings dir to .gitignore,1,1,0
e7dc4139448e49bf31c65e7eefab2c47739bb87f,David Lord,2020-02-10T11:17:58-08:00,Merge pull request #3496 from lathamfell/update-gitignore,0,1,0
85db0135cb302e2e17936fb4cf62c9f90c94e342,Armin Ronacher,2020-02-10T20:27:39+01:00,Pin Werkzeug < 1.0 for 0.12 (#3497),1,1,1
8086ce8b9f17e53ce505206fde8e0de2739712ff,Armin Ronacher,2020-02-10T20:30:54+01:00,Changelog for 0.12.5,1,9,0
191710cbda616a53533d5e794a787f24c453ac5a,Armin Ronacher,2020-02-10T20:30:59+01:00,Bump version number to 0.12.5,1,1,1
79c71f24e4cb064852e2cbbfef78a0a051eb7ced,Armin Ronacher,2020-02-10T20:32:11+01:00,0.12.6.dev,1,1,1
2f8086e8c88377b822be6b83b306c8a1ef7ce426,Armin Ronacher,2020-02-10T20:36:55+01:00,Merge remote-tracking branch 'origin/0.12.x' into 1.0.x,0,14,4
9b424e9da9e1d7a96fdacf71256f655f0a145ac7,Armin Ronacher,2020-02-10T20:37:21+01:00,Merge branch '1.0.x' into 1.1.x,0,10,0
5ceb0a59dd189675710da58f88719683a4edcb66,Armin Ronacher,2020-02-10T20:37:28+01:00,Merge branch '1.1.x',0,11,0
900fa2f795615683234cc7e7b050a1e131983689,raymond-devries,2020-02-10T11:50:48-08:00,Feature request #3445.,2,3,2
a3e4395a42574386a15ef6ca1afa83ff9787608f,David Lord,2020-02-10T13:15:24-08:00,Merge pull request #3498 from raymond-devries/3445-traceback-for-none,0,3,2
d92b64aa275841b0c9aea3903aba72fbc4275d91,David Lord,2020-02-10T16:36:40-08:00,clean up merge,2,3,5
ef27c1b74969c48abdce76e650ecdefdab96b30e,David Lord,2020-02-10T16:43:49-08:00,Merge branch '1.0.x' into 1.1.x,0,2,4
ab6e6301945bf42a429f52bc34602627ca0566bc,David Lord,2020-02-10T16:44:33-08:00,Merge branch '1.1.x',0,2,4
e6ac789554ac1e5cf69a2442f252dba8233cde32,Reece Dunham,2019-11-22T11:12:43-05:00,mention discord in issue template,1,2,4
aa1d4cb840352be3c57b912fded1de8b33024ec5,Gregory Pakosz,2020-01-04T15:58:04+01:00,remove approved extensions in foreword,1,1,3
5da342e4dd7dfcc16aa25928ea91d69c2d362f73,Marc Hernandez Cabot,2019-12-19T21:40:40+01:00,fix docstring and remove redundant parentheses,2,2,2
28d09ae0fc518f2b3e9138f0fdfc2566459a52e3,David Lord,2020-02-10T17:27:51-08:00,Merge pull request #3437 from RDIL/patch-1,0,2,4
986871bf4eb85ae62124e71ed579b6baa0ddaeae,David Lord,2020-02-10T17:28:14-08:00,Merge pull request #3453 from noviluni/remove_redundant_parentheses,0,2,2
982663d0631e1cb3bf4e66d567dc83373a3046dd,David Lord,2020-02-10T17:29:09-08:00,Merge pull request #3462 from gpakosz/outdated-doc,0,1,3
bcde664f9a3f6ef3b3d33c6c4e7c3cb3acc2af30,David Lord,2020-02-09T16:01:23-08:00,cli checks for cryptography library,3,11,7
b80eaf2c9978c776c9efbb267ccbfdee875d0966,Isaac To,2020-02-06T12:14:10-08:00,Incorrect grammar,1,3,2
571e92b317a8ccd86ea3a5eb3231a78529f48baa,Grey Li,2020-01-22T23:10:58+08:00,add import for escape in quickstart,1,8,4
b074a2eec95aefd252af9be120078cfa6854a2d9,David Lord,2020-02-10T17:56:11-08:00,Merge pull request #3492 from pallets/cryptography,0,11,7
8973b58955df185c6502389a6e91b7b262a735d4,David Lord,2020-02-10T18:12:50-08:00,Merge pull request #3473 from greyli/fix-doc-import,0,8,4
c12d9f8b490c56fcba7ad793249ab14441c544d6,David Lord,2020-02-10T18:13:24-08:00,Merge pull request #3480 from candleindark/patch-2,0,3,2
d4076cf07c70d7fccf82aba5c5acae3f3fb99447,frostming,2019-12-26T09:33:42+08:00,strip the ending slash for static_url_path,3,14,1
07556da918a41b633d12993179475e990c47ac8a,David Lord,2020-02-10T18:29:43-08:00,Merge remote-tracking branch 'origin/1.1.x',0,6,3
7e068145df57784b61ca254d5c0b83edaf3e7435,yingshaoxo,2020-01-03T15:06:24+08:00,pass static_url_path along with static_folder,1,1,1
71b74686341518c2d443b31a029641367710eb9b,David Lord,2020-02-10T18:40:25-08:00,Merge pull request #3460 from yingshaoxo/patch-1,0,1,1
909b9751eec79871164bd909b772934bc3419969,David Lord,2020-02-10T18:41:07-08:00,Merge remote-tracking branch 'origin/1.1.x',0,1,1
e6178fe489b7828acc2bb8fd4b56a70b11ab6c6a,Frost Ming,2020-02-12T13:17:03+08:00,Handle different sep across os,1,3,1
a75315028cc7b8219f2ec28c7c7c7beb92c113c2,David Lord,2020-02-12T07:09:32-08:00,Merge pull request #3456 from frostming/bugfix/3452,0,15,0
64ba43411fbfb2e435455b0df2453d7809b7c5a8,David Lord,2020-02-15T10:40:32-08:00,Merge remote-tracking branch 'origin/1.1.x',0,15,0
37f582dbb131356810d26fb8129488276f765656,kylepollina,2020-02-27T16:22:03-06:00,Fix typo in docs (#3517),1,1,1
1d45539000c27951add3b518a73d73a7e3de7044,ongopongo,2020-02-28T12:09:51-08:00,Fix property name in description,1,1,1
fd3fca2aa0567220e1c75c28f7b1ca7403966308,David Lord,2020-02-28T12:18:04-08:00,Merge pull request #3521 from ongopongo/patch-1,0,1,1
9311a823a7155b8f6377bbd22cf783a182011d54,Jeff Widman,2020-03-02T10:21:15-08:00,Remove deprecated `license_file` option,1,0,3
56e75eace520a78cbee07570706519b0680b7d29,Peter G Kritikos,2020-03-04T18:40:54-05:00,Move HTML escaping example back to Variable Rules.,1,13,13
ceed993d639ff053b20c61db5afdb8ced574841b,gutianci,2020-03-05T18:31:21+08:00,docs: testing.rst function def missing colon,1,2,2
d5f88dafaf03a21aa4b6f0a273228fe9263a4a78,kevinanew,2020-02-23T21:53:18+08:00,refactor variable choices into if blocks,1,18,11
bac908ef35338e78422c5edc0456a22d04debfc3,David Lord,2020-03-11T07:31:20-07:00,Merge pull request #3513 from kevinanew/master,0,18,11
29d33203d0325f006c75fc88359872bd68c8bdf5,David Lord,2020-03-11T07:40:06-07:00,Merge pull request #3524 from jeffwidman/patch-2,0,0,3
d115d843e654c88ecb3833150ef9556bb0262cf3,Tobias Sette,2020-03-16T19:18:53-03:00,"docs: update ""Deploying on Google App Engine""",1,1,1
c47c8c4389e837062af489879f7a1282c9ec3894,David Lord,2020-03-16T15:26:49-07:00,Merge pull request #3536 from gnumoksha/patch-2,0,1,1
e047dd6a32dc57cd6e4fb5f064aceddeed979756,Shanavas M,2020-03-18T12:37:51+05:30,Update deprecated for config.from_json,1,1,1
8fc723c7c2b3bfe75bf76db75f2970d4253ce3bc,mattc41190,2020-03-24T09:54:32-05:00,itty bitty typo,1,1,1
80a597b7f94d28fd368f877c94ff51a116ca38c3,Joshua Bronson,2020-03-24T11:17:25-04:00,Merge pull request #3543 from mattc41190/patch-1,0,1,1
1736e01ea0b2d39ac1ee7e7b5993579487175530,mattc41190,2020-03-25T09:20:55-05:00,Grammar and clarity fix,1,1,1
bcf0a95216e530376648acd1265264386ae990d6,Joshua Bronson,2020-03-25T10:39:45-04:00,Merge pull request #3544 from mattc41190/patch-2,0,1,1
aad99260d9a21b8cf7b8b0c80d408dca7400c084,David Lord,2020-04-02T11:54:25-07:00,Merge pull request #3537 from shanavas786/master,0,1,1
ac9589ca7222cc7437f09e8d4660438a132f420a,David Lord,2020-04-02T11:55:01-07:00,Merge pull request #3530 from valleygtc/docs-fix,0,2,2
037ae3f0249a1b7d9697a9f8a47760c4fd022247,David Lord,2020-04-02T11:56:30-07:00,Merge remote-tracking branch 'origin/1.1.x',0,6,6
c6a619af833416160475c25aa3d11ef14ed74618,David Lord,2020-04-02T12:09:04-07:00,update CLI docs IDE integration,1,10,9
57f9623b0835cbae06b25d7329cda480539049c3,David Lord,2020-04-02T12:41:35-07:00,move html escaping to dedicated section,1,31,11
3d61fc44280e5e77ced09e0eba9634ae5e5f4727,David Lord,2020-04-02T12:55:49-07:00,Merge pull request #3529 from pgkrit/master,0,30,10
4548e00dba81a5e60024d76b35bcfe2a7be8e675,Jeenu Viswambharan,2020-03-20T09:41:00+00:00,clarify static_folder is relative to root_path,1,3,3
f991a898100359684111be1ddef7bb60ab6f0f9a,David Lord,2020-04-03T07:33:20-07:00,Merge pull request #3541 from jeenuv/clarify-static,0,3,3
4024a4a89c18a1048b7496cf223c0b8c1e63c485,David Lord,2020-04-03T10:02:40-07:00,update deprecation versions,2,18,17
93dd1709d05a1cf0e886df6223377bdab3b077fb,David Lord,2020-04-03T10:08:11-07:00,release version 1.1.2,3,3,2
96b4dcafc33a32317ba9d1193dc3758f4d70d73c,David Lord,2020-04-03T10:25:51-07:00,Merge branch '1.1.x',0,34,31
7673835b3da50575a14213814ea1ccefa860260f,David Lord,2020-04-03T11:58:16-07:00,remove Python 2 from docs,17,53,908
a0a61acdecd925cf2a1ffe5fb7acd27c1695f1d8,David Lord,2020-04-03T17:23:21-07:00,drop support for Python 2.7 and 3.5,7,54,130
1263d3bd142e4964da123f4e59088aa2968ec7e5,David Lord,2020-04-03T17:34:32-07:00,remove deprecated code,9,0,198
662c245795c7cbb5dbd657a2d707c62c16770c18,David Lord,2020-04-03T18:33:40-07:00,remove _compat module,20,68,274
57d628ca74513480908a63a6b66c1c8b1af896e8,David Lord,2020-04-04T09:25:54-07:00,remove more compat code,9,37,89
524fd0bc8cec7bfe8167c9c98cb5511b01a0f4c6,David Lord,2020-04-04T09:43:06-07:00,apply pyupgrade,54,169,230
2ae740dd4903bbe5f3864384bcdf2ab2d4638bce,David Lord,2020-04-04T11:39:03-07:00,f-strings everywhere,35,227,245
cd8a3745047a4413387f1e8a6877fd35859e21be,David Lord,2020-04-04T12:13:35-07:00,Merge pull request #3554 from pallets/drop-python2,0,586,2052
f2f027d1fbc12f3ff24f3e471e11ac56e1a5d869,David Lord,2020-04-04T12:28:08-07:00,remove unused module docstrings,37,15,331
171aabc87dd8bff0367d0555c8be6105b00c22ce,David Lord,2020-04-04T12:57:14-07:00,remove unused ref directives,55,129,221
024f0d384cf5bb65c76ac59f8ddce464b2dc2ca1,David Lord,2020-04-04T14:36:09-07:00,move package metadata to setup.cfg,14,142,151
c43edfc7c08b8dbe883761bec14fa75ee7db1bf3,David Lord,2020-04-07T07:00:15-07:00,remove simplejson,6,27,113
8b5f760b7285c863d5c7a4ee10adb5eb7ac60a05,David Lord,2020-04-07T12:32:27-07:00,deprecate JSON encoding options,2,54,49
756902cca1bab981fbec0ea759d93239d9a711f0,David Lord,2020-04-07T12:33:00-07:00,update json docs,4,142,135
e69b49bd3d2df261316c1c5dbdd53b96d93d2f56,David Lord,2020-04-07T13:40:39-07:00,Merge pull request #3562 from pallets/remove-simplejson,0,212,286
7e3b8abf992be711e2961bd9155bf1ae96c81b74,David Lord,2020-04-07T14:39:18-07:00,update docs requirements,2,3,37
fcac7f11cf5fbdaa43c3a8c305b31cf0a43a70d3,David Lord,2020-04-07T15:54:36-07:00,deprecate passing script_info to factory,5,45,38
0d04b40d130a49cef0609ac95be48013528e97d9,David Lord,2020-04-07T15:57:45-07:00,Merge pull request #3563 from pallets/deprecate-script-info-arg,0,45,38
ff2f71379b719903e462ed6a83801b1736009000,David Lord,2020-04-07T17:54:51-07:00,use ast to parse FLASK_APP,4,67,40
2062d984abd3364557a6dcbd3300cfe3e4ecf156,David Lord,2020-04-07T18:01:55-07:00,Merge pull request #3564 from pallets/cli-ast-parse,0,67,40
846ee2c62e369ed06190b8791088748bd3a83557,jackwardell,2020-04-16T17:01:51+01:00,add assert message for errorhandler exception type,2,11,1
d091bb00c0358e9f30006a064f3dbb671b99aeae,David Lord,2020-04-16T10:52:06-07:00,Merge pull request #3574 from jackwardell/adding-error-message-to-assert,0,11,1
c432d8b2bcecab32a6ccb2ac3bae8898ec2789f5,Jeff Widman,2020-05-08T12:42:52-07:00,Fix docs link for Flask-Uploads,1,1,1
cdf0b5bc792d1a76f46c2b1efd62d4e9f3b6683b,David Lord,2020-05-18T14:59:31-07:00,add readthedocs config,1,8,0
5b1d47f7e45ca6304009156882fcb6e4ebe55fbc,David Lord,2020-05-18T15:04:40-07:00,Merge pull request #3616 from pallets/rtd-config,0,8,0
295e1e759f28417b564e5b6c1c65cc19d87c3a02,David Lord,2020-05-23T13:25:06-07:00,add EditorConfig,1,13,0
8e2fb4633ea48b228479a5af6ef23c39c34d68d2,David Lord,2020-05-23T13:48:24-07:00,reformat contributing doc,1,119,82
eea31f29a50eeb30ec3c314bb2a6de4c931095c1,David Lord,2020-05-23T14:03:11-07:00,use pip-compile to pin dev requirements,13,137,29
51c87e6199b78cd3b4b33a5e47c7a135a772f10f,David Lord,2020-05-23T14:05:38-07:00,Merge pull request #3620 from pallets/requirements,0,254,109
2344cd6ebfc74c8a22149f2406aca137119bfded,David Lord,2020-05-23T14:06:54-07:00,use GitHub Actions for CI,2,53,44
330a3e3ddba712def955e7a2ccee92a205dfb656,David Lord,2020-05-23T14:12:22-07:00,Merge pull request #3621 from pallets/github-actions,0,53,44
9eae42b9e11b7b0a179bb9144aa3d08e569261ce,dependabot-preview[bot],2020-05-27T06:46:57-07:00,Bump sphinx from 3.0.3 to 3.0.4 (#3624),2,2,2
fd348ba8cb1aca26d85e90d007c1c8639256c583,dependabot-preview[bot],2020-05-28T08:53:14-07:00,Bump pip-tools from 5.1.2 to 5.2.0 (#3627),1,1,1
8075be8261359986a7087039e3da90d0931eec72,dependabot-preview[bot],2020-06-03T08:52:47+00:00,Bump pytest from 5.4.2 to 5.4.3,2,2,2
42817f032aec5c1b3bf4b676bccba636fe0f1490,Grey Li,2020-06-03T20:27:22+08:00,Merge pull request #3636 from pallets/dependabot/pip/pytest-5.4.3,0,2,2
c2f2d9754b795c2383497dc073206b6c5233fbc7,dependabot-preview[bot],2020-06-05T08:29:19+00:00,Bump greenlet from 0.4.15 to 0.4.16,2,2,2
c34792183094b8a8c12d2dec2010e38bf39602e2,David Lord,2020-06-05T07:42:54-07:00,Merge pull request #3640 from pallets/dependabot/pip/greenlet-0.4.16,0,2,2
0b6a05f541a9b1321f57f9fb0e6593a1abff316d,Kai Chen,2020-05-31T13:51:00-07:00,add section on copy/paste security,1,19,0
c59e019f5c5ed032c5360599bbd56e3fd9421adc,Alan Swenson,2020-06-05T23:48:37-05:00,update code-block typo (#3642),1,3,3
51686f5ab44fce6bc487545f621e199d726b6f50,David Lord,2020-06-07T16:45:31-07:00,expand section on copy/paste security,1,16,9
88c9c68e17774b24c4a67f2abadf411c6a689c1e,David Lord,2020-06-07T16:47:12-07:00,Merge pull request #3633 from kx-chen/add-copy-paste-security,0,26,0
6eeb912a63a05684488b9c25f1dd38e727c804b3,David Lord,2020-06-07T16:50:17-07:00,Merge remote-tracking branch 'origin/1.1.x',0,26,0
eec29a8fc3a1e557c176ebee5ec8bca6e3091407,David Lord,2020-06-07T17:03:35-07:00,Merge pull request #3603 from jeffwidman/patch-1,0,1,1
347383b1bc947a94939a4e2a086c9966b3dfe8aa,dependabot-preview[bot],2020-06-08T08:44:30+00:00,Bump tox from 3.15.1 to 3.15.2,1,1,1
bcb4f2fd93590769816c68147840ac6eb9bdaa9c,dependabot-preview[bot],2020-06-08T14:14:52+00:00,Merge pull request #3644 from pallets/dependabot/pip/tox-3.15.2,0,1,1
3207777cd4f97eacd4fcd39fb7cd593687d62c0c,dependabot-preview[bot],2020-06-08T14:16:11+00:00,Bump sphinx from 3.0.4 to 3.1.0,2,2,2
d4f443d8d0127d81e54c2f412a162a180615ee1f,dependabot-preview[bot],2020-06-08T14:18:55+00:00,Merge pull request #3645 from pallets/dependabot/pip/sphinx-3.1.0,0,2,2
f6d5daac468bbdd77a2823133b619a3e3e404b6e,dependabot-preview[bot],2020-06-09T08:21:52+00:00,Bump pre-commit from 2.4.0 to 2.5.0,1,1,1
fcc0d6ebd9ec1c7e38ecbf1d093969e92c6a4c8b,dependabot-preview[bot],2020-06-09T08:24:18+00:00,Merge pull request #3647 from pallets/dependabot/pip/pre-commit-2.5.0,0,1,1
a753fd601d7d7cb7385a2a68c090c7ad7ddf494f,dependabot-preview[bot],2020-06-10T08:38:26+00:00,Bump pip-tools from 5.2.0 to 5.2.1,1,1,1
18a7751c7bc1779fa135eb1366cbbcc278669df6,dependabot-preview[bot],2020-06-10T08:41:31+00:00,Merge pull request #3648 from pallets/dependabot/pip/pip-tools-5.2.1,0,1,1
ee28a130093760650195b71bd3ec2694b77a91e7,dependabot-preview[bot],2020-06-10T08:43:09+00:00,Bump pre-commit from 2.5.0 to 2.5.1,1,1,1
3ee366a199b2a73cf20e05c83b20a8e882be3400,dependabot-preview[bot],2020-06-10T08:46:05+00:00,Merge pull request #3649 from pallets/dependabot/pip/pre-commit-2.5.1,0,1,1
a54f6ee648732200b927c0b27a14adcdfdf756bc,David Lord,2020-06-11T19:19:35-07:00,update contributing guide,1,55,73
710ac0db51b155678b4100888688d8c4378d5d64,dependabot-preview[bot],2020-06-15T08:55:11+00:00,Bump sphinx from 3.1.0 to 3.1.1,2,2,2
ecd07d680456df6e6991b40a76995e31e005d145,dependabot-preview[bot],2020-06-15T08:57:27+00:00,Merge pull request #3651 from pallets/dependabot/pip/sphinx-3.1.1,0,2,2
92f648b04eda0c8563a43c60d989ce416137e920,iomintz,2020-06-17T22:00:35-05:00,[docs] streaming contents: use app.response_class,1,4,8
9075da126c9a983917b9779dbc826841813eee3c,David Lord,2020-06-18T07:23:49-07:00,Merge pull request #3659 from iomintz/patch-1,0,4,8
aec07a1cb59ec25765cc2f5c4b6011bccb989abc,Leonardo Giordani,2020-06-21T09:29:45+01:00,Removed misleading DEBUG variable from examples,1,1,6
efbd721f20cbe21ae5350380035752282882e9a2,Leonardo Giordani,2020-06-23T14:56:51+01:00,Changed example DATABASE_URI values,1,6,2
26ec470afbfb8b643f1d0ba3501b4def42b58911,Leonardo Giordani,2020-06-23T15:06:37+01:00,Fixed trailing whitespace,1,1,1
2254adf8455953019cadd54ba837c53d3dfaca5d,Leonardo Giordani,2020-06-23T15:14:03+01:00,Simplified version of file-based database,1,1,5
3349c4914d8556ced05ba85a89868f2ffb78fd46,Joshua Bronson,2020-06-24T12:56:41-04:00,Merge pull request #3662 from lgiordani/remove-debug-from-examples,0,2,7
d74a8626e042a85f82502301e9b8f4317120e586,dependabot-preview[bot],2020-06-29T08:34:57+00:00,Bump tox from 3.15.2 to 3.16.0,1,1,1
fe992ca9925a6358a25e00b48c22f47a3587ef97,dependabot-preview[bot],2020-06-29T08:37:22+00:00,Merge pull request #3667 from pallets/dependabot/pip/tox-3.16.0,0,1,1
cdc5a493331d181bae2b50996a50cb98f4a5ca4d,dependabot-preview[bot],2020-06-30T08:06:52+00:00,Bump tox from 3.16.0 to 3.16.1,1,1,1
2b517a18d2cbebf8aec16eb5405340d11208a6dd,dependabot-preview[bot],2020-06-30T08:08:52+00:00,Merge pull request #3668 from pallets/dependabot/pip/tox-3.16.1,0,1,1
634e901966749bcb5dcc43a7a64b3865e2ae1aa3,David Lord,2020-07-01T09:09:12-07:00,update metadata,1,2,0
1f5a5dce43a23797b4573625b4a76edc37555403,dependabot-preview[bot],2020-07-02T08:18:52+00:00,Bump pre-commit from 2.5.1 to 2.6.0,1,1,1
0a3e91b782ce557498b3375067c134cfab2b5468,dependabot-preview[bot],2020-07-02T08:21:01+00:00,Merge pull request #3671 from pallets/dependabot/pip/pre-commit-2.6.0,0,1,1
7d7e8eef23e3b30a3b1c16215374c9a5ef4ed839,Sergei,2020-07-02T23:54:40+03:00,API docs - changed flask.request description,1,1,3
47e165d6d560fa502e41f152a69b657cf95f975a,David Lord,2020-07-02T14:38:18-07:00,Merge pull request #3673 from stat1c-void/pr-api.rst-request-link-20200702,0,1,3
8074cbdc470494a6f20cf08f8831dc4ae388d7f6,Deep R. Ode,2020-07-03T15:55:56+05:30,Added very small clarification to quickstart.rst,1,3,3
718afcc1078b1d114c6739a0d65229d68246a6ed,Grey Li,2020-07-05T08:25:48+08:00,Improve wording of tip for Unique URLs chapter,1,7,7
3fe5eecc2b57406bc9f14dbcc4fb1a76ba4ebab1,Grey Li,2020-07-05T08:28:28+08:00,Merge pull request #3674 from DeepOde/master,0,5,5
84cbfc0698f429c93450cd6f1600e56b41a30247,Grey Li,2020-04-07T21:46:53+08:00,Stop change CWD to .env/.flaskenv location,2,1,8
e403e9ea970c875052c9199d35175e0a420bfed5,Grey Li,2020-04-14T11:31:00+08:00,Update changelog for load dotenv behaivour change,1,3,0
7fbb4f78da0c89c9a466f755fc466c85bf036ca2,dependabot-preview[bot],2020-07-06T08:38:44+00:00,Bump python-dotenv from 0.13.0 to 0.14.0,2,2,2
38a0d404b71807c1292eecf33b51312d6ecc6d8a,dependabot-preview[bot],2020-07-06T08:41:38+00:00,Merge pull request #3676 from pallets/dependabot/pip/python-dotenv-0.14.0,0,2,2
5f6586ae6d5111539b613534d0c746d8cef451c0,dependabot-preview[bot],2020-07-06T08:43:21+00:00,Bump sphinx from 3.1.1 to 3.1.2,2,2,2
b82cca728341926399ef4c06a7342867f5c43c72,dependabot-preview[bot],2020-07-06T08:45:55+00:00,Merge pull request #3677 from pallets/dependabot/pip/sphinx-3.1.2,0,2,2
7ba35c4d4fe99418cee9c87900bd0d3b38cf5bd0,Joshua Bronson,2020-04-20T13:26:33-04:00,Restore support for using pathlib.Path for static_folder.,3,20,1
cf5b1d028342a2f7c929a23d53367addf106064e,Joshua Bronson,2020-07-06T13:45:03-04:00,Merge pull request #3579 from jab/pathlib-for-static_folder,0,20,1
b724832872ae4b4cd4b5f61c153eae39f1c3b213,Joshua Bronson,2020-04-20T13:26:33-04:00,Cherry-pick 7ba35c4 from master (support pathlib.Path for static_folder),3,22,1
b82c2e611a16efce910f2ae5eafc94066d48ec38,Joshua Bronson,2020-07-06T13:51:17-04:00,Merge pull request #3678 from jab/1.1.x-pathlib-static-folder,0,22,1
4a1acc8b5f0b5608fa8f20a1ef3afc13574cb96e,Armin Ronacher,2020-07-08T15:53:43+02:00,Some small doc fixes,2,4,3
a12a34100ac0ab85c29f87117ac0b75100b52d3c,David Lord,2020-07-08T06:56:11-07:00,Merge pull request #3680 from pallets/feature/doc-fixes,0,4,3
aab20ad431985b85dbe756b375e6ccfa39132054,David Lord,2020-07-08T08:26:21-07:00,fix typo,1,1,1
4e854ee49687ceac90985526928d901570d3585d,David Lord,2020-07-08T08:36:14-07:00,Merge pull request #3681 from pallets/fix-typo,0,1,1
6ef9dafe4da10683508f37747728b64786fe6d9d,dependabot-preview[bot],2020-07-15T08:08:41+00:00,Bump tox from 3.16.1 to 3.17.0,1,1,1
d0d7b796c4b49361be8e358f905dde16ae5021e3,dependabot-preview[bot],2020-07-15T08:11:44+00:00,Merge pull request #3686 from pallets/dependabot/pip/tox-3.17.0,0,1,1
77e33c4de61e17d9ec1b11dbe64d2f743b766c7e,dependabot-preview[bot],2020-07-16T08:21:32+00:00,Bump tox from 3.17.0 to 3.17.1,1,1,1
65a0a4b585781b5dd3db4009de3195e2ac7f049f,dependabot-preview[bot],2020-07-16T08:23:45+00:00,Merge pull request #3687 from pallets/dependabot/pip/tox-3.17.1,0,1,1
a40c381ffdc4c28a19a0910c4da8ec54e3ae63cf,Joshua Bronson,2020-07-18T13:14:09-04:00,Merge pull request #3560 from greyli/fix-env-chdir,0,4,8
1580aa30cb77c1db119c5c71b88795141d0a5045,Grey Li,2020-07-21T12:06:06+08:00,Update Discord invite links,3,3,3
f32f19162c936d94fb88f28f17f43dd9f195792b,Grey Li,2020-07-21T12:16:19+08:00,Merge pull request #3691 from greyli/update-discord-links,0,3,3
19a0db6d14722aeb6dd711efeafa72fcbc2562e1,David Lord,2020-07-23T16:50:00-07:00,remove lowest version test until next release,2,2,7
6f2fdc5ac4ad869a21c4c0281d7fa1eb8aa5a689,David Lord,2020-07-23T16:52:52-07:00,Merge pull request #3694 from pallets/disable-lowest,0,2,7
7b09a0904c32dc8784cdd68e842442057340a361,Christopher Nguyen,2020-07-11T15:18:37-04:00,change make_response to use headers.update,3,15,7
2fa8eb3cfebd7d797f8d27bfd05ea5f63985665f,David Lord,2020-07-23T16:57:19-07:00,Merge pull request #3684 from MLH-Fellowship/3628-duplicate-headers,0,15,7
eb96acec46a74c03b88327c503d0352d6da4a107,dependabot-preview[bot],2020-07-24T08:01:01+00:00,Bump tox from 3.17.1 to 3.18.0,1,1,1
165f059a731cd8346cfea9a44045d75c27219ca9,dependabot-preview[bot],2020-07-24T08:03:51+00:00,Merge pull request #3695 from pallets/dependabot/pip/tox-3.18.0,0,1,1
59b0b85835fa925e67f9a3f5173f7d6b6e67a411,jackwardell,2020-05-02T12:34:31+01:00,consolidate error handling docs,5,460,288
21c3df31de4bc2f838c945bd37d185210d9bab1a,David Lord,2020-07-24T09:23:20-07:00,Merge pull request #3594 from jackwardell/consolidating-error-pages-docs,0,460,288
569c88d72102e502d71c07193182adb1769ee936,Ebonne Cabarrus,2020-06-29T15:06:09-07:00,more changes to consolidated error handling docs,2,245,288
75a9b7465003205981b97fd4a133b07d7c330167,Martin Thoma,2020-07-26T15:28:50+02:00,DOC: Remove unnecessary docstrings,2,0,13
3f8ff0d181f0979a467676287f148afd8ee187d3,dependabot-preview[bot],2020-07-27T08:31:10+00:00,Bump pip-tools from 5.2.1 to 5.3.0,1,1,1
a3d423e5ec5c1389c354a546c05c1ca09a03e3d0,dependabot-preview[bot],2020-07-27T08:34:35+00:00,Merge pull request #3702 from pallets/dependabot/pip/pip-tools-5.3.0,0,1,1
daf9ec790a14e556049df36904ebc86c45f85b7b,jackwardell,2020-07-28T14:23:00+01:00,swapping self.assert_equal for assert,1,1,1
f31a8ce4bc1cc5e189b76041714548fe43e04964,David Lord,2020-07-28T07:10:13-07:00,Merge pull request #3704 from jackwardell/no-self-required,0,1,1
0db95259db5b310c8c4ac9b97ca2b6ae075c06e5,David Lord,2020-07-28T07:57:24-07:00,normalize sentence spacing,1,19,19
2db3c9a72e446eac980451ef688d87b4fd32cad4,David Lord,2020-07-28T07:59:19-07:00,rewrite external debuggers section,1,23,27
ba118b4543bbc87cdb9dbe8297029ddddfe8958f,David Lord,2020-07-28T10:46:22-07:00,adjust header levels and spacing,1,37,28
d25ee22e34a7682f3f0823b749597bd1dc28441a,David Lord,2020-07-28T11:07:02-07:00,reduce section on http status codes,1,22,45
89d1487b2ed0eb4fc4fb49a50eb54b942bec4193,David Lord,2020-07-28T11:14:17-07:00,"rewrite debugging docs, move to separate page",5,129,101
36e6fc8ab8418d7d8ead6ed0196b2bcbbc9e91ba,David Lord,2020-07-28T14:17:36-07:00,Merge pull request #3669 from ebonnecab/error-docs,0,397,430
37551e6798aabefd549340a7d3840b7648b413c7,David Lord,2020-07-28T19:44:23-07:00,Merge pull request #3699 from MartinThoma/style,0,0,13
6ff7004db01d0dc3ddbcc943ea727cb1811ba1aa,dependabot-preview[bot],2020-07-29T08:29:51+00:00,Bump pytest from 5.4.3 to 6.0.0,2,8,7
fc0aa7ac978b56e83dccde94214b1900a2ee1c3f,dependabot-preview[bot],2020-07-29T08:32:40+00:00,Merge pull request #3705 from pallets/dependabot/pip/pytest-6.0.0,0,8,7
2a388c4dc00f8bb44b7a557a85ca97f8a913bbac,dependabot-preview[bot],2020-07-29T08:37:24+00:00,Bump tox from 3.18.0 to 3.18.1,1,1,1
fd0a6084498e9d1990ddcf96366e8ac27b63428a,dependabot-preview[bot],2020-07-29T08:40:48+00:00,Merge pull request #3706 from pallets/dependabot/pip/tox-3.18.1,0,1,1
253570784cdcc85d82142128ce33e3b9d8f8db14,David Lord,2020-07-30T18:36:55-07:00,cleaner message when CLI can't load app,4,58,37
6638432457320fd2db9c74b9135afef370ed96f0,David Lord,2020-07-30T18:48:45-07:00,Merge pull request #3711 from pallets/cli-loading-error,0,58,37
ce7ee648b39c9dff05df53d1d007f50c2f146a39,dependabot-preview[bot],2020-07-31T08:43:34+00:00,Bump pytest from 6.0.0 to 6.0.1,2,2,2
216d97c21abe9674fe1dd6364b64051b0d09d0b0,dependabot-preview[bot],2020-07-31T08:45:49+00:00,Merge pull request #3713 from pallets/dependabot/pip/pytest-6.0.1,0,2,2
b146a13f633b0e2e26e3b8383b3db0feb563bc83,yk396,2020-07-22T15:02:31-04:00,extract common Flask/Blueprint API to Scaffold base class,5,473,495
632f85b65354ad573bb33c54a0a9dd3ffcef371f,David Lord,2020-08-01T07:48:57-07:00,Merge pull request #3709 from MLH-Fellowship/3215-flask-blueprint,0,473,495
045abd6c04cbb8b08aa1e41f90a5077ac97fee3d,dependabot-preview[bot],2020-08-03T09:00:22+00:00,Bump pip-tools from 5.3.0 to 5.3.1,1,1,1
eb865f8c24572065a4f1c7ec8316e0d9d0eab381,dependabot-preview[bot],2020-08-03T09:03:22+00:00,Merge pull request #3716 from pallets/dependabot/pip/pip-tools-5.3.1,0,1,1
414b30b2ec8ae365ca311b697d44578394371ff6,Grey Li,2020-08-07T19:01:42+08:00,Fix bad intersphinx link,1,1,1
fd0f89ebf3ef44fd40372db48f25009bdad6d162,Grey Li,2020-08-07T19:19:53+08:00,Merge pull request #3723 from greyli/fix-intersphinx-link,0,1,1
7eeb0c8d220f21fa08414f7726005b7c441a18a1,dependabot-preview[bot],2020-08-07T11:47:17+00:00,Bump tox from 3.18.1 to 3.19.0,1,1,1
5bf8cc225f1e7f7efb2e8aa1f8e2c11190c1e5f8,Grey Li,2020-08-07T19:49:33+08:00,Merge pull request #3722 from pallets/dependabot/pip/tox-3.19.0,0,1,1
1a6621ed840994b9600f12dde3bcb898c858889d,dependabot-preview[bot],2020-08-10T08:09:48+00:00,Bump sphinx from 3.1.2 to 3.2.0,2,2,2
1a9059dd3a0c1a8574f6555e92f3ec3c596284f5,dependabot-preview[bot],2020-08-10T08:12:04+00:00,Merge pull request #3725 from pallets/dependabot/pip/sphinx-3.2.0,0,2,2
cf3089a8f82d50430da4cbe690c1ef11d30241ec,Nils Philippsen,2020-08-13T10:36:46+02:00,Discover app factory deterministically,1,1,1
7be45a4c5bb557cde56efac0cb85e0a9120acc37,dependabot-preview[bot],2020-08-17T08:34:56+00:00,Bump sphinx from 3.2.0 to 3.2.1,2,2,2
e071734b4e9f5c21fe65400b167ff327c6c1f7bc,dependabot-preview[bot],2020-08-17T08:37:21+00:00,Merge pull request #3734 from pallets/dependabot/pip/sphinx-3.2.1,0,2,2
1f1b65a62576bc6a2f9cd27e9a725f0554fc70c7,WolframAlph,2020-08-23T08:56:24+02:00,fixed #3738 typo in src/flask/blueprints.py,1,1,1
8952a178715c0f47f71a3600e9cfd49dd518096e,Joshua Bronson,2020-08-23T08:18:26-04:00,Merge pull request #3739 from WolframAlph/typo-fix,0,1,1
fe55f92cdc575d00204a134b2d556c1053e1ed4e,Joshua Bronson,2020-08-23T21:52:28-04:00,Fix pre-commit cache key in GitHub Actions. (#3740),1,4,1
0885e68beb2ec2ba39a4ec1fb4097d082644e228,dependabot-preview[bot],2020-08-24T08:17:04+00:00,Bump pre-commit from 2.6.0 to 2.7.1,1,1,1
6d3f87ee071ea061f0af2ba7d29b148841090b59,dependabot-preview[bot],2020-08-24T08:19:34+00:00,Merge pull request #3742 from pallets/dependabot/pip/pre-commit-2.7.1,0,1,1
5bfe236fb531045497396bc85ee5026c6c9c68eb,ongopongo,2020-08-26T09:20:21-07:00,fix typo in flask shell help (#3744),1,1,1
a1fb8f143f5deb545a10ac2758cb7a2b2bd68df3,Ryuichi Watanabe,2020-08-31T10:53:09+09:00,update cache action to v2 (#3749),1,2,2
983af125acfd26779521b3bd0c08842e935df1de,dependabot-preview[bot],2020-09-07T08:17:58+00:00,Bump tox from 3.19.0 to 3.20.0,1,1,1
baaf8642373bdc4c99a6cf6a2c54cfbb03b203ab,dependabot-preview[bot],2020-09-07T08:20:06+00:00,Merge pull request #3754 from pallets/dependabot/pip/tox-3.20.0,0,1,1
ad10d12177c99fbe0f3e07c92efc492b0171fd1c,dependabot-preview[bot],2020-09-14T08:18:57+00:00,Bump pytest from 6.0.1 to 6.0.2,2,2,2
e0d7d402e188f6b70f0cfe157a265550479afa5a,dependabot-preview[bot],2020-09-14T08:21:19+00:00,Merge pull request #3756 from pallets/dependabot/pip/pytest-6.0.2,0,2,2
de464c03e134127140e5622e230790806a133ff9,girst,2020-09-15T16:20:10+00:00,Correct Sentry advertisement (not Free Software) (#3758),1,1,1
12a4d1554689c0a0ac13988b0daf10c23c37c81d,Ebram Shehata,2020-09-26T01:52:00+02:00,Update quickstart.rst (#3767),1,1,1
598c56c4983b33cbd9178f28516ebee33dd10fdd,miquelvir,2020-09-28T15:21:59+02:00,fix grammar (#3769),1,7,8
7e312c421ee1ccd57a6f1a5c43a00e8e4ec6a7d9,sblondon,2020-09-28T16:21:13+02:00,aesthetic: add a space after a comma (#3771),1,1,1
84a4669e54cc15e1c0e681ac6c4a7ae24db05342,dependabot-preview[bot],2020-10-01T08:24:03+00:00,Bump greenlet from 0.4.16 to 0.4.17,2,2,2
4e8b0204942d89c7956f4e1a20e97b1a16ba6800,dependabot-preview[bot],2020-10-01T08:26:44+00:00,Merge pull request #3773 from pallets/dependabot/pip/greenlet-0.4.17,0,2,2
8efea0ccbbf0985e0c3c001e5bd90b4912a18f54,Bogdan Opanchuk,2020-10-03T07:05:05-07:00,Break reference cycle created by default in Flask instances.,2,29,1
bdf7083cfdeef0e0bdd0bf6d4c23b26c92b52d95,Matěj Volf,2020-10-07T17:06:29+02:00,refer to encoder instead of decoder,1,1,1
fa5aebc842c1cd19a57503984310db21aa512904,Henry Kobin,2020-10-11T19:15:19-07:00,updated Sentry link (#3788),1,1,1
8c6baeedab60e0041317c2709df100dfd216c2ef,Paul Sanders,2020-10-11T22:16:17-04:00,parametrize some tests (#3786),1,15,15
967b2350354a59a2b8ae0f5a481511353bfec136,David Lord,2020-10-15T14:01:14-07:00,Merge pull request #3728 from nphilipp/master--discover-app-factory-deterministically,0,1,1
9d824db41c930126db7bc6af5c54eec670cf086c,Jamiu Salimon,2020-10-15T22:02:54+01:00,Update the signature of the teardown function (#3730),1,1,1
c5a5d9b30bafcc242c0ae6004d71f7238e002e06,dependabot-preview[bot],2020-10-15T14:03:39-07:00,Bump pytest from 6.0.2 to 6.1.1 (#3790),2,2,4
1035efc7d6e49a459ec2dcbfab9526a7347d6f2e,Grey Li,2020-10-16T05:08:37+08:00,"Add command switch tabs for Bash, CMD and Powershell with sphinx-tabs (#3714)",14,498,126
070a0c1c759e686ac03e9cdfca64b116665df6d4,Bart Broere,2020-10-21T23:13:41+02:00,removing outdated xhtml information (#3802),1,2,3
5d60cce2429e2c7e11e9acc5ea030464bf169f84,Sebastian Höffner,2020-10-29T17:33:20+01:00,Updating external_url_handler example to Python 3 (#3816),1,1,1
76467527d6e44474cbe8982fff4e37f91214c036,Karthikeyan Singaravelan,2020-10-10T05:30:11+00:00,test Python 3.9,2,8,7
1c6dc15420b21fc325833ab2955375e9736f2e74,David Lord,2020-10-31T19:19:11-07:00,fix response bases order,1,1,1
2676973cd7d7db2ae83f1ef3034fadad8c5236da,David Lord,2020-10-31T20:03:27-07:00,"remove pre-commit job, using pre-commit.ci now",1,0,1
06495e791b59461cb8cf8c0bb3221f7fd4a14da8,David Lord,2020-10-31T20:05:25-07:00,Merge pull request #3785 from tirkarthi/add-py39,0,8,8
7c20611cdded4176cb4d17e3292137b96feec356,Viet Hung Nguyen,2020-11-01T10:09:57+07:00,mkstemp returns a file descriptor (#3809),1,1,1
a0e2aca770c756d9f7de53339e2cf9067a52df11,David Lord,2020-10-31T20:13:03-07:00,move json tests to separate file,2,402,380
6def8a4a489ce1321a44bc1947c5c86620afdb3f,David Lord,2020-10-31T20:17:04-07:00,test json.dumps for object with __html__ method,1,10,0
8ad9b41850a2d2d74d7702474d13e06e702256af,David Lord,2020-10-31T20:20:16-07:00,Merge pull request #3814 from lielfr/jsonencoder_html_test,0,412,380
65de6ccc0fc54790d84d1124f9f1236e0fc7b7d8,dependabot-preview[bot],2020-11-01T05:20:48-08:00,Bump pre-commit from 2.7.1 to 2.8.2 (#3821),1,4,3
f7e33f240ee595349a46bf4eef95e1d9bdfee3da,dependabot-preview[bot],2020-11-01T05:21:10-08:00,Bump sphinx-tabs from 1.1.13 to 1.3.0 (#3822),1,2,5
aa0c9493c67a878b4e67dbe620e0d780cf961d56,dependabot-preview[bot],2020-11-01T05:21:27-08:00,Bump tox from 3.20.0 to 3.20.1 (#3819),1,1,1
3b57c19e3bd6acf729ae40ece710b20f7f5997e7,dependabot-preview[bot],2020-11-01T05:21:41-08:00,Bump pytest from 6.1.1 to 6.1.2 (#3818),2,2,2
373f0dd82e68ab7cac7a77344e715dbe68faebd3,David Lord,2020-11-01T05:30:02-08:00,update requirements (#3823),7,33,35
7a444c5dab97d640282ec8fc4838bef2c128273f,David Lord,2020-11-04T18:00:21-08:00,update tests for new werkzeug client (#3827),4,42,36
22987b68173e9bf56cc450cb7aeb93f5480a2660,Mathurshan Vimalesvaran,2020-11-04T21:16:05-05:00,include samesite and secure when removing session cookie (#3726),3,20,3
577eec198adfb0a69f059e87c53d6ace55c55a77,Sarthak Vineet Kumar,2020-11-05T07:50:36+05:30,updated doc for mod_wsgi (#3751),1,2,2
15a49e72977d7a44ec4f54de7078053fbfb4f3b6,David Lord,2020-11-04T18:25:37-08:00,Merge branch '1.1.x',0,6,14
dc11cdb4a4627b9f8c79e47e39aa7e1357151896,David Lord,2020-11-05T09:00:57-08:00,move send_file and send_from_directory to Werkzeug,8,259,653
bbb273bb761461ab329f03ff2d9002f6cb81e2a4,David Lord,2020-11-05T09:33:13-08:00,Merge pull request #3828 from pallets/move-send-file,0,259,653
f325b8b5be07233747c2968af281552437067215,David Lord,2020-11-13T16:28:13-08:00,add lock threads workflow,1,15,0
b2464883ce2cb7fe1b5d48509dd9a3a3ea7aeb01,David Lord,2020-11-14T05:38:05-08:00,reduce lock schedule to daily,1,1,1
11798fd01b275b2dbb448c15ecdba0c9a7d973ad,pre-commit-ci[bot],2020-11-16T17:05:38+00:00,[pre-commit.ci] pre-commit autoupdate,1,1,1
d6b974f821fe37bb782a80e64174ee3180fc5215,Pedro Lourenço,2020-11-17T17:38:38+00:00,update deprecated set-env ci command (#3835),1,1,1
0855252f8c07084745fc598579ad40447a26d1f5,Pedro Lourenço,2020-11-17T17:58:43+00:00,Fix ci environment command syntax (#3836),1,1,1
cd3a93a9c1aaf8440d366cbebbc852e1033914cd,pre-commit-ci[bot],2020-11-23T17:15:58+00:00,[pre-commit.ci] pre-commit autoupdate,1,1,1
28a3eb106c20eb6c3b9064f27f07a2ca89c0a4d7,Grey Li,2020-11-24T10:51:40+08:00,Merge pull request #3842 from pallets/pre-commit-ci-update-config,0,1,1
cab8121d8f94a465c11814010f4453d1bf61008a,pre-commit-ci[bot],2020-12-21T16:44:52+00:00,[pre-commit.ci] pre-commit autoupdate,1,1,1
9b62405f349ae3ec6164d87e801aab2d214cd23a,Grey Li,2020-12-22T13:51:15+08:00,Merge pull request #3854 from pallets/pre-commit-ci-update-config,0,1,1
7d3ae48d57e1f989dfec42e98997ca8b75370c9a,jordivandooren,2020-12-30T11:57:37+01:00,fix explanation of wheel name (#3848),1,2,2
de0af038627fd4f45bfe61ca9aed36b8e10770d5,Grey Li,2020-12-30T21:00:49+08:00,Merge remote-tracking branch 'origin/1.1.x',0,2,2
e4c70eff7747abf12726d90f38d3c28006baf087,dependabot-preview[bot],2021-01-01T09:42:01+00:00,Bump sphinx from 3.2.1 to 3.4.1,2,2,2
2622739771778f2b901de5ad690ab1028c2a1df0,dependabot-preview[bot],2021-01-01T09:42:25+00:00,Bump pre-commit from 2.8.2 to 2.9.3,1,1,1
27a36f1446a9fb3639da91794b87b333ff3ab83e,dependabot-preview[bot],2021-01-01T09:44:48+00:00,Merge pull request #3855 from pallets/dependabot/pip/sphinx-3.4.1,0,2,2
50eb6e579ff403d59f8b80c17718682a240b8c08,dependabot-preview[bot],2021-01-01T09:45:22+00:00,Merge pull request #3856 from pallets/dependabot/pip/pre-commit-2.9.3,0,1,1
d1a21022e0cf6b7243ce26965a13a0b8fe371f10,dependabot-preview[bot],2021-01-01T09:46:36+00:00,Bump pip-tools from 5.3.1 to 5.5.0,1,2,2
959c64e8ceb76a059aa20cfc048c4b2ff078090a,dependabot-preview[bot],2021-01-01T09:49:25+00:00,Merge pull request #3857 from pallets/dependabot/pip/pip-tools-5.5.0,0,2,2
a7cf23a2343e04e61bb770d373a29e2666c56330,dependabot-preview[bot],2021-01-01T09:51:33+00:00,Bump packaging from 20.4 to 20.8,3,4,6
d42eac90f6e3f0c84736005a78c262a66187cc74,dependabot-preview[bot],2021-01-01T09:54:18+00:00,Merge pull request #3859 from pallets/dependabot/pip/packaging-20.8,0,4,6
eb41e7e417cbf53d19517e356381423cfd256c2f,Grey Li,2021-01-03T13:55:10+08:00,Silence pytest warnings for exception propagation test,1,2,0
da8865bd6425a8f286ffbe73a46437bf4dac8adc,Grey Li,2021-01-03T14:10:26+08:00,Bump pytest from 6.1.2 to 6.2.1,2,2,2
aff21fd8bc4d168caf481de87bb5447adccd18ad,huimingz,2021-01-03T16:00:33+08:00,Document parameter description error,1,1,1
444550ab0c2ba8b1e003dee198b5628bc58302ce,Grey Li,2021-01-03T19:52:36-06:00,Merge pull request #3862 from huimingz/patch-1,0,1,1
7d2ba3e1fc55e8d04308ede674263727c85c86d2,Grey Li,2021-01-04T10:14:36+08:00,Merge remote-tracking branch 'origin/1.1.x',0,1,1
2fab8a31ae2639b3eacdd3935d58203b09650f29,Grey Li,2021-01-04T10:32:01+08:00,Fix broken func directives in docstrings,1,3,3
54ae1cb0e902aac1bce44e2a315650d395c710b5,Grey Li,2021-01-06T22:31:23+08:00,Update the example in README,1,4,4
c676c2c4f381e8eec3932d8bd53fdbafda70aef7,David Lord,2021-01-06T07:47:29-08:00,Merge pull request #3861 from greyli/fix-pytest,0,4,2
7f206913e1ec078cebaa590f66c6d137d15bdca9,Grey Li,2021-01-06T18:57:31-06:00,Merge pull request #3866 from greyli/improve-readme-example,0,4,4
7068d0983a29eb411bcd361ef8b764a8d10684ed,Elliott King,2021-01-27T12:08:02-05:00,Clarify json error handling,1,1,1
d887d32f4d0effedb6bf40f3d2ad790036934387,David Lord,2021-01-27T10:00:02-08:00,Merge pull request #3880 from elliott-king/patch-2,0,1,1
fdba0d2526347786c05c15027e183a5ba4d81114,David Lord,2021-01-29T10:35:37-08:00,remove JSONMixin,2,17,32
1936ca8a2e1789efd6169a901a8b60ec62ceb578,David Lord,2021-01-29T10:38:40-08:00,remove BaseRequest and BaseResponse,5,5,5
14f56363a4992506f2b3670985fca4f0a29e5176,David Lord,2021-01-29T10:44:46-08:00,rename send_file add_etags to etag,2,23,4
eb42655c46f8a598f2e0ead624ba5a65a8a66e90,David Lord,2021-01-29T11:03:33-08:00,simplify BadRequestKeyError.show_exception,1,4,11
64206c13c2bff0220328845db0995f451cefd3b1,David Lord,2021-01-29T11:26:17-08:00,simplify InternalServerError.original_exception,2,5,22
055cdc2625c0cdf8cea87524f5c6bcf07f7e5005,David Lord,2021-01-29T11:29:36-08:00,click detects program name when run as module,2,4,4
81ba6c24efea58dd00c093448fa2e529c0cda507,David Lord,2021-02-01T19:14:58-08:00,remove Jinja 'autoescape' and 'with' extensions,1,1,1
9f7ac04aaf008305770b04ec64b671e916994749,David Lord,2021-02-01T19:20:20-08:00,Merge pull request #3894 from pallets/update-werkzeug,0,59,79
78bcf1d8c6e9a63ea818d2febaa56c4878e90db6,dependabot-preview[bot],2021-02-02T03:27:50+00:00,Bump tox from 3.20.1 to 3.21.3,1,123,49
557e2147dd9c61a4f8ee5cab1d51c1bc355bc5f3,dependabot-preview[bot],2021-02-02T03:31:20+00:00,Merge pull request #3885 from pallets/dependabot/pip/tox-3.21.3,0,123,49
b379bd4a781ed09c8f2d8d0756fb4bed1cc598a8,dependabot-preview[bot],2021-02-02T03:33:13+00:00,Bump pre-commit from 2.9.3 to 2.10.0,1,1,1
5ecbf1e3337e7622b6508791b6c095cf91b7c544,dependabot-preview[bot],2021-02-02T03:33:16+00:00,Bump greenlet from 0.4.17 to 1.0.0,2,23,12
c52ffa8ae7252a45b14e8cfa53b0fe5988210388,dependabot-preview[bot],2021-02-02T03:33:21+00:00,Bump sphinx-tabs from 1.3.0 to 2.0.0,2,65,28
963f68abf43a4dc22aae2e6cededc216feaa4366,dependabot-preview[bot],2021-02-02T03:35:44+00:00,Merge pull request #3890 from pallets/dependabot/pip/sphinx-tabs-2.0.0,0,65,28
d1b36ced14f15747554594567f133b8fad28ceac,dependabot-preview[bot],2021-02-02T03:35:58+00:00,Merge pull request #3892 from pallets/dependabot/pip/pre-commit-2.10.0,0,1,1
7eebe22cf517702cd26a18ae95e75e83ec587cc5,dependabot-preview[bot],2021-02-02T03:37:40+00:00,Bump sphinx from 3.4.1 to 3.4.3,2,2,2
296bd2f4cc0141db11629d1339359771cc4eba38,dependabot-preview[bot],2021-02-02T03:37:53+00:00,Bump jinja2 from 2.11.2 to 2.11.3,2,2,2
096ac67b97f5ca5f3ccd44f45847cf341a3e1c32,dependabot-preview[bot],2021-02-02T03:39:08+00:00,Merge pull request #3891 from pallets/dependabot/pip/greenlet-1.0.0,0,23,12
510268e91415aa2e759436eb148bfd5e12f313e5,dependabot-preview[bot],2021-02-02T03:41:04+00:00,Bump pytest from 6.2.1 to 6.2.2,2,2,2
e783424fbb207a7ea1656cb906e02e1185d7883a,dependabot-preview[bot],2021-02-02T03:42:43+00:00,Merge pull request #3888 from pallets/dependabot/pip/sphinx-3.4.3,0,2,2
6c828c3bbae18d10844524046f63fb3a26807dea,dependabot-preview[bot],2021-02-02T03:43:43+00:00,Merge pull request #3889 from pallets/dependabot/pip/pytest-6.2.2,0,2,2
8b28c218c93a79780b5d6182ca8433da2f2fac7f,dependabot-preview[bot],2021-02-02T03:44:56+00:00,Merge pull request #3886 from pallets/dependabot/pip/jinja2-2.11.3,0,2,2
fb5f04a8c71499391bab37aa4004ecc652724e0d,dependabot-preview[bot],2021-02-02T03:45:39+00:00,Bump packaging from 20.8 to 20.9,3,3,3
93261454e6d0bc1c3c7bea5c69a3cbd2846984b6,dependabot-preview[bot],2021-02-02T03:49:49+00:00,Merge pull request #3887 from pallets/dependabot/pip/packaging-20.9,0,3,3
d55ee5b91759c411d90ebb2046466fb27640d5ff,pre-commit-ci[bot],2021-02-01T16:50:13+00:00,[pre-commit.ci] pre-commit autoupdate,1,1,1
6355f121761a79e878d3b96b82d097196341271a,David Lord,2021-02-01T19:59:58-08:00,Merge pull request #3893 from pallets/pre-commit-ci-update-config,0,1,1
451c1f87f39253c35360f3e9e004df19e0c74638,Tony De La Nuez,2021-01-30T16:36:47-06:00,got_request_exception only sends unhandled exceptions,1,22,8
15f0fc2d24a6e5cc35216b81b360be6ab89a7a4c,David Lord,2021-02-01T20:31:57-08:00,Merge pull request #3883 from tonydelanuez/clarify-got-request-exception,0,22,8
01621485fdad733b0886117d59bea1adac8d4fcc,Matthew Preble,2020-10-16T20:57:56-05:00,Ensure session_interface.open_session is called after URL matching (#3776),3,28,3
fdf5d11b515aa2d0937ccc31ef7f20b94d3a8794,David Lord,2021-02-01T20:45:02-08:00,Merge pull request #3794 from mbpreble/open-session-request-endpoint-none,0,28,3
b473e7c97c7c557e64fb84236c7d346b6ad16736,David Lord,2021-02-01T22:41:49-08:00,use Jinja's tojson filter,7,28,88
192f4ae0b2a4e7d73c0b0472e53e33250175d786,David Lord,2021-02-01T22:57:42-08:00,Merge pull request #3895 from pallets/jinja-tojson,0,28,88
0ee1b0b5d9712b6cf2f22429db98549e1a0c8cb8,David Lord,2021-02-08T18:04:02-08:00,remove test relying on Werkzeug Local internals,1,0,54
ff3fb96896ef2814b695c0689009434368ca9ca3,David Lord,2021-02-08T18:11:47-08:00,Merge pull request #3903 from pallets/update-werkzeug,0,0,54
3fe23bf899d3454eb7e7fd1eb0b7a812497cd365,pre-commit-ci[bot],2021-02-08T16:50:03+00:00,[pre-commit.ci] pre-commit autoupdate,1,2,2
ee089488ad948dfeac4cddd53ae0f07935ed2ab5,David Lord,2021-02-08T18:17:33-08:00,Merge pull request #3901 from pallets/pre-commit-ci-update-config,0,2,2
bfd4dc6d3065b87130b246f377cfc250fecec58b,David Lord,2021-02-08T18:15:26-08:00,update test config,2,3,14
571e638e2accf8cff6682227a564ffd5deac7e67,David Lord,2021-02-08T18:17:24-08:00,update issue templates,6,83,45
dbe76bb75d597401d33ef428d79540797e9297b3,David Lord,2021-02-08T18:20:48-08:00,add security policy,1,19,0
3c00658772983f95016d300a87951da45e8d0701,David Lord,2021-02-08T18:23:10-08:00,update requirements,3,27,27
b496d8b7cb72f29dc91d2859829caedae25d62ea,David Lord,2021-02-08T18:26:37-08:00,update contributing guide,1,18,17
adeaf27e767f7bd37996d999eba135d63e890408,David Lord,2021-02-08T18:32:18-08:00,Merge pull request #3904 from pallets/update-project,0,150,103
8d9501598ff066706c1300a9f6f5193912f2cb4d,David Lord,2021-02-16T08:36:14-08:00,use rtd to build docs for prs,2,9,1
76abbe9062ee6752d94003c9ca72fe2db5caf100,Grey Li,2021-02-19T22:59:09+08:00,Remove the mention of Flask-OAuth in the extension dev docs,1,1,5
aee3f3fee974ffb8e2ed7848c9e5744df5d7a5de,David Lord,2021-02-19T07:21:18-08:00,Merge pull request #3916 from greyli/fix-extdev-docs,0,1,5
3cd615a1d6db7e319c27bca2499ab7390065f090,David Lord,2021-02-24T10:09:15-08:00,update project links,3,26,18
9e7d3a6b694b27f997266889ae463e06dd83a189,David Lord,2021-02-24T10:09:38-08:00,docs rename changelog to changes,4,4,5
0c7cbe2d1186f53efcd0da0589a2eaf0382e4d39,David Lord,2021-02-24T10:09:50-08:00,move version to setup.cfg,2,1,7
dcd3b5c8f86c70c34a4487a943300cbf6adce9aa,David Lord,2021-02-24T10:35:16-08:00,Merge pull request #3922 from pallets/consistency,0,40,31
49b7341a491e01cd6a08238ca63bd46ae53a009f,Grey Li,2021-02-25T09:42:44-08:00,update json.dumps for http_date changes,3,12,17
4846e25e92638a1db5aa2b41f65eed7585366109,David Lord,2021-02-25T09:51:58-08:00,Merge pull request #3917 from greyli/fix-date-parse,0,12,17
6e7869ec49a42c1d7964fb8a62eded25b0321970,dependabot-preview[bot],2021-03-01T15:15:58+00:00,Bump tox from 3.21.4 to 3.22.0,1,1,1
1748bb02eb29760796c2e6f59e7c9d77ccaeda2e,dependabot-preview[bot],2021-03-01T15:17:54+00:00,Bump sphinx from 3.4.3 to 3.5.1,2,2,2
e4e66186c319481a162236777b41e52fe269d5ff,dependabot-preview[bot],2021-03-01T15:22:59+00:00,Merge pull request #3925 from pallets/dependabot/pip/tox-3.22.0,0,1,1
82d69cd06c7ff738774c5ab7ef48bc6251f5c014,dependabot-preview[bot],2021-03-01T15:25:15+00:00,Merge pull request #3926 from pallets/dependabot/pip/sphinx-3.5.1,0,2,2
705e52684a9063889c16a289695a2e4429df6887,pgjones,2021-02-14T11:08:21+00:00,Add syntatic sugar for route registration,3,61,0
5fea7caba29b872e5b2e3511d1c1732d0fe1ba3e,David Lord,2021-03-08T08:57:58-08:00,Merge pull request #3907 from pgjones/sugar,0,61,0
fd62210f583e90764be6e8d9f295f37f33a65e48,pgjones,2021-02-21T12:55:30+00:00,Utilise defaultdicts,3,23,21
83d358d2c43c79b7d7fe5365e079447296c65eaf,pgjones,2021-02-23T20:19:53+00:00,"remove _blueprint_order, dicts are ordered",1,5,6
6d9d79c70da0104474564dfed510fc74eef1cb85,David Lord,2021-03-08T10:15:26-08:00,Merge pull request #3918 from pgjones/defaultdict,0,28,27
33145c36991c503aeb1e5870c27b720ec80d5079,Grey Li,2021-03-10T21:40:29+08:00,Set default encoding to UTF-8 for load_dotenv,3,9,4
3316604822644889a373018490f2534a1dafd9aa,David Lord,2021-03-10T06:30:24-08:00,Merge pull request #3932 from greyli/set-encoding,0,9,4
9f7c602a84faa8371be4ece23e4405282d1283d2,David Lord,2021-03-08T12:16:39-08:00,move _PackageBoundObject into Scaffold,3,344,353
7029674775023c076a1dc03367214d178423809a,David Lord,2021-03-08T15:05:47-08:00,rewrite Scaffold docs,3,208,169
25ab05e6a2ae248ab76002807d47c23952492f17,David Lord,2021-03-09T08:06:43-08:00,remove old note about InternalServerError,1,0,6
ef52e3e4a379b16a8b906ff101c6edae71d80dc9,David Lord,2021-03-10T10:11:26-08:00,remove redundant _register_error_handler,1,2,11
3dfc12e8d82a66c4041783fcaec58a7a24dbe348,David Lord,2021-03-10T10:51:06-08:00,only extend on first registration,1,44,49
510c38cc63fd1d88772d6680713c38dd83e277b4,David Lord,2021-03-10T11:02:16-08:00,Merge pull request #3933 from pallets/more-scaffold,0,590,580
46d8e90f29d5363239ad02446eaf535c2a6b2308,pre-commit-ci[bot],2021-03-15T17:00:57+00:00,[pre-commit.ci] pre-commit autoupdate,1,1,1
020331522be03389004e012e008ad7db81ef8116,David Lord,2021-03-15T11:36:59-07:00,Merge pull request #3937 from pallets/pre-commit-ci-update-config,0,1,1
6eeaa2e50d2e3ff776085d0b28d58d1db65a0538,kangetsu121,2021-03-16T16:30:54+00:00,fix a broken link,1,1,1
1672c5f565c9bba0269e2c5ef3f2cc7038551641,David Lord,2021-03-16T10:16:59-07:00,Merge pull request #3939 from kangetsu121/fix_link_and_typo,0,1,1
06fd6aca27cca6eae7ab00379f5ad9300e339d11,pre-commit-ci[bot],2021-03-22T17:04:33+00:00,[pre-commit.ci] pre-commit autoupdate,1,1,1
ecb3450f19d3d817b4b857bb5831b309131b37e1,David Lord,2021-03-22T10:50:37-07:00,Merge pull request #3943 from pallets/pre-commit-ci-update-config,0,1,1
70b58c82d9d19932ea3049415a785718e07c830e,pre-commit-ci[bot],2021-04-05T17:10:21+00:00,[pre-commit.ci] pre-commit autoupdate,1,1,1
85b8fab268cda37c18cf77b6de3129da28adeb87,David Lord,2021-04-05T10:24:22-07:00,Merge pull request #3952 from pallets/pre-commit-ci-update-config,0,1,1
6979265fa643ed982d062f38d386c37bbbef0d9b,pgjones,2020-07-06T20:54:26+01:00,Add `async` support,11,165,9
c6c6408c3fb96245a2e2afc4b754cdf065fdad47,pgjones,2021-02-10T21:14:58+00:00,Raise a runtime error if run_async is called without real ContextVars,3,19,1
285a873ce921c1f2c52f15e1f58bcd3eae39596e,dependabot-preview[bot],2021-04-06T17:46:53+00:00,[Security] Bump urllib3 from 1.26.3 to 1.26.4,2,2,2
9ddef0144ff47c74addb87433edb776219eb09da,dependabot-preview[bot],2021-04-06T17:49:45+00:00,Merge pull request #3955 from pallets/dependabot/pip/urllib3-1.26.4,0,2,2
00f5a3e55ca3b6dd4e98044ab76f055dc74997ac,pgjones,2021-03-24T20:47:55+00:00,Alter ensure_sync implementation to support extensions,5,169,32
61fbae866478c19ea5f5c3b9b571a4fad0ba7e5c,David Lord,2021-04-06T15:31:16-07:00,skip async tests if asgiref isn't installed,1,2,0
dc3e9c0cc36b7945431454ea1543da4e33023bb2,David Lord,2021-04-06T15:31:28-07:00,update async docs,7,109,65
1a79d2d235e11d5c2284c8ecfffb9cd192ac769e,David Lord,2021-04-07T05:32:20-07:00,Merge pull request #3412 from pgjones/async,0,380,23
08693ae91783bef4f13346d73472b45a40f26c6c,pre-commit-ci[bot],2021-04-12T17:12:29+00:00,[pre-commit.ci] pre-commit autoupdate,1,1,1
5f03ad3004c41f2e0356f0332ea09e67192c5fab,David Lord,2021-04-12T10:24:22-07:00,Merge pull request #3958 from pallets/pre-commit-ci-update-config,0,1,1
6d5ccdefe29292974d0bb8e1d80dcd1a06f28368,pgjones,2021-04-11T09:10:54+01:00,Bugfix iscoroutinefunction with Python3.7,1,16,1
85dce2c836fe03aefc07b7f4e0aec575e170f1cd,David Lord,2021-04-12T11:47:24-07:00,Merge pull request #3957 from pgjones/fix,0,16,1
f92e820b4bf357e9792d08ce398802715a63eafe,pgjones,2021-02-24T21:18:12+00:00,Nested blueprints,5,154,56
64213fc0214c1044fa2c9e60d0e2683e75d125c0,David Lord,2021-04-14T09:30:48-07:00,Merge pull request #3923 from pgjones/nested,0,154,56
32272da9ac6e16fa22d3401b2d995d5bf3db9492,David Lord,2021-04-14T10:01:32-07:00,shell calls sys.__interativehook__,2,20,0
16f51ef79989e5d7677e8241a438fe37836a994d,David Lord,2021-04-14T10:06:50-07:00,Merge pull request #3960 from pallets/shell-interactive-hook,0,20,0
8ab4967703c2f5c500174f46b672d80e32f55d85,David Lord,2021-04-15T15:58:24-07:00,consistent versions and deprecation messages,4,26,23
5a7a4ab4c5eed63a23762e09b7e6a739375ad0f0,David Lord,2021-04-15T22:59:21-07:00,locked_cached_property subclasses cached_property,1,19,20
f3ed1322a6d28470c259d6948906acd93bddb78b,David Lord,2021-04-15T23:14:24-07:00,Merge pull request #3962 from pallets/cached-property,0,19,20
85b430a3669191ee0d092393f98c0dae47218cab,David Lord,2021-04-15T23:05:24-07:00,deprecate total_seconds,3,13,2
ec27677f956859fb91c87c4ec7e2766873e67bc0,David Lord,2021-04-15T23:07:41-07:00,remove _os_alt_seps,1,0,7
fab26dcbe9215492420d28c47d50167716faaf4f,David Lord,2021-04-15T23:18:39-07:00,Merge pull request #3963 from pallets/deprecate-helpers,0,13,9
5c6a0f0c121297362b4c78e4240dd8445b9d9f12,pgjones,2021-04-16T12:34:51+01:00,Fix wrapped view function comparison,3,5,1
39887ee4dfafb172312ba7db8c60728dd7181f9f,David Lord,2021-04-16T06:28:53-07:00,Merge pull request #3964 from pgjones/fix,0,5,1
6f09b4b5ed9cb63aacd57606159c0dae0c015ae0,David Lord,2021-04-16T08:37:56-07:00,Merge remote-tracking branch 'origin/1.1.x' into release-2.0.0rc1,0,1,1
e00a4a4b445b07a10ad79b4bfef78d1f57bb3b66,David Lord,2021-04-16T08:43:31-07:00,update pallets-sphinx-themes,3,5,6
078a3c3631b43e3c85123d7fc44270be6c05a4db,David Lord,2021-04-16T08:44:18-07:00,update requirements,4,21,18
afda0ed9f2e8e45b152919573858627a1cc86d3a,David Lord,2021-04-16T08:44:30-07:00,update deprecated pre-commit hook,1,1,1
07000942dacaeffa84d9db57ea42570fcfb0395e,David Lord,2021-04-16T08:45:04-07:00,update minimum install requirements,1,4,4
7df5db7b0c78b0588f82f2148b51461f94320b90,David Lord,2021-04-16T08:45:26-07:00,release version 2.0.0rc1,1,1,1
34eb0dad154177825885d0b9d895538f26a8aee8,David Lord,2021-04-16T08:52:35-07:00,Merge pull request #3965 from pallets/release-2.0.0rc1,0,33,31
1c3b53c5db3c9c0f7a1f1650b020e6302705395b,pgjones,2021-04-17T11:27:38+01:00,Update the docs on serving with ASGI,2,28,0
f74cce164e2065a866bf6d89e53fa5a4b4840cf2,pgjones,2021-04-17T11:49:24+01:00,Update documentation on asyncio background tasks,2,19,0
03db9194d8d229d04e6a37b14bbe2499d23922d5,David Lord,2021-04-17T07:34:56-07:00,Merge pull request #3967 from pgjones/docs,0,47,0
c791f6312b092678c2a152d0605e49c26831cb05,Grey Li,2021-04-22T20:34:55+08:00,Fix typo in issue template,1,1,1
e6e75e55470a0682ee8370e6d68062e515a248b9,David Lord,2021-04-24T07:31:16-07:00,changelog for bumped pallets versions,1,3,0
f405c6f19e002ae13708cb33f6d48257cc1ea37a,pgjones,2021-04-23T09:44:15+01:00,Initial typing support,7,49,0
77237093da25438c88b0a74c374a397d4bf823eb,pgjones,2021-04-24T12:22:26+01:00,Add initial type hints,20,820,461
b373e7a456f1be4efb6f27c4a21af0dd04260229,pre-commit-ci[bot],2021-04-26T17:21:56+00:00,[pre-commit.ci] pre-commit autoupdate,1,3,3
b8ddd52a0dffe33d7a083cd949479835d6ae2787,Grey Li,2021-04-27T09:47:43+08:00,Merge pull request #3974 from pallets/pre-commit-ci-update-config,0,3,3
1a8549debb914eecc85cf63034093b55792c7e8f,David Lord,2021-04-27T07:32:10-07:00,Merge pull request #3973 from pgjones/typing,0,869,461
10b0d6b33f7a4414fd3f4474c0deceed2e40117e,Adrian Moennich,2021-04-24T18:35:41+02:00,Move get_root_path back to flask.helpers,2,52,49
26a6cc0f94dd25390e2b2d7462bb4a414a862b16,Adrian Moennich,2021-04-24T20:01:09+02:00,Allow using Click 7 with a DeprecationWarning,5,26,3
1ccf063f80a7f104d6f7ee62fc9bedb4b94b249c,David Lord,2021-04-27T07:55:26-07:00,Merge pull request #3971 from ThiefMaster/get-root-path,0,52,49
77db3d5ede84bfdc6973154426973886b979f870,David Lord,2021-04-27T07:58:25-07:00,Merge pull request #3972 from ThiefMaster/click-7,0,26,3
9be01564f28ed49cbf55049265bd578c7a7257e1,Grey Li,2021-04-28T14:02:19+08:00,Update changelog for #3932,1,2,0
d124214129fd76cd620736f9dadc5e726eb8f34f,dependabot-preview[bot],2021-04-28T16:46:45+00:00,Upgrade to GitHub-native Dependabot,1,8,0
0d63f1021d3608580f86e82448922922bf6300e5,David Lord,2021-04-28T13:53:29-07:00,Merge pull request #3983 from pallets/dependabot/add-v2-config-file,0,8,0
36e6ec45a9885fb1a6a22b0eb15b8810a8712418,dependabot[bot],2021-04-28T20:54:53+00:00,Bump pre-commit from 2.12.0 to 2.12.1,1,1,1
83b2f8f0f15053561c08c93ffe0de4a8a5adf829,dependabot[bot],2021-04-28T20:59:01+00:00,Merge pull request #3984 from pallets/dependabot/pip/pre-commit-2.12.1,0,1,1
ec044a24e10d2bd3c730f69909cd44639b469fd0,Grey Li,2021-04-29T07:40:11+08:00,Add tips for using async on Windows on Python 3.8,1,6,0
0c198dffc34f30883d9056c4e42e9858edd06e96,David Lord,2021-04-29T10:11:09-07:00,Merge pull request #3985 from greyli/async-note,0,6,0
467d2e2a437c73fc8eabdd887efe0453663939c3,dependabot[bot],2021-05-01T08:02:41+00:00,Bump python-dotenv from 0.17.0 to 0.17.1,2,2,2
98fbb6a3a722b7e3b6fd7152a15f4f234651a821,David Lord,2021-05-01T05:08:44-07:00,Merge pull request #3986 from pallets/dependabot/pip/python-dotenv-0.17.1,0,2,2
8bfce88e39dd427dc1258a04c6b0cafa9667ff3e,Joshua Bronson,2021-05-02T16:05:08-04:00,Minor docs fixes. (#3988),1,4,4
188f4785adc4eddd0b185f33b400c2812915624f,Grey Li,2021-05-03T08:09:40+08:00,Merge pull request #3976 from greyli/update-changelog,0,2,0
cb13128cf03b2f1b3c5b48eab518e57e7b5f6516,pgjones,2021-05-02T20:23:08+01:00,Remove context copying from run_async function,1,4,29
7f87f3dd93baf45d5f69f02a2dcf4493dfc4a1be,pgjones,2021-05-02T20:49:46+01:00,Simplify the async handling code,6,53,68
2889da67cb15ac6d5d882781d54014286d9ae010,pgjones,2021-05-03T10:59:28+01:00,Remove the async helper method,3,34,28
47f0e799db8d8e379a1fd9bf48ce3a8b7d5bfe73,David Lord,2021-05-03T06:23:00-07:00,Merge pull request #3989 from pgjones/async,0,74,108
e2b7d1056c6c8f6f26a4b9dfcc5dc4b2ef87f573,David Lord,2021-05-03T07:02:42-07:00,release version 2.0.0rc2,1,1,1
d7ac6f5bcf324e7fc588e501b2f18669efd5a12a,David Lord,2021-05-03T07:13:43-07:00,Merge pull request #3991 from pallets/release-2.0.0rc2,0,1,1
c93a2d76d5874f2cb175b7e91407dc6c877e0139,pre-commit-ci[bot],2021-05-03T17:21:04+00:00,[pre-commit.ci] pre-commit autoupdate,1,2,2
3c9b85469ef4abda1e996a5ec0e7bef0f1a0b394,David Lord,2021-05-03T11:13:36-07:00,Merge pull request #3992 from pallets/pre-commit-ci-update-config,0,2,2
95e5843ad51b025098ee33acbf273bafef26a1d8,pre-commit-ci[bot],2021-05-10T20:25:42+00:00,[pre-commit.ci] pre-commit autoupdate,1,3,3
e1b3a053ba426e5b1aa7bd2af138e03c7f303592,David Lord,2021-05-10T13:41:53-07:00,Merge pull request #4002 from pallets/pre-commit-ci-update-config,0,3,3
79ac96f1239601eb12f6f69fcb3ce6cb269ac5fb,David Lord,2021-05-10T22:45:42-07:00,show type hints in description,1,1,0
2c88e8a0aa7ee724b844cbe48013a1e7314e9049,David Lord,2021-05-10T22:51:02-07:00,Merge pull request #4003 from pallets/autodoc-typehints,0,1,0
531671c9c5177f24e79a3062e2dc5d0aa60c29af,Grey Li,2021-05-06T09:27:35+08:00,Improve the wording of using FLASK_APP,2,14,8
28262c34c67eb1adeefb847c27b8cefa090970fa,David Lord,2021-05-10T23:50:04-07:00,Merge pull request #3999 from greyli/improve-cli-docs,0,14,8
8b72f6abd72b32225299c57c981180df35a89547,David Lord,2021-05-11T06:57:24-07:00,update pre-commit monthly,1,2,0
9c1e7f6cdc6916d268aa9c44d46c06f5769fdcf0,David Lord,2021-05-11T07:07:12-07:00,Merge pull request #4005 from pallets/pre-commit-ci-schedule,0,2,0
f8f0caf5c6e560b8e7fd322cbfd140c2bf7aa61b,David Lord,2021-05-11T14:28:21-07:00,update requirements,6,44,27
3a5532b4ed0db5cfd826e7fd2006ede6e873b028,David Lord,2021-05-11T14:28:49-07:00,update pallets projects minimum versions,2,4,13
1403d35e2a107e0fc693a09898cf605bb18989ad,David Lord,2021-05-11T14:41:45-07:00,update type annotations,3,10,7
f8e63d39913f9a7bb887066025724569aa3423a6,David Lord,2021-05-11T14:30:47-07:00,release version 2.0.0,2,2,2
2f0c62f5e6e290843f03c1fa70817c7a3c7fd661,David Lord,2021-05-11T14:43:42-07:00,Merge pull request #4007 from pallets/release-2.0.0,0,60,49
6fb1101f7075b4ff8197f3ef3b9fecfa41dc34ee,David Lord,2021-05-11T14:48:08-07:00,start version 2.0.1.dev0,2,7,1
2846abaefed01f1da0d58ca3a83a2a09bea71e9c,David Lord,2021-05-11T14:48:48-07:00,start version 2.1.0.dev0,2,7,1
80a4e62096f4010235823180462b4d6e058d025a,David Lord,2021-05-11T14:50:16-07:00,update click minimum version,2,3,1
905e5c23e8c5f6362b38ec1b5526fe999f491229,David Lord,2021-05-11T14:56:25-07:00,Merge pull request #4008 from pallets/update-click,0,3,1
52adf2ec219a0cb9abcfd116ec104c9a362c602a,David Lord,2021-05-11T15:18:41-07:00,rename default branch in files,5,9,9
15b2241b5173833bc0c9cadaaff9a05fd4e064e2,David Lord,2021-05-11T15:24:15-07:00,Merge pull request #4010 from pallets/default-branch,0,9,9
19f458f9cd6c56c6d07c1020e1e4ba32b31edc86,David Lord,2021-05-11T15:26:38-07:00,Merge remote-tracking branch 'origin/2.0.x',0,9,9
2ddbceeaa91b77cd6b837035c5697ac5b94fafab,Adrian Moennich,2021-05-12T00:28:56+02:00,Install sphinx 4.1-dev from git,3,9,13
48325dbfb8a3d38966c62c17ba05882f28070981,David Lord,2021-05-11T16:33:24-07:00,Merge pull request #4011 from ThiefMaster/fix-sphinx-build,0,9,13
22d82e70b3647ed16c7d959a939daf533377382b,David Lord,2021-05-11T16:33:46-07:00,Merge remote-tracking branch 'origin/2.0.x',0,9,13
57b19fda540b596cd211ac864362485e09be203b,Grey Li,2021-05-12T12:58:23+08:00,Fix typo in the example of nesting bp docs,1,2,2
d575de5159a6e40944275763c9ada2801214058b,Grey Li,2021-05-12T12:58:23+08:00,Fix typo in the example of nesting bp docs,1,2,2
2889ea4dd9bfee0d4b63a435c5a8d20337770f9c,Andrew J Roth,2021-05-12T09:14:34-04:00,Added Google Cloud Run as a Hosted option,1,1,0
80d9519a9c6f6e84d93432a675326da0a983bd46,David Lord,2021-05-12T06:40:57-07:00,Merge pull request #4021 from andrewjroth/patch-1,0,1,0
fc82dd50e39700b14799df17578e2497b8f0248c,Grey Li,2021-05-12T19:04:20+08:00,Re-add filename param for send_from_directory,2,19,1
d906c71e99b0d6004490b4c68d249dade898e9c5,David Lord,2021-05-12T10:23:08-07:00,Merge pull request #4019 from greyli/re-add-filename,0,19,1
14921608871f15f8c34d48026473293e225ad608,oleksis,2021-05-13T03:54:41-04:00,Fix Fork link,1,1,1
c121e8cea7624a764e7cfa97cc9e94f261050e10,Grey Li,2021-05-13T16:00:48+08:00,Merge pull request #4034 from oleksis/2.0.x,0,1,1
89475e5d1e3e25ce56c9d9411496528f4a1ba82b,David Lord,2021-05-12T12:47:49-07:00,mark top-level names as exported,2,43,41
2baaa8fd8ebdd0f7bf7a24bff4855ef53476c92d,David Lord,2021-05-13T11:32:19-07:00,fix annotation for g object,1,5,3
6fe7f45725dd0fc94fb3ce7ab3b3ff477b10401a,David Lord,2021-05-13T11:33:01-07:00,inform mypy that g has arbitrary attributes,2,22,2
25884c433f1eddf4537694d4c5f9f78cd9a14955,David Lord,2021-05-13T12:53:32-07:00,fix typing that wasn't available in Python 3.6.0,4,7,3
6414df97562e623221c1ee2072d38e84f87b02d9,David Lord,2021-05-13T13:09:49-07:00,Merge pull request #4042 from pallets/update-typing,0,77,49
d5aadba4d34f6070377e88429b178ba08eea5349,Grey Li,2021-05-12T22:52:25+08:00,improve type hints for send_file and send_from_directory,3,32,22
d8c37f43724cd9fb0870f77877b7c4c7e38a19e0,David Lord,2021-05-13T13:35:12-07:00,Merge pull request #4026 from greyli/improve-type-hints,0,32,22
7c5261407dae61679c268b44c63d73909c3fe652,David Lord,2021-05-13T14:31:50-07:00,blueprint name may not contain a dot,4,28,85
08e459e823235eecd86c635653f4bd6d6003c2b3,David Lord,2021-05-13T14:34:28-07:00,Merge pull request #4045 from pallets/blueprint-name-dot,0,28,85
e93704fbfd5f40e48f8fe9034b6b0fe420d28fb3,Grey Li,2021-05-13T18:26:24+08:00,fix url_prefix argument when nesting blueprints,3,45,6
f3551c8b907d468b6dc8a11a14384333d6126014,David Lord,2021-05-13T15:27:41-07:00,Merge pull request #4036 from greyli/fix-nesting-bp,0,45,6
4240ace59710d86c478111affd4ad6fb4c8cad9e,David Lord,2021-05-13T16:01:23-07:00,Merge remote-tracking branch 'origin/2.0.x',0,202,163
6d8b4ce9d037937ef8694067ab5754666240d097,David Lord,2021-05-13T16:16:04-07:00,set maximum versions of pallets dependencies,3,11,9
ae647b5750192c7590f176ab4d7e16b44bb50ea6,David Lord,2021-05-13T16:20:28-07:00,Merge pull request #4047 from pallets/maximum-versions,0,11,9
661bbcdb90ee82baded66ae0733cb87ea5f464ef,David Lord,2021-05-13T16:22:57-07:00,release version 1.1.3,2,2,2
c04b0de558fe8e1ccb8edb4525d40e725ae9a24d,David Lord,2021-05-13T16:24:21-07:00,Merge pull request #4048 from pallets/release-1.1.3,0,2,2
5bd959fbec98cb14c785868e8890d6850971038e,David Lord,2021-05-13T16:34:58-07:00,Merge branch '1.1.x' into 2.0.x,0,16,5
1ce0f774c947ee39924cf6604e444b23c51e4cec,David Lord,2021-05-13T16:36:10-07:00,Merge branch '2.0.x',0,16,5
3ace642ef32eae3fa096bef85a87545eba3f53fc,brettlangdon,2021-05-13T20:19:02-04:00,Use compat fspath instead of os.fspath,4,9,3
5f8d3ea2fcb4a17373653d900b060259fefb11bb,David Lord,2021-05-13T18:19:46-07:00,Merge pull request #4049 from brettlangdon/fix.os.fspath,0,9,3
64a5d7a018aadcb5d7d868a782a04d1b599ef89b,David Lord,2021-05-13T18:22:56-07:00,release version 1.1.4,2,3,3
1ca199f9b38b70a4e97cb47a4252ffd7fccc008c,David Lord,2021-05-13T18:44:46-07:00,Merge pull request #4051 from pallets/release-1.1.4,0,3,3
864875099762fd0209bacbb26985ce2bcd7f2ec0,David Lord,2021-05-13T18:47:06-07:00,Merge branch '1.1.x' into 2.0.x,0,9,1
636f195bb538864053bd0cc8b37844818a1fcd3d,David Lord,2021-05-13T18:47:43-07:00,Merge branch '2.0.x',0,9,1
a7b02b3a07ae292ce376df2459eae3ffb4c06d52,David Lord,2021-05-14T08:11:09-07:00,converters have access to session,4,28,16
9039534eee6a87da98a1dee9e4338d1b73e861f8,David Lord,2021-05-14T08:17:37-07:00,Merge pull request #4055 from pallets/converter-session,0,28,16
6e0fb117171ff3e57cf536952991f9ce01d130a5,David Lord,2021-05-14T08:23:44-07:00,Merge pull request #4056 from pallets/converter-session,0,28,16
9c186ccfe8fa4156123e9252a6e8a9cc68bfecab,Rafael Aviles,2021-05-14T13:23:34-07:00,Use escape function in return statement for username and subpath.,1,2,2
f64fff64762c96b4ec1752f9a4e261fdc2ba4e33,David Lord,2021-05-14T13:54:21-07:00,Merge pull request #4057 from rafaVls/unused-escape-import,0,2,2
6fbdeb80c76b8a698ab366d21ccd786731b17361,pgjones,2021-05-16T19:32:29+01:00,Fix nested blueprint url_prefix,2,16,0
1c3052377b18055cbfbbbdd297dd19a5c43c55a6,David Lord,2021-05-17T07:56:20-07:00,Merge pull request #4063 from pgjones/bp-fix,0,16,0
1b5f21e015e2c4f36fcdb34a09ce93787d59e181,Danny Sepler,2021-05-16T22:34:32-04:00,Add pathlib in cli tests,1,16,27
19b905eeef7e47841318ec9e455c9369770f22e2,David Lord,2021-05-17T08:51:30-07:00,Merge pull request #4066 from dannysepler/pathlib-in-test,0,16,27
afc907fd0d4a4e96398829d75ded9711a3046070,David Lord,2021-05-17T16:03:12-07:00,use _typeshed.wsgi instead of wsgiref.types,1,1,1
b5518e23f5b85ba6e069a8151ed42209947f3849,David Lord,2021-05-17T16:06:10-07:00,Merge pull request #4072 from pallets/typeshed,0,1,1
10425fb9b13d977128f18c1051fb93edc9aee2de,David Lord,2021-05-20T12:35:43-07:00,re-add deprecated Config.from_json method,2,27,0
69e6d59ac8dd5ba6a5242acafa5b50c7b56c84d1,David Lord,2021-05-20T13:52:09-07:00,Merge pull request #4081 from pallets/config-json,0,27,0
cfda27089932a102953da73fdab17cf9814334e4,David Lord,2021-05-20T21:03:02-07:00,update pallets-sphinx-themes,3,5,5
9889ca8bcabbb1b1290ca4403b0242e01bae4c47,David Lord,2021-05-20T21:03:33-07:00,update pallets and sphinx requirements,3,9,9
0cfce9a0ec62795091af6f548cf3ca45f0dac448,David Lord,2021-05-20T21:05:36-07:00,Merge pull request #4084 from pallets/update-theme,0,14,14
83f7efa04708a22c9701488f0f29b59c2b756bef,David Lord,2021-05-20T21:05:59-07:00,Merge branch '2.0.x',0,76,44
0d594b8c0f13c70507aa61a7666c844c5e2aeda0,Oleksis Fraga Menéndez,2021-05-21T00:33:09-04:00,Add update pip and setuptools section (#4061),1,6,0
bf982718cf30615f2dd17fa71fe17d565ebb1d3e,Alex Hedges,2021-05-15T17:38:25-04:00,Make add_url_rule() signature consistent,2,11,2
8796b2a784bc45fcc6865cd80b2cba0601448727,Alex Hedges,2021-05-17T14:02:27-04:00,Use TypeVar for setupmethod(),1,4,2
10a36cb60e10594aa5dbf3c5aba6abbd5f6fcd70,Alex Hedges,2021-05-17T15:30:05-04:00,Improve decorator factory type signatures,3,19,7
a82cc31af847de7250cd489f6080802ce3f5236e,Alex Hedges,2021-05-17T17:14:47-04:00,Update CHANGES.rst,1,2,0
36872e7bd45162dc78e789f45e026932a4687434,Grey Li,2021-05-21T16:58:58+08:00,Add venv and .venv to .gitignore,1,2,0
a541c2ac8b05c2b23e11bd8540088fce1abc2373,Grey Li,2021-05-21T17:46:31+08:00,Fix view decorators docs,1,1,1
99afbb277d25d3b052e00b9a8da216054d51d62a,pgjones,2021-05-18T13:06:21+01:00,Fix blueprint nested url_prefix,2,28,42
141fde1d8ec8663b4be98777750d2f58c6fe44ad,pgjones,2021-05-18T13:33:45+01:00,Bugfix blueprint naming,3,51,34
c2920e2bd98cdb3dcccc2868c25b695d4780c620,pgjones,2021-05-18T13:37:11+01:00,Bugfix allow blueprints to be registered with a different name,2,15,1
67b0b7e30d2304f628e966896748032022ac0257,David Lord,2021-05-20T10:32:28-07:00,cache blueprint path calculation,3,55,29
63b306743fccdd52079034e82cbbeee182a4361d,David Lord,2021-05-20T11:05:36-07:00,changelog for blueprint registered name,3,30,0
9409be6e34e153bfdb0aac2c9eb7f60110109172,David Lord,2021-05-20T13:08:28-07:00,warn when registering same blueprint with same name,3,34,17
714b0a467acab54091d8aeb73403d808abfbcf5b,pgjones,2021-05-21T15:01:32+01:00,Fix blueprint self registration,2,8,0
3257b7574e7f010686a617197e0fb4596986f7f7,pgjones,2021-05-21T15:02:05+01:00,Fix blueprint renaming,2,25,1
255461d8950fab51a44c84f33cfba1e4fb239a7d,David Lord,2021-05-21T07:09:02-07:00,Merge pull request #4074 from pgjones/bp,0,204,82
6b1c4e9769cbe72d6f5665a8081a98e5a671a8d8,David Lord,2021-05-21T07:10:50-07:00,Merge pull request #4087 from greyli/gitignore,0,2,0
7ab934f6bc2380a322c77d92c0b6cfd10b7de991,David Lord,2021-05-21T08:42:44-07:00,improve typing for `stream_with_context`,2,5,2
9f606a8cbb8755eaa4664ce7a4f892204f140410,David Lord,2021-05-21T08:48:02-07:00,Merge pull request #4090 from pallets/stream-type,0,5,2
fe2d744b530283094dd0a2ffa4a9d86f1029b2cd,David Lord,2021-05-21T08:50:31-07:00,release version 2.0.1,2,2,2
bc90801c2ada42d3cf112a3b5701bfdbb8b6211c,David Lord,2021-05-21T08:52:24-07:00,Merge pull request #4091 from pallets/release-2.0.1,0,2,2
e22021d531499af87f65d75f1e37e6329e7385ed,David Lord,2021-05-21T08:55:31-07:00,start version 2.0.2.dev0,2,7,1
7161776824734fc2797fe2b4fc974d183487ebf8,David Lord,2021-05-21T08:56:18-07:00,Merge branch '2.0.x',0,261,97
aa6fbf2f5a6265dd0ecaaca03e646c3c2a8f58d2,Grey Li,2021-05-24T16:33:02+08:00,Fix typo in docs/tutorial/index.rst,1,1,1
d81aa70106877b38673275e4539ab1f3232c4fea,Grey Li,2021-05-24T16:36:56+08:00,Merge pull request #4100 from greyli/fix-typo,0,1,1
f7adb2c813c5c10dcab5bc81ee173a6f9fbd406a,Pascal Corpet,2021-05-24T00:31:43+02:00,improve typing for `teardown_request`,2,3,1
a960236117442bec67f89c30dfa014e05483da5a,Marat Sharafutdinov,2021-05-25T18:04:41+03:00,Fix type annotation for `before_request` and `before_app_request` decorators,4,13,6
8e589daaf2cec6a10262b8ff88801127f2fa14fd,default-303,2021-05-30T00:24:35+05:30,Fix typing of jinja decorators (#4109),2,5,3
6f5870a791a91b726272413c5e2c563a6b2a9c2f,Adrian Moennich,2021-05-29T20:55:23+02:00,Merge remote-tracking branch 'upstream/2.0.x',0,21,10
0ce270d1f3615f222226fb316e505a60c1e3baab,laggardkernel,2021-05-12T05:44:00+08:00,Update doc about minimal Python version for async support,2,4,1
5d0104f67e6e465e5416803062ed53add1e8d333,dependabot[bot],2021-06-01T08:04:58+00:00,Bump pre-commit from 2.12.1 to 2.13.0,1,1,1
cd0086bc4b6fc4720b921b85eb9050c681ca601b,David Lord,2021-06-01T06:33:50-07:00,Merge pull request #4121 from pallets/dependabot/pip/pre-commit-2.13.0,0,1,1
491ea32803cb05fb8fc4dfb81ec6c96f94529eb0,laggardkernel,2021-06-01T13:43:28+08:00,Optimize loop in Flask._find_error_handler(),1,1,1
270eb2df2a1606383f50ff079a32240966b43fbc,Miguel Grinberg,2021-05-28T00:01:48+01:00,Support View and MethodView instances with async handlers,4,34,3
5205cd4ea979f6c322e4e6a256a72e7808592818,pre-commit-ci[bot],2021-06-01T17:56:33+00:00,[pre-commit.ci] auto fixes from pre-commit.com hooks,1,4,4
6a4e7e948d7e5bd5b2b76c1b7f1a0392644bee1e,Pascal Corpet,2021-05-31T12:28:44+02:00,improve typing for `app.errorhandler` decorator,5,38,13
1b10e085d821e37b7f7162307046649a721e5587,dependabot[bot],2021-06-02T01:54:49+00:00,Bump urllib3 from 1.26.4 to 1.26.5 in /requirements,2,21,21
aac67289e517bda4ef488819edab74539ef8e9b9,David Lord,2021-06-01T19:09:24-07:00,Merge pull request #4122 from pallets/dependabot/pip/requirements/urllib3-1.26.5,0,21,21
63893a427bd022d192febadad0b31ae06fa80776,pgjones,2021-06-06T11:09:03+01:00,Improve the changelog entry,1,1,1
92bed6619459da93f79e85ec674b24cb6fa322f6,Hugo Montenegro,2021-06-08T19:01:07+02:00,Update celery.rst,1,1,1
399b851ed78ed985a222822114a01961c087f8fd,David Lord,2021-06-08T10:06:35-07:00,Merge pull request #4142 from Hugo0/patch-1,0,1,1
34027d8d876c140f84e18d6b56c0aecc5481874c,Grey Li,2021-06-14T14:20:04+08:00,Improve the contributing guide,1,4,2
a44c7228600044f530856a33c7da147c528644ff,pgjones,2021-06-05T16:08:51+01:00,Fix registering a blueprint twice with differing names,3,16,3
f8ca80ce8912cc5b9e6379e26cac34121207f4de,Grey Li,2021-06-15T08:49:29+08:00,Merge pull request #4147 from greyli/update-contributing-guide,0,4,2
f353d126d199071c7933e2f62409e5532333bec5,Frank Yu,2021-06-18T10:10:29+08:00,Update docs of rendering templates (#4153),1,3,3
5fa7d2efe757e028a734d3dc56e9f13bb812a92a,Frank Yu,2021-06-18T20:15:02+08:00,Update templating.rst,1,1,1
7b696e076a8ebf22e8ad096b7278051d475c88be,Frank Yu,2021-06-18T22:18:15+08:00,Update testing.rst,1,7,6
5261aeb7c7b4a4ace4427352e39cb78d9bb2fc5d,David Lord,2021-06-20T06:45:37-07:00,Merge pull request #4156 from yuxiaoy1/patch-4,0,7,6
d426b58e5748239c3403502acfd73aa6f382c64a,David Lord,2021-06-20T06:45:54-07:00,Merge pull request #4155 from yuxiaoy1/patch-1,0,1,1
35eb582bf3ddbe995681363167eb3233f539ef8b,Frank Yu,2021-06-20T23:20:14+08:00,Change flask.xxx to plain version in testing docs,1,8,8
49cbb77528f6b806c69af55a37affd33d7dc8143,David Lord,2021-06-21T10:07:33-07:00,Merge pull request #4165 from yuxiaoy1/patch-1,0,8,8
c224832acccbb9b16485c7adeb7714c71fce1ea8,Grey Li,2021-06-26T18:58:15+08:00,Fix typo in docs/views.rst,1,2,2
ba6db2e30783f81673bb8a6b5218f7bb8efa8f27,Grey Li,2021-06-26T23:35:24+08:00,Merge remote-tracking branch 'origin/2.0.x' into main,0,118,43
7023145f797573b2386de90bd81ac67eced93b47,Grey Li,2021-06-27T11:52:54+08:00,Merge pull request #4175 from greyli/views-docs,0,2,2
6fe9235f866fdc9a76cc086bea1512b6825713e8,dependabot[bot],2021-07-01T08:03:44+00:00,Bump sphinx-tabs from 3.0.0 to 3.1.0,2,24,24
01e804a6e1207410042edddf4c6b8d75b5fe4b63,Grey Li,2021-07-01T18:03:57+08:00,Merge pull request #4184 from pallets/dependabot/pip/sphinx-tabs-3.1.0,0,24,24
d0f19f790520293c2c40207d492695e582347b1a,dependabot[bot],2021-07-01T10:05:36+00:00,Bump asgiref from 3.3.4 to 3.4.0,2,2,2
e145f9c6ecc27f771db1b202518f6aa5e7ae7762,Grey Li,2021-07-01T18:05:48+08:00,Merge pull request #4183 from pallets/dependabot/pip/asgiref-3.4.0,0,2,2
ae53c32048dbef4ce1aaf9ecb86925e507118a38,dependabot[bot],2021-07-01T10:06:46+00:00,Bump pip-tools from 6.1.0 to 6.2.0,1,3,1
c9796f85c787b5d01417a50ba25354be3b620afc,dependabot[bot],2021-07-01T10:06:57+00:00,Bump python-dotenv from 0.17.1 to 0.18.0,2,2,2
72078148c017e2e3e6d6b6716aa8f9f16e0bf2f5,dependabot[bot],2021-07-01T10:07:58+00:00,Bump mypy from 0.812 to 0.910,2,5,6
c6d8beeb9ed8839d43dfc2979acb28152be85fff,Grey Li,2021-07-01T18:09:16+08:00,Merge pull request #4181 from pallets/dependabot/pip/pip-tools-6.2.0,0,3,1
7b3bb7b13f2717b8c738e0f7a34c7521d7080559,Grey Li,2021-07-01T18:12:32+08:00,Merge pull request #4182 from pallets/dependabot/pip/python-dotenv-0.18.0,0,2,2
9fa8b0f7ad64c0cb3729978f88b5ebdc296ba750,Grey Li,2021-07-01T18:43:35+08:00,Fix typing import issues,2,4,1
28507154fa5fa6f4ec32b3e7d205a9a6fc8cf8de,Grey Li,2021-07-01T18:54:54+08:00,Merge pull request #4185 from pallets/dependabot/pip/mypy-0.910,0,9,7
f9ccca97e476a9ffc1fcdf081f9f083a119c5ce2,pre-commit-ci[bot],2021-07-05T22:11:00+00:00,[pre-commit.ci] pre-commit autoupdate,1,3,3
8e62bf6b17238bc09e6ad01eae64d5c2d559aad8,Grey Li,2021-07-06T08:19:53+08:00,Merge pull request #4187 from pallets/pre-commit-ci-update-config,0,3,3
6e1b72096d5ae1e2cc4d8592ff8271b62548d9cf,Adrian Moennich,2021-07-06T22:05:31+02:00,Fix typo in docs,1,1,1
7a73171edc3bcffef96ef6367977ab3ae9af9350,Adrian Moennich,2021-07-06T22:06:20+02:00,Merge branch '2.0.x',0,3,3
922e91b278c19bee1154ea32a7c0c99f87d4d9b6,Frank Yu,2021-07-07T15:16:29+08:00,Omit the type attribute of script tag,1,1,1
29c09a92c45bc0120331dd22f7079f9161d72ab7,Frank Yu,2021-07-07T15:18:04+08:00,Omit the type attribute of script tag,1,3,4
85c35bd6155e14f5c0829a88533d13321408bda5,Frank Yu,2021-07-07T19:26:24+08:00,Fix link in ASGI docs (#4191),1,2,2
3127c304ecbc54387792c9ddff3c266645b67b8a,Elahi-cs,2021-07-07T19:40:21+02:00,Small SQL formatting fix,2,2,2
e7b16b5ef2b22e2f4e76dc1be5747e21196fcbc5,David Lord,2021-07-07T10:59:04-07:00,Merge pull request #4193 from Elahi-cs/sql-fix,0,2,2
bb3217b35017f269e3ce411bf070904e3858d307,dependabot[bot],2021-08-01T08:03:36+00:00,Bump tox from 3.23.1 to 3.24.1,1,1,1
7a3b8bbb897991a791ce51a870866648577054b9,dependabot[bot],2021-08-01T08:04:22+00:00,Bump sphinx from 4.0.2 to 4.1.2,2,6,6
3e507a70cafd5bab0acd570ee8ca06d46063b543,dependabot[bot],2021-08-01T08:05:05+00:00,Bump python-dotenv from 0.18.0 to 0.19.0,2,2,2
c0f583fdc1f9153020e05321f4444a2e2d541c2d,dependabot[bot],2021-08-01T08:05:42+00:00,Bump asgiref from 3.4.0 to 3.4.1,2,2,2
f5f51cd09c094cc15e7e6385cf27564bedc30b1b,Grey Li,2021-08-01T16:50:46+08:00,Merge pull request #4211 from pallets/dependabot/pip/asgiref-3.4.1,0,2,2
4550beb695e9090259957d4ea1a7a8af9d7b2802,Grey Li,2021-08-01T16:50:58+08:00,Merge pull request #4210 from pallets/dependabot/pip/python-dotenv-0.19.0,0,2,2
625595cb1a0a70c34a82b5c151d02e6359d5e191,Grey Li,2021-08-01T16:51:05+08:00,Merge pull request #4209 from pallets/dependabot/pip/sphinx-4.1.2,0,6,6
e248e09399b21b0d21d3c8005a30c4dc4d430faa,Grey Li,2021-08-01T16:51:44+08:00,Merge pull request #4208 from pallets/dependabot/pip/tox-3.24.1,0,1,1
f2b1dc45bd0baf5a5302893bc068e37b4c4d4575,pre-commit-ci[bot],2021-08-02T18:50:27+00:00,[pre-commit.ci] pre-commit autoupdate,1,3,3
0826be48ed50c9ac73160ba7225715659961a992,Grey Li,2021-08-03T10:29:25+08:00,Merge pull request #4214 from pallets/pre-commit-ci-update-config,0,3,3
858cc9cace5c13941495d8a789668523e1ae87c7,kaushik kothiya,2021-08-05T11:41:07+05:30,Wrong variable name use,1,1,1
5dfa67ed5ac4a541fc4a52efc1cb5f92aa97ab5f,David Lord,2021-08-05T08:55:28-07:00,Merge pull request #4221 from kaushikk25/patch-1,0,1,1
a0afb6f37558261acb914b3c6afd04d918016cfb,David Lord,2021-08-05T16:55:51-07:00,Merge pull request #4190 from yuxiaoy1/docs,0,4,5
e18ed45c8863ac645f3ce17a155034b8384e726f,Karuna Tata,2021-08-05T17:36:24-07:00,document return value for config loading methods,1,5,1
50b7dcbab343c93bb6738bbf116a177e72b1d9ec,David Lord,2021-08-05T17:42:08-07:00,Merge pull request #4131 from starlightknown/docstring,0,5,1
51196575479e34c3ea43612e1eb770db3aa5d114,Angeline,2021-06-07T22:09:58+08:00,safer check for existing user in tutorial,2,45,41
187f6ce4096222119b8490d7e3c671e4e41f64b6,David Lord,2021-08-05T18:04:51-07:00,Merge pull request #4139 from awijaya22/issue4099,0,45,41
9a2adfba4d4310b005c222fcdfb85e96e3e6661d,Yourun-Proger,2021-06-16T22:40:01+03:00,static_folder can be a pathlib.Path,4,8,5
06cf349bb8b69d9946c3a6a64d32eb552cc7c28b,David Lord,2021-08-05T18:18:04-07:00,Merge pull request #4152 from Yourun-proger/fix,0,8,5
892ae955093cc3b7925230ff7bc346a6afb14f5d,default-303,2021-06-19T17:27:56+05:30,jsonify encodes decimal to str,3,16,1
66d9d4fa8d07dd50e4cb3036a9ae5f92c4693b84,David Lord,2021-08-05T18:40:44-07:00,Merge pull request #4160 from default-303/decimal_fix,0,16,1
aa6dd09c2cab5eb15a45d73b5ade24b7b4131c5a,Rohan salwan,2021-06-23T05:06:03+05:30,correctly handle raising deferred errors in cli lazy loading,3,16,8
2305b056c3a3161c92ea61e6fceb67262766bc40,David Lord,2021-08-05T19:15:31-07:00,add test for lazy loading error,1,17,4
c3f923d0e0aba3ed5b6013c5d022021e4ae059cf,David Lord,2021-08-05T19:17:52-07:00,Merge pull request #4169 from Rohan-Salwan/dev,0,29,8
9f0da9b770abfe3376ca0bbb09c535b42071feeb,na2shell,2021-06-25T11:39:13+09:00,cli loader handles kwargs in app factory,3,26,12
ef3a82a2820082f7d9f2ca963c9dff7eb1ea9687,David Lord,2021-08-05T19:37:03-07:00,Merge pull request #4174 from na2shell/fix_4170,0,26,12
afc13b9390ae2e40f4731e815b49edc9ef52ed4b,David Lord,2021-08-05T19:48:47-07:00,Merge remote-tracking branch 'origin/2.0.x',0,138,78
9830fd8a806d677a279ed60bf3fa33ebb5691a5f,Emil Sadek,2021-08-08T23:37:54-07:00,update pip link,1,1,1
9c91bb3ce2965174bca5ae080a62912f964ebcd6,David Lord,2021-08-10T06:18:38-07:00,Merge pull request #4227 from esadek/pip_link,0,1,1
7e40882e02c466448e01611d03c5d46e56c5eab4,David Lord,2021-08-10T06:33:45-07:00,Merge remote-tracking branch 'origin/2.0.x',0,1,1
d9133e9369eb03886dc1a847c4b96d826ebbf398,David Lord,2021-08-10T06:49:38-07:00,update requirements,4,58,54
78e82a3ef74e433ac4e0bda521877cbb60bc77ba,David Lord,2021-08-10T06:50:09-07:00,update pre-commit hooks,1,4,4
31ce7d61cd184f377203dca8081becde1a50c730,David Lord,2021-08-10T06:51:41-07:00,add type stub packages,3,23,0
482073718863d0e47b211bd3adbc4e28fd1b643c,David Lord,2021-08-10T06:59:35-07:00,Merge pull request #4232 from pallets/update-requirements,0,85,58
13c0eef54c53be6c9c5c78626004b6a63ec09cc3,David Lord,2021-08-10T07:01:36-07:00,Merge remote-tracking branch 'origin/2.0.x',0,57,31
d4b540eb7d1f1b18ed516a0dd4e7d1ac5e537f38,David Lord,2021-08-10T07:02:55-07:00,install type stubs from requirements,1,1,1
ae5ad9e1ae7307b21d301c446addcacc536f80a5,David Lord,2021-08-10T07:05:23-07:00,add type stub packages,3,5,0
a430c43736ab029b472c9641aa0b6203638391c2,David Lord,2021-08-10T07:05:38-07:00,Merge remote-tracking branch 'origin/2.0.x',0,5,0
84aa8706c0cdf28fe5de1b9170a8b686699fb0e5,Grey Li,2021-08-13T19:11:30+08:00,Remove the mention of Flask-Uploads in uploading docs,1,3,4
3261a9451aba86853e2d89e51722380558fb6e27,David Lord,2021-08-14T05:21:11-07:00,Merge pull request #4234 from greyli/upload-docs,0,3,4
53eef278efd59222be406ff5be737f48c92f8313,David Lord,2021-08-14T05:21:56-07:00,Merge remote-tracking branch 'origin/2.0.x',0,3,4
fafc132dcb0597b40ae836d737e24a24035dc756,nabbisen,2021-08-29T22:21:36+09:00,Update cherokee links in docs/deploying (#4249),2,2,2
b5bdcb460215b6234292eb6c0bd63abee5d5f64f,dependabot[bot],2021-09-01T08:02:40+00:00,Bump cryptography from 3.4.7 to 3.4.8,2,2,2
f6e4e8ab9d44cb916e71976d48671a70ca59a692,dependabot[bot],2021-09-01T08:03:07+00:00,Bump pre-commit from 2.14.0 to 2.14.1,1,1,1
6d32d342336f528934829ed7a034a29af66c2822,dependabot[bot],2021-09-01T08:03:32+00:00,Bump tox from 3.24.1 to 3.24.3,1,1,1
e4373eba1cdd4b288b9d37e784bd26e0ca32056c,Grey Li,2021-09-01T16:39:47+08:00,Merge pull request #4252 from pallets/dependabot/pip/cryptography-3.4.8,0,2,2
d7199c87854c574f46288fd1086fa31fb42c1446,Grey Li,2021-09-01T16:40:16+08:00,Merge pull request #4253 from pallets/dependabot/pip/pre-commit-2.14.1,0,1,1
048709c8e7d4d3916193bd2c735ee93c073ab686,Grey Li,2021-09-01T16:40:46+08:00,Merge pull request #4254 from pallets/dependabot/pip/tox-3.24.3,0,1,1
c58ff55e19f4098998d8af0bbe9e91235da58025,dependabot[bot],2021-09-01T08:41:42+00:00,Bump pytest from 6.2.4 to 6.2.5,2,2,2
d01d26e5210e3ee4cbbdef12f05c886e08e92852,Grey Li,2021-09-01T16:59:56+08:00,Merge pull request #4255 from pallets/dependabot/pip/pytest-6.2.5,0,2,2
4a37b627aef7019d3da84fd0a62fd8581ede6543,pre-commit-ci[bot],2021-09-06T19:06:50+00:00,[pre-commit.ci] pre-commit autoupdate,1,2,2
6f852d0d22a9be486f3881d500ae83292a76cd46,Grey Li,2021-09-07T08:31:30+08:00,Merge pull request #4257 from pallets/pre-commit-ci-update-config,0,2,2
e1dce5c39ac093915a34bac99c37402245fd52f4,Mindiell,2021-09-08T10:00:36+02:00,Fix typo in docs (#4261),1,1,1
7c7b583603f85b3253b6d531d7f8e8d29060ddc7,David Lord,2021-09-08T16:03:56-07:00,update pre-commit hooks,1,2,2
313a70da6ef4b265f9334f909d946b2d9bbae701,David Lord,2021-09-08T16:04:26-07:00,update requirements,4,15,15
24aab7a08d0b3f40d9fc9e49706854ef8be7a05f,David Lord,2021-09-08T16:05:33-07:00,Merge branch '2.0.x',0,13,13
9d9108fe25600c566643f902255d74ff68d88967,Kevin Kirsche,2021-09-14T12:29:42-04:00,fix: typo docs/debugging.rst:72,1,1,1
ca0033c11a1c325944b1c6abf4e18e8831326d27,Grey Li,2021-09-15T08:50:07+08:00,Merge pull request #4266 from kkirsche/patch-1,0,1,1
aa1d34dc51fc63dabc46f388822ba73b15d3ef97,Pedro Torcatt,2021-09-22T13:12:36-04:00,Fix grammatical error (#4268),1,4,4
6a4bf9eec13e035cf10ecc16e462049b4c967e41,David Lord,2021-10-01T09:39:10-07:00,use exception chaining,5,21,20
34ff7d73a76ddbd1a6bafc7842589dd532c950f4,David Lord,2021-10-01T09:42:17-07:00,Merge pull request #4283 from pallets/except-chain,0,21,20
42a6da2da38af65a0f097bb88e3e2bee8f137222,David Lord,2021-10-01T09:46:38-07:00,update requirements,5,21,21
3b83d0c75b3cc473260d2ca43c36bd2fd57b1abf,David Lord,2021-10-01T09:50:53-07:00,Merge pull request #4284 from pallets/update-requirements,0,21,21
f4a2c35691e6d1e263ef78de1d6fc2f79f38b096,David Lord,2021-10-01T09:51:09-07:00,Merge branch '2.0.x',0,43,42
3a78f501e9eadd9225a00194aefc54dbdca1df74,Kasper Primdal Lauritzen,2021-09-27T10:45:29+02:00,Fix broken link to Flask-WTF,1,1,1
56c8bddf6b3daea411dde9917a3cc47edcc5a61e,David Lord,2021-10-01T09:59:34-07:00,Merge pull request #4271 from KPLauritzen/b/broken-link-flaskwtf,0,1,1
22933a8cb424ffd65f2bec5bbfdbfa7e42105470,Pedro Torcatt,2021-09-22T21:20:26-04:00,fix docs for Flask.test_client_class,1,2,1
b4094b35ef76e471bccf22c459104547f61f1a46,David Lord,2021-10-01T10:07:27-07:00,Merge pull request #4269 from Jalkhov/patch-1,0,2,1
1a40d9b9761b304150c3b82c656dbb0e425e8e2e,Seth Rutner,2021-09-21T15:44:39-07:00,fix grammar in links to app and request context,3,5,6
f8c881b887bf97930700f79fc91a729b018959d0,David Lord,2021-10-01T10:18:07-07:00,Merge pull request #4267 from sprutner/patch-1,0,5,6
76858515944121ae3faf699f85ab2c4b7806d3d1,Makonede,2021-10-01T18:07:32-07:00,fix list numbering,1,1,1
4346498c85848c53843b810537b83a8f6124c9d3,David Lord,2021-10-01T19:52:05-07:00,Merge pull request #4285 from Makonede/patch-1,0,1,1
166a2a6207027bff07fdfc5590ce04f9b37e9e8f,Matthias Paulsen,2021-08-10T00:23:57+02:00,Fix callback order for nested blueprints,3,105,26
3f6cdbd8b35f2b887dddbdac5ef6461833b6dd3b,David Lord,2021-10-03T20:19:33-07:00,use similar code for all callback-applying methods,1,52,51
6d637f0fdb0e18b2722ab2b19b79a5c954d22637,David Lord,2021-10-03T20:38:28-07:00,Merge pull request #4230 from matipau/blueprint-fix,0,141,61
5684f48f7037f33312a1c6b2a4c6d877f66685cd,David Lord,2021-10-03T20:39:19-07:00,Merge branch '2.0.x',0,150,70
174fe4453a1a52069d31c9ff4e24f3ef4aa6913e,David Lord,2021-10-04T07:26:47-07:00,release version 2.0.2,2,2,2
6f7762538bffe3ce9d03508ecab230bfff3e3dcd,David Lord,2021-10-04T07:31:29-07:00,Merge pull request #4287 from pallets/release-2.0.2,0,2,2
1cf43e08e3211e7ff21005dd778613e39b20a449,David Lord,2021-10-04T07:36:44-07:00,Merge branch '2.0.x',0,1,1
6d65595a3c0a02d098c36f7d337e053e07975316,David Lord,2021-10-05T08:03:30-07:00,try to address flakiness of lazy loading test,1,3,1
5a1c5eb5c040506fcb99eb10558c12b6e9f6c027,David Lord,2021-10-05T08:06:49-07:00,Merge pull request #4293 from pallets/flaky-lazy-test,0,3,1
fb82e3cba6646241a45882a15625eaf4601a9e45,David Lord,2021-10-05T08:07:04-07:00,Merge branch '2.0.x',0,3,1
b2b60450f7b9fae08bbd22f771f7b973aee6a135,David Lord,2021-10-05T09:11:00-07:00,allow lazy loading test to fail on pypy,1,2,0
8ddf80c3eaec171429b6ebd014e3a0af1f14e58f,David Lord,2021-10-05T09:15:30-07:00,Merge pull request #4294 from pallets/flaky-lazy-test,0,2,0
44bc286c03ff3f8e783b4f79f75eb3a464940ca0,David Lord,2021-10-05T09:15:54-07:00,Merge branch '2.0.x',0,2,0
58a08a1d7326b9ef744c0f41b9e8c5505dd3d924,Kevin Kirsche,2021-10-12T09:00:50-04:00,use secrets instead of os.urandom,3,9,9
c5ed6c5e77cdf05740e9beb97ab7841abdb8f703,David Lord,2021-10-13T08:39:29-07:00,Merge pull request #4301 from kkirsche/secret_key_via_secrets,0,9,9
21def4e05c0efd7286bf120fb748b5605cdd0d6b,karintou8710,2021-10-16T02:04:07+09:00,Fixes old print statement in some documentation pages,2,4,4
ded812b0cd7c9cc71346c43ebadaccd6140f4c5f,David Lord,2021-10-16T11:52:50-07:00,Merge pull request #4302 from karintou8710/old-print,0,4,4
225ff3ea6c260e17a15a896d272eaba259777ba3,Ryan Nevius,2021-10-18T10:37:39+02:00,Fix example `SECRET_KEY` generation code,1,1,1
860431f7e0a212fbdb5de61164f5b8a8d288de7d,David Lord,2021-11-01T12:38:38-07:00,update requirements,5,37,37
303a1e6c411318a3e812ac65311c44aa332c00b2,David Lord,2021-11-01T12:40:52-07:00,Merge pull request #4326 from pallets/update-requirements,0,37,37
0ae0f5957fde73c4824ae2d7080351f2c52bf260,David Lord,2021-11-01T12:41:10-07:00,Merge branch '2.0.x',0,50,50
1f40c77f1d9ad65911eb6716525de6aa302eda4c,David Lord,2021-11-05T09:13:55-07:00,test Python 3.10 and 3.11,4,10,8
7a5aa570c09cb573b440c089d73a5f1e9cfcf179,David Lord,2021-11-05T09:18:35-07:00,Merge pull request #4331 from pallets/test-python-versions,0,10,8
3c36d043e578e9e5d5653893103105d1e201ea03,David Lord,2021-11-05T09:18:57-07:00,Merge branch '2.0.x',0,10,8
a2e79eefc9e13c48e5c44f1eb0c1d69b55bbf79a,Chenwei Xiao,2021-11-07T10:09:37+08:00,Correct the actual unescaped character,1,1,1
86009452fb764a76966d07c9b5bdc6077b301668,David Lord,2021-11-07T06:20:43-08:00,Merge pull request #4332 from vinzid/patch-1,0,1,1
e609dddd604bd8c808145973d91dcb8bb56a9906,David Lord,2021-11-11T16:11:43-08:00,drop Python 3.6,9,11,33
1b552d0b0163e1c1ae3d4895438a9ce2b2bc098e,David Lord,2021-11-11T16:12:08-08:00,remove ContextVar compat,6,22,13
df806c80359461fda0354460a46645d619e00942,David Lord,2021-11-11T18:32:07-08:00,update docs about gevent/eventlet/greenlet,1,145,36
ea93a52d7d94ba093bbce4680c622cc4fc9771d8,David Lord,2021-11-11T18:37:43-08:00,Merge pull request #4335 from pallets/drop-python-3.6,0,178,82
e21e003f62b57c35e1832c0bf14e9cd27f4e5bea,David Lord,2021-11-12T06:46:54-08:00,remove deprecated script_info factory arg,3,34,102
2bd7aed1a4e257b00df4282b96e7e96edc4567f6,David Lord,2021-11-12T06:50:57-08:00,remove deprecated config.from_json,2,5,26
218534a9f20c98600e7c41321edb4063a8e158ca,David Lord,2021-11-12T06:59:08-08:00,remove deprecated json encoding parameter,2,2,60
b7501776a12c15e64b6cdac1e3b903a00df7d285,David Lord,2021-11-12T09:24:32-08:00,remove deprecated safe_join,4,2,27
f8cdc78ce10f32a46390799e7ac16d231fb35803,David Lord,2021-11-12T09:25:27-08:00,remove deprecated total_seconds,2,2,22
48f2afbf900560af061d50c73e4d3f9422ce4dbe,David Lord,2021-11-12T09:37:13-08:00,same blueprint cannot be registered with same name,3,10,18
15a3e82823c894185771486510027a65295bcf94,David Lord,2021-11-12T09:21:09-08:00,extend deprecation for renamed send_file params,2,13,4
7620cb70dbcbf71bca651e6f2eef3cbb05999272,David Lord,2021-11-12T09:54:10-08:00,Merge pull request #4337 from pallets/remove-deprecated-code,0,68,259
7860c1de87400ab8e43a2b4dada7d8b8f0eb51ab,David Lord,2021-11-15T06:46:25-08:00,remove click 7 tox env,1,0,3
4e8787b915dec0f6861292b2fccba640c632a46e,David Lord,2021-11-15T13:08:34-08:00,test min/dev versions of pallets deps,6,53,1
a2258dd05d60b0d4fb4fef1d63dfe0ce489fd240,David Lord,2021-11-15T13:04:41-08:00,exclude greenlet tests on python 3.11,3,3,3
564bb27efa8638c40e1dcfdccda5832ba42e9929,David Lord,2021-11-15T13:08:45-08:00,deprecate as_tuple,2,41,12
372066983fb206d4871a4a98c8db8b3953ce4394,David Lord,2021-11-15T13:24:49-08:00,Merge pull request #4341 from pallets/test-min-dev,0,97,16
ea66c685537c437e38b2ff3627fb7733e37fa4cd,David Lord,2021-11-15T13:26:06-08:00,Merge branch '2.0.x',0,94,13
46b39e2698697408c6f8f8693e526cd1bb085684,Bojan Delić,2021-10-07T01:09:32+02:00,fix errorhandler type check,2,2,8
b831e8507c8849899ea3b30eb4b6af19de2bf06a,David Lord,2021-11-15T13:37:42-08:00,Merge pull request #4298 from delicb/fix/issue4295,0,2,8
e679a85b80df354f8632f8ab3e40135f16f5e6d0,Henry Kobin,2021-10-25T11:18:48-07:00,made ImportError verbose in cli.py,2,7,4
c8bf420483469ad9aa11f617188637445daf80ea,David Lord,2021-11-15T14:03:47-08:00,Merge pull request #4310 from HenryKobin/import-error-verbose,0,7,4
282d8621dd4bdc3ee74e0d67b180e03f5f23899f,David Lord,2021-10-31T20:51:16+00:00,document session lifetime and possible concurrency issues,1,20,8
d086a512d7c07fc68e328b2c8b628937dbd309a2,David Lord,2021-11-16T06:22:50-08:00,Merge pull request #4318 from eprigorodov/patch-1,0,20,8
6b0c8cdac1fb9bbec88de3a514907c19e372c72a,David Lord,2021-11-16T06:30:19-08:00,Merge branch '2.0.x',0,29,20
47e4bd5059fbe1e7f39b56f52c821ba0b39ded1c,pgjones,2021-10-16T11:05:56+01:00,copy_current_request_context can decorate async functions,2,4,1
04c6a85518c600fc34705dee30dd17c188ef1aaa,David Lord,2021-11-16T06:34:30-08:00,Merge pull request #4303 from pgjones/cpy_ensure,0,4,1
c8ddb948f6af35998f99521627396c0ea7fa62c1,David Lord,2021-11-16T07:35:02-08:00,deprecate RequestContext.g,2,22,2
9486b6cf57bd6a8a261f67091aca8ca78eeec1e3,David Lord,2021-11-16T07:38:42-08:00,Merge pull request #4342 from pallets/deprecate-req-ctx-g,0,22,2
9fe21310bb3ccac70c4de8a7bc48d1dd69611ece,David Lord,2021-11-16T08:34:55-08:00,replace nbsp characters,1,22,22
2e10fc24a13f16e6fb07edc61c8398f74ace2492,David Lord,2021-11-16T08:38:20-08:00,document address already in use error,4,56,0
776bf09fdf1e617d86103bbfb40efbe2682c41a3,David Lord,2021-11-16T09:05:33-08:00,Merge pull request #4343 from pallets/address-already-in-use,0,78,22
f16524ea1de682db50ee18a91b5204a834995b2e,Jürgen Gmach,2021-12-16T04:28:09+01:00,fix typo,1,1,1
624ed4de72e144ceeb422c8bae1cafffd7edcc73,David Lord,2021-12-15T20:31:59-08:00,Merge pull request #4384 from jugmac00/patch-1,0,1,1
9d36623db1e9535eae7243a807079a54897efcc9,David Lord,2021-12-22T14:26:34-08:00,update requirements,6,44,43
c5ca175004f1a153aff914eb14404973be05fb9b,David Lord,2021-12-22T15:20:12-08:00,Merge pull request #4389 from pallets/update-requirements,0,44,43
edac7e3a560d93ac9f13bf162e677413b03a27e1,David Lord,2021-12-22T15:21:31-08:00,Merge branch '2.0.x',0,122,65
c627b5e77310e67bc6a7e789f8ec5ea368f1c88c,David Lord,2021-12-22T15:43:13-08:00,updates go to maintenance branch,1,8,4
2952e6a323e085d1547461b89184e2239090fe1a,David Lord,2021-12-22T15:43:28-08:00,update github actions,1,7,0
a65683a65cbbe176ef6e061812618a507a071106,dependabot[bot],2021-12-22T23:43:55+00:00,Bump dessant/lock-threads from 2 to 3,1,1,1
79b3cecc3db0ca8efe2ba1eb43b7d7572811cdfc,David Lord,2021-12-22T15:45:44-08:00,updates go to maintenance branch,1,1,0
9e00becf3a7a710ab06379f8d7aee1547a4dd332,David Lord,2021-12-22T15:53:23-08:00,update option names for v3,1,2,2
9504de9dd00a7c94f37eb5225588cfb952a37d7f,David Lord,2021-12-22T15:56:45-08:00,Merge pull request #4390 from pallets/dependabot/github_actions/dessant/lock-threads-3,0,3,3
a841cfabb58d3c1ac1d11b09353f458e759a63c2,olliemath,2021-11-20T14:05:57+00:00,Only use a custom JSONDecoder if needed,2,12,3
7b0c82dfdc867641dd6e1b200f735bffd66e4c12,David Lord,2021-12-22T17:10:24-08:00,Merge pull request #4350 from olliemath/patch-1,0,12,3
633449a36c959d25577799eb3da76005a803d5cd,Yourun-Proger,2021-11-19T23:09:38+03:00,fix error message,2,11,1
b1a00ebc4c6f15055ddf15ecb17243a089f52a60,David Lord,2021-12-22T18:44:37-07:00,update error message for after_this_request and copy_current_request_context,2,9,8
6389c07530fe53f64e4c8de8dfdfceb4f088d197,David Lord,2021-12-22T17:49:30-08:00,Merge pull request #4348 from Yourun-proger/fix_msg,0,15,4
0122a4f34f2d4f68fc64ca14532f2fbaed5c302f,Grey Li,2021-12-12T12:05:44+08:00,Fix the command for checking port on macOS in server docs,1,13,6
990a95fbcaaeafdc4bedc793352deb999f2b6be4,David Lord,2021-12-22T18:24:48-08:00,Merge pull request #4382,0,13,6
93a7f08bbca37de2ef73cc21ebfcb6e446087616,David Lord,2021-12-22T19:58:07-07:00,pin os and python version in rtd build,1,4,0
1a1c7ea61860ad97a998b24532f0a89a5aee7914,David Lord,2021-12-22T19:58:07-07:00,pin os and python version in rtd build,1,4,0
0fb5c2f034fc2f4cfe920408bb97c9d07ef0995e,David Lord,2021-12-22T20:02:52-07:00,Merge branch '2.0.x',0,40,13
9e50ad55ae6c3938c2ffd0cad89942c12fca865c,David Lord,2021-12-22T20:06:08-07:00,pin os and python version in rtd build,1,1,1
660994efc761efdfd49ca442b73f6712dc77b6cf,David Lord,2021-12-22T20:07:07-07:00,Merge branch '2.0.x',0,1,1
a025ee3f25044145a38e650aaf097f32bc5b2e83,David Lord,2022-01-13T11:10:06-08:00,update requirements,5,27,29
e103747c544494d67aad64ec2da668d2d69493c3,David Lord,2022-01-13T11:10:12-08:00,Merge branch '2.0.x',0,27,29
66f2ac669610accd76395a98b623a21b1f15a9c8,David Lord,2022-01-13T14:42:36-08:00,update tool config,4,23,10
d03df1fff396052d55bedbfc10cbe41a98caad14,David Lord,2022-01-13T14:43:23-08:00,Merge branch '2.0.x',0,4,3
afe77feef351c2752bb9d4a93b65e11215633e06,otherJL0,2022-01-11T07:59:08-05:00,Adding Fish commands to docs,9,155,0
981a94df68b3e35c2541a8ba19c361e88299e3ee,David Lord,2022-01-14T08:29:30-08:00,Merge pull request #4412 from otherJL0/main,0,155,0
08ad8aabfea88c1c3367c1c1ba6b97aa40faf18c,Cameron Dahl,2021-12-30T23:08:49-06:00,Remove X-XSS-Protection suggestion,1,0,12
de4b2807d3269e780b77e73e05dfa27121994f40,David Lord,2022-01-14T08:34:55-08:00,Merge pull request #4397 from cameronthecoder/main,0,0,12
aab064fee164aa9f0ee35ba3065b031655888ce5,David Lord,2022-01-14T09:34:07-08:00,remove deprecated as_tuple parameter from test_client,2,7,24
fdac8a5404e3e3a316568107a293f134707c75bb,David Lord,2022-01-14T09:38:02-08:00,Merge pull request #4417 from pallets/remove-as_tuple,0,7,24
751d85f3de3f726446bb12e4ddfae885a6645ba1,K900,2022-01-17T19:11:24+03:00,cli: use importlib.metadata instead of pkg_resources,3,15,6
9a134da31bafc12d31f75474a4b354c80545b9b5,Stefane Fermigier,2022-01-27T11:43:42+01:00,Match typing declaration with implementation.,1,2,1
436c7afc83845ce18d2a8e1bda8f4f48917584a2,pre-commit-ci[bot],2022-02-07T21:19:46+00:00,[pre-commit.ci] pre-commit autoupdate,1,2,2
528db86f8555a8404bf2db72fa4275449a3cd6b4,David Lord,2022-02-08T07:39:59-08:00,Merge pull request #4442 from pallets/pre-commit-ci-update-config,0,2,2
17c46b2ddd8b5111369cdc68d5e0e46e9aa46ade,David Lord,2022-02-08T10:24:57-08:00,Merge pull request #4420 from K900/main,0,15,6
694eb84f414436fc88f2ef757aea8ed8360500f3,David Lord,2022-02-08T10:26:21-08:00,reword changelog for importlib.resources,1,2,2
bc094dbe6a15eebec6d1704fb16c6c74d0250b0e,David Lord,2022-02-08T10:27:11-08:00,Merge pull request #4432 from sfermigier/main,0,2,1
6f7d99ce4b7dc2bad52683e64fec7008dd0b580f,David Lord,2022-02-08T12:05:05-08:00,use pip-compile-multi for requirements,9,46,144
426a1e25b77e760b4f54bf94aee3e3617850569f,David Lord,2022-02-08T12:05:17-08:00,fix pytest 7 warnings,2,16,4
925674761e9893dae96d8c2ff226a4cf47a21ba8,David Lord,2022-02-08T12:08:19-08:00,cache pip with setup-python action,1,2,8
1fd86547193a1ed39bb0cabb927fc1a719ce3009,David Lord,2022-02-08T12:09:22-08:00,"stop using dependabot for python, too noisy",1,0,10
d6496c8e290adfded887e72083817de2693cdbe2,David Lord,2022-02-08T12:36:55-08:00,Merge pull request #4443 from pallets/update-requirements,0,64,166
e37e87140e29b4ae5bc4024bd0305541e0ed9457,David Lord,2022-02-09T07:37:43-08:00,Merge branch '2.0.x',0,221,180
7c5f17a55e8cd233db17f4944a482cc497a6e7c6,David Lord,2022-02-09T07:39:33-08:00,update requirements,3,10,6
1be65b1b699b0512e3b38e3e05d42d083cfd12f1,David Lord,2022-02-09T11:13:03-08:00,overriding FlaskClient.open works with redirects,2,33,30
e06dad62f6b49dff935f241114b3590774e2786a,David Lord,2022-02-09T11:39:48-08:00,Merge pull request #4445 from pallets/override-redirect,0,33,30
beae1249f7e580779ae18d2d831f7ec51e5aff98,Mickaël Guérin,2021-07-06T13:32:45+02:00,add `exclude-patterns` option to `flask run`,3,33,1
48ee204dd5bdc47f397553fb45b5fe37003c07d1,David Lord,2022-02-09T12:53:19-08:00,Merge pull request #4189 from mgu/feat/use-exclude-patterns-reloader,0,33,1
761d7e165244709221888827cec764d8f3a3d21a,David Lord,2022-02-13T13:57:33-08:00,rewrite testing docs,2,226,370
c15f74cea6ff2ab09881fea4118709ecda11972c,David Lord,2022-02-13T14:09:07-08:00,Merge pull request #4448 from pallets/testing-docs,0,226,370
702d973b1f55326526d764e3668900383ad8f4ef,David Lord,2022-02-14T11:34:37-08:00,release version 2.0.3,2,2,2
ef557b3ff2602b9956a2f3ac02c6e134c529fccc,David Lord,2022-02-14T11:46:23-08:00,Merge pull request #4449 from pallets/release-2.0.3,0,2,2
b6a8ccd2cf65939401fe4ccb6b550d2b19423b06,David Lord,2022-02-14T12:06:57-08:00,Merge branch '2.0.x',0,227,371
6f79cb8a23467aa01f94f6ad53790f468ba77c76,Colin Adams,2022-02-16T21:12:01-08:00,Fix typing on `app.session_interface`,1,2,1
ad13dbc826a23d3ce53e50944a15b1e2bc168abd,David Lord,2022-02-17T16:26:06-08:00,pin setuptools for reorder_python_imports,1,1,0
642ca6ea687d8631eac8dce9e060e41d2738ca48,David Lord,2022-02-17T16:26:16-08:00,Merge branch '2.0.x',0,1,0
3897a518014931a82c77a353e1e9c2248529b856,David Lord,2022-02-19T07:12:40-08:00,Merge pull request #4454 from colincadams/patch-3,0,2,1
aa13521d42bfdb66bb0d89005cbe54a84eaa4fda,David Lord,2022-02-22T19:04:03-08:00,lazy loading preserves click context,2,11,0
4843590c4a7f2225fd18bd10963139a6f29a2a59,David Lord,2022-02-22T19:13:29-08:00,Merge pull request #4461 from pallets/cli-lazy-context,0,11,0
7dc26a1f4188f6cb410fb1335cc933cc8f3c9943,dependabot[bot],2022-03-01T16:04:16+00:00,Bump actions/setup-python from 2 to 3,1,1,1
8122973f8a04976bd7f9104eee5d8d36c0d02038,David Lord,2022-03-01T08:49:14-08:00,Merge pull request #4473 from pallets/dependabot/github_actions/actions/setup-python-3,0,1,1
af34b8c9e7adbf0b060738fee12f04c1e46a98fd,Tushar Sadhwani,2022-03-08T20:13:30+05:30,Add better types for app decorators,1,13,8
b655a9db30d8e78d2fe1044d6301a432f214a16b,David Lord,2022-03-08T06:50:25-08:00,Merge pull request #4477 from tusharsadhwani/decorator-types,0,13,8
b707bf443afe856b77e09b7a41592f10d46e02df,uedvt359,2022-03-15T10:22:38+01:00,Preserve HttpOnly flag when deleting session cookie,2,9,2
0ef1e65f6ab0da680d171d49e1a56a2b0ecee05d,David Lord,2022-03-15T06:38:35-07:00,Merge pull request #4486 from uedvt359/pr-deletecookie,0,9,2
88863288225d5ee13a79c463f2a39391b6a52c61,David Lord,2022-03-15T07:35:59-07:00,relax errorhandler function arg type,5,19,27
190dd4df86874495f56bb088fbd0cb1d9f0e77a0,David Lord,2022-03-15T07:36:21-07:00,don't use AnyStr for ResponseValue type,3,15,9
cb7cd1e79b280d3fd80978ca82ae52881525a476,David Lord,2022-03-15T08:36:16-07:00,Merge pull request #4487 from pallets/typing-errorhandler,0,34,36
faaa5594b2406260c3e4197fa6e80c3d19b6ab23,David Lord,2022-03-15T08:44:09-07:00,accurate type for __exit__,3,14,3
7abcf57f544e3bd29c4f22a10907f976f7e056ea,David Lord,2022-03-15T08:48:47-07:00,Merge pull request #4488 from pallets/typing-context-exit,0,14,3
d80f41f57dbae28c784fde0fc829807cc2ab4a76,octopoulpe,2022-03-22T10:29:00+01:00,Update errorhandling.rst,1,1,1
598afa0083add33a088c58183924a370be6635d5,David Lord,2022-03-22T06:46:52-07:00,Merge pull request #4491 from octopoulpe/patch-1,0,1,1
c9a1f7ad6545c9cc27c41c385f1d4cd9c7cf1a98,David Lord,2022-03-23T08:25:22-07:00,don't intercept 307/308 routing redirects,3,44,35
0a300d007d3a5ef902e0b3c91f6189267fbed182,David Lord,2022-03-23T08:25:58-07:00,better replacement of original form KeyError,2,10,6
6578b493c8c8d5d9b4135cb964dbbc43318cfb12,David Lord,2022-03-23T08:26:46-07:00,better override for json BadRequest error,1,7,5
ce7b884b73621b59ba184aa89b67d5c5780f50eb,David Lord,2022-03-23T09:18:20-07:00,Merge pull request #4492 from pallets/debug-messages,0,61,46
81c7ff7f8db09b5d609a09722785f70ec6f7af68,David Lord,2022-03-25T11:48:26-07:00,update tests for relative redirects,6,20,9
425a62686f094de236a5a9eb1d6885de4730efa5,David Lord,2022-03-25T11:53:03-07:00,Merge pull request #4496 from pallets/werkzeug-relative-redirect,0,20,9
08a283af5efc999d4f1e29275317a5c0c05c6f7b,pgjones,2022-03-08T21:40:48+00:00,Allow loading of environment variables into the config,3,94,23
4eb5e9455b2a8f15f3dc5065a47f8e43ac47e539,David Lord,2022-03-25T11:00:32-07:00,more from_prefixed_env features,4,136,62
e75d575361841404e0b1f89c19dc7de6b325cc67,David Lord,2022-03-25T12:05:07-07:00,windows env vars are uppercase,2,24,9
2f5a2ab82ee17f5e14b8ecf0a4b3b07ceafeee98,David Lord,2022-03-25T12:14:29-07:00,Merge pull request #4479 from pgjones/env_config,0,190,30
41aaaf7fa07f28ef15fd1d343142e96440889a8b,David Lord,2022-03-25T12:24:31-07:00,clean up unused function from prefixed_env pr,1,0,7
cd4ab005a92ff996e9104c92017fe1e6daeccd46,David Lord,2022-03-28T11:39:24-07:00,fix typing,1,1,1
f5ed54b0318815e4500e72a56173c3b14a532a41,David Lord,2022-03-28T12:09:20-07:00,ignore examples tests,1,4,3
7d264d7dc5b3e057319d43ef0897709f4c78f1ef,David Lord,2022-03-28T11:05:58-07:00,release version 2.1.0,2,2,2
65b0eef303dfec6b7baa66ff34253e0285e1c3bf,David Lord,2022-03-28T12:12:02-07:00,Merge pull request #4500 from pallets/release-2.1.0,0,7,6
b109b092a95036de875246f05cdc377a2c7faab8,David Lord,2022-03-28T12:17:25-07:00,start version 2.2.0,2,7,1
5589915b383a6f53e92f3822c982cce3c4083456,David Lord,2022-03-30T14:01:10-07:00,start version 2.1.1,2,7,1
d023d943715f193e78413280e10d101f39501748,David Lord,2022-03-30T14:10:12-07:00,set importlib_metadata minimum version,2,4,1
c3d0880e72dfda76734bfddadf20cfee94b148c2,David Lord,2022-03-30T14:23:02-07:00,Merge pull request #4509 from pallets/importlib_metadata-min-version,0,4,1
c419931f555c80b07b518944fc7004f6cb75b8e1,David Lord,2022-03-30T14:28:18-07:00,release version 2.1.1,1,1,1
a8f4ee1b66cfede1e596aef089850fad073e1775,David Lord,2022-03-30T14:33:50-07:00,Merge pull request #4510 from pallets/release-2.1.1,0,1,1
c6f297719e43380011e76ad6d070b7a27d4d1dce,David Lord,2022-03-30T14:35:07-07:00,release version 2.1.1,1,1,1
188bd17ff1f3e1d9c9ddd015c8765280e95ffb83,David Lord,2022-03-30T14:37:30-07:00,Merge pull request #4511 from pallets/release-2.1.1,0,1,1
45fc77d9266cd8101b2ab1e0487053db27b57ec2,David Lord,2022-03-30T14:39:31-07:00,Merge branch '2.1.x',0,10,1
9f4f559f5946306b190a0195baf2700851a9eb36,dependabot[bot],2022-04-01T16:04:08+00:00,Bump actions/checkout from 2 to 3,1,1,1
f70abe634a7a058ce35b11893002a97085515b6f,David Lord,2022-04-01T09:08:47-07:00,Merge pull request #4515 from pallets/dependabot/github_actions/actions/checkout-3,0,1,1
26555a85f188e5557897b08c8421706084843088,David Lord,2022-04-01T13:44:13-07:00,update requirements,5,25,25
0d4e71bfe127707ce8a3ede976a637db1cee74b0,David Lord,2022-04-01T13:54:39-07:00,Merge pull request #4517 from pallets/update-requirements,0,25,25
f59574f61198f139616868393db8785bcf9e0fdf,David Lord,2022-04-01T13:55:05-07:00,Merge branch '2.1.x',0,25,25
50bf3bba7354275bbfe3f8a4fc9ce1fec3b71404,pre-commit-ci[bot],2022-04-04T20:25:57+00:00,[pre-commit.ci] pre-commit autoupdate,1,1,1
56414782ca6c109f4c7c9d26418bf444468316db,David Lord,2022-04-08T10:53:28-07:00,pre-commit update branch,1,1,1
b9729a08796eebc57ed658c9c05ea8b6374fc2c2,David Lord,2022-04-08T10:56:25-07:00,Merge pull request #4518 from pallets/pre-commit-ci-update-config,0,2,2
e3c014f9aa566c83efd482ce1cd0e5e25cdb6cf2,LarsMoons,2022-04-08T17:45:44+02:00,"docs ""Returning API Errors as JSON"" return correct status code",1,1,1
5c0b9a6af334dcbb2814f4e004be2b2c8a389363,David Lord,2022-04-08T11:02:45-07:00,Merge pull request #4526 from lbm98/docfix,0,1,1
19d7a0ef78f1f8a05f7be5f0e8d2192fd1d5e5e8,MeViMo,2022-04-08T18:29:42+02:00,docs pass cli args as kwarg to test runner,1,2,2
5334e28f6e107e1b021bc9655e9a308c80826593,David Lord,2022-04-08T11:05:19-07:00,Merge pull request #4527 from MeViMo/main,0,2,2
a03719b01076a5bfdc2c8f4024eda7b874614bc1,David Lord,2022-04-08T11:06:32-07:00,Merge branch '2.1.x',0,5,5
411dbb37e2e37943b6282365049c2a8cee4ac9e6,David Lord,2022-04-11T06:11:37-07:00,remove old test,1,0,10
4dd14ed039aaab5edb50758edeaf0aacab3d1e5b,MeViMo,2022-04-13T18:49:51+02:00,Syntax error in testing.rst,1,3,3
2b8b47817a981b97a233420b5214f6ff9e771c35,David Lord,2022-04-13T10:03:22-07:00,Merge pull request #4537 from MeViMo/2.1.x,0,3,3
69f71b4d94006678a2463f76a4504208d195c367,David Lord,2022-04-24T09:50:55-07:00,start version 2.1.2,2,7,1
eede1a3685e21deaeb6686e9de9b76a73b6a510c,Rafael Zimmer,2022-04-12T13:17:24-03:00,fix annotation for json.loads,2,8,1
dba2be9311d2abfd1b973c6bb578f416ee771fda,David Lord,2022-04-24T09:58:01-07:00,Merge pull request #4534 from rzimmerdev/main,0,8,1
5050a18a0057df4cda6f6b00483d12d29cb59239,James Warne,2022-04-18T08:52:01-04:00,evaluate --cert before --key,3,11,1
2ec11930951d91dfa9cf02ad80a7da33b9b919b6,David Lord,2022-04-24T10:07:31-07:00,Merge pull request #4544 from bebleo/mark_run_cert_option_eager,0,11,1
cb4f7425435c39a85c3ed17e395677597d9aaf31,David Lord,2022-04-24T10:14:53-07:00,Merge branch '2.1.x',0,28,15
c395b13f9e9a691c6b23c68d5687ff052b7ada7e,David Lord,2022-04-24T10:19:58-07:00,update requirements,5,17,17
2b0b77cc1acb7381e990b17c881cb426c9ac75f5,David Lord,2022-04-24T10:20:07-07:00,Merge branch '2.1.x',0,17,17
3fd24c1f6fa2b3a5b68fb87b0fc3453a352340e5,Bo Bayles,2022-04-25T10:28:36-05:00,Fix copy/paste error in wsgi-standalone.rst,1,1,1
ff6290d4c75d4d295a0ba28f2f0c417f7374eb0c,David Lord,2022-04-25T09:03:29-07:00,Merge pull request #4551 from bbayles/patch-1,0,1,1
ef7d01f0a03be512b22d2a28b5a4229fdc87ea9a,David Lord,2022-04-28T08:59:40-07:00,update requirements,3,4,4
918fc07dd95224f990c2f01ea301e8e581fefc7f,David Lord,2022-04-28T08:59:47-07:00,Merge branch '2.1.x',0,5,5
ef6c2b9e4aee74098a1208b42ce432d7c82fc0d3,David Lord,2022-04-28T09:32:31-07:00,clean up pytest.raises tests,4,25,22
a0bb10b8d299c446559b6f95dd599230edc457ac,David Lord,2022-04-28T09:35:49-07:00,Merge pull request #4555 from pallets/pytest_raises_cleanup,0,25,22
7b28a9057d6925ae408ef73a9f28e9906d9300b3,David Lord,2022-04-28T10:44:02-07:00,release version 2.1.2,2,2,2
50374e3cfe815acd24fd390c861561a0dd17bfbb,David Lord,2022-04-28T10:46:41-07:00,Merge pull request #4558 from pallets/release-2.1.2,0,2,2
f976d5bb88216e921a96998f767df31d7039e4ef,David Lord,2022-04-28T10:48:05-07:00,Merge branch '2.1.x',0,26,23
8ddbad9ccdc176b9d57a4aff0076c1c58c455318,DailyDreaming,2022-05-02T07:46:09-07:00,Fix linting error.,1,8,1
a0aa8de6bc0d6da74707cb4d0c89bfc99e20c98f,David Lord,2022-05-02T10:29:38-06:00,Merge pull request #4572 from DailyDreaming/linting,0,8,1
9158d3b0b8c282e6d8580b76fb5098002d4ec0d4,Maria Andrea Vignau,2022-05-02T11:58:24-06:00,remove tab directive,1,8,9
2482cd4f53985436936b13533c1bcd0b09930768,David Lord,2022-05-02T12:11:56-06:00,Merge pull request #4578 from marian-vignau/Remove-Tab-directive-on-Contributing.rst,0,8,9
1e5dd430223369d13ea94ffffe22bca53a98e730,Qingpeng Li,2022-04-29T01:49:23+08:00,refactor error checks in register_error_handler,4,42,37
127df57a06ec7b1a8b698206b1bdefc93248de5a,David Lord,2022-05-03T11:56:11-06:00,Merge pull request #4560 from qingpeng9802/fix-old-behavior,0,42,37
a74e266474f0981e9fc0d54d5dc430386823e4d7,Stanislav Bushuev,2022-05-02T14:42:23+02:00,skip coverage for TYPE_CHECKING,13,13,13
bd56d19b167822a9a23e2e9e2a07ccccc36baa8d,David Lord,2022-05-03T12:17:03-06:00,Merge pull request #4566 from citramon/improve_coverage,0,13,13
11195f10838d84df0c5ab7158a99bbb94e34fc5a,David Lord,2022-05-04T06:03:31-07:00,remove outdated dotenv docs,1,1,3
587a49c1bfbe54deb8b0f3324f43c626e537c471,David Lord,2022-05-04T07:07:40-06:00,Merge pull request #4585 from pallets/docs-cli-cwd,0,1,3
410a324ec43ca2793a0413d3cd32ca45311e3ff5,Luis Palacios,2022-05-09T22:22:16-07:00,remove becomingbig.rst,5,4,112
b5c1a4f1f0507d41eff84e1083e61ed85a037e47,David Lord,2022-05-10T09:19:03-07:00,Merge pull request #4591 from moondial-pal/docs-omit-becomingbigrst,0,4,112
2381044d04cdb058a526c0e27163b4d891d851ed,David Lord,2022-05-10T09:27:54-07:00,remove references to mailing list,3,9,11
e322f32e94ac97981cfc441cb1ae187580b41d37,David Lord,2022-05-10T09:35:05-07:00,Merge pull request #4593 from pallets/remove-mailing-list,0,9,11
fdab801fbbd9de5adbdb3320ca4a1cb116c892f5,Tim Hoagland,2022-05-02T12:44:15-04:00,add redirect method to app,5,55,1
542cf30e48881e9e206ec03c507335e5806d127d,David Lord,2022-05-11T09:22:19-07:00,Merge pull request #4575 from thoagland/Issue_4569_add_redirect_to_Flask_App,0,55,1
a25d234cdddf584528dd6af21db736b6faad27af,David Lord,2022-05-11T09:39:26-07:00,Merge remote-tracking branch 'origin/2.1.x',0,30,136
eb5dd9f5ef255c578cbbe13c1cb4dd11389d5519,dzcode,2022-05-02T10:16:12-06:00,add aborter object to app,5,92,1
5512a6688193758a24ef0b6825217030da9fed21,David Lord,2022-05-12T13:45:37-07:00,Merge pull request #4576 from dzcode/dzcode/4567/abort-implementation,0,92,1
fac630379d31baaa1667894c2b5613304285a4bb,David Lord,2022-05-12T16:30:01-07:00,update app.redirect docs,3,17,11
92acd05d9bd33419ab885e4472b28a1d5cc15d2e,Ivan Sushkov,2022-05-02T12:29:55-06:00,add url_for method to app,2,46,37
39f93632964ecabfcb9c1980e2add922098aad80,David Lord,2022-05-14T12:43:38-07:00,finish moving url_for to app,3,189,156
00e2aac9371d94011279a6340ec3e7ecc86f097e,David Lord,2022-05-14T12:50:37-07:00,Merge pull request #4580 from ionesu/move_url_for_to_the_flask_app_object,0,204,162
69e2300608497bba103fd05735c878c0d642dd68,David Lord,2022-05-15T08:48:07-07:00,use app.url_for as template global,2,4,2
ca8e6217fe450435e024bcff3082d2a37445f7e1,David Lord,2022-05-15T08:54:26-07:00,Merge pull request #4596 from pallets/url_for-template,0,4,2
eb36135cfe6a17350617e47b70b9ad383206eded,Chris Hallacy,2022-05-02T11:33:29-06:00,always warn on blueprint setupmethod after registration,3,11,5
a406c297aafa28074d11ec6fd27c246c70418cb4,David Lord,2022-05-23T08:49:30-07:00,apply setupmethod consistently,3,53,30
e044b00047da9bf94e7eb88049a17fe1dcf78f4e,David Lord,2022-05-23T08:50:13-07:00,avoid triggering setupmethod late in tests,1,42,52
a52a7db6c9760adba6ceefa038b6ab69c207d7f9,David Lord,2022-05-23T09:12:45-07:00,Merge pull request #4577 from hallacy/hallacy/fix_4571,0,102,83
1232d698600e11dcb83bb5dc349ca785eae02d2f,David Lord,2022-05-23T09:46:20-07:00,inline conditional imports for cli behaviors,3,40,35
31aad113ff59337436e0308d467da31872f58f0a,David Lord,2022-05-23T09:51:58-07:00,Merge pull request #4606 from pallets/cli-imports,0,40,35
d506af1b1f27877f2101a20c6826e99f30427348,David Lord,2022-05-23T10:08:43-07:00,update requirements,5,13,13
1888df34405d46ac0e7524d0de9408e37449feaa,David Lord,2022-05-23T10:08:52-07:00,Merge remote-tracking branch 'origin/2.1.x',0,53,48
9252be9c9ebe46dd6415b24999a869ed87eace57,lecovi,2022-05-02T17:28:23-03:00,docs: new configuration format for celery,1,15,11
ab76703532939d0bbb6257abb9284eb229ed01d4,David Lord,2022-05-23T10:19:59-07:00,Merge pull request #4581 from lecovi/docs/#3871-celery-config,0,15,11
c45c81938a1715eb4bdf9eaf6ac9d75becb8c191,Nathan Brown,2022-05-12T19:57:50-04:00,Add link to additional packaging info,1,4,2
60ac0c509202b99ca9a5e3ea04addd93194ca5d0,David Lord,2022-05-23T10:44:48-07:00,Merge pull request #4595 from nkabrown/add-installation-tutorial-link,0,4,2
a4f63e0390e4f9aba543514d16479ce6f40e46be,David Lord,2022-05-23T10:54:02-07:00,start version 2.1.3,2,10,1
8cb950671f39c64707b6aaebfc60d7a8f1157da5,Justin Bull,2022-05-19T13:34:46-04:00,use bound typevar to accept Flask and Werkzeug Response classes,2,8,2
61f62e6005f72c44a90026e2589b6bc5234f2f24,David Lord,2022-05-23T13:15:26-07:00,access flask types through namespace alias,5,77,96
83e96806492bd90c1f866617ec56b07f2a6691c0,David Lord,2022-05-23T13:56:19-07:00,Merge pull request #4603 from f3ndot/use-correct-response-type-for-after-request-callable,0,85,98
3ecebcdf8de02818cd409afd6edd39a09248b3ef,Stanislav Bushuev,2022-05-31T17:51:39+02:00,Add test config.from_mapping method: ignoring items with non-upper keys,1,4,0
c6e3fc8072cc33b5f2c67ddbb723e71f67c5e9a7,David Lord,2022-05-31T09:10:36-07:00,Merge pull request #4613 from citramon/test_for_from_mapping_config_skip_not_upper,0,4,0
21d32ee0672c69573303ac78ff308109b06c9c91,David Lord,2022-06-01T11:23:09-07:00,update requirements,2,5,5
9e2e1de2fcf185ee9ebe9a546f830792403c9160,David Lord,2022-06-01T11:27:08-07:00,Merge branch '2.1.x',0,118,116
8c6f1d96ded2a22429b1ee7da6c3870cb140b587,lecovi,2022-05-02T15:22:08-03:00,add example code for testing typing tools,1,53,0
5d31ce1031e8ca24dc908c319567a76110edd87e,Nick Kocharhook,2022-06-01T12:16:21-07:00,Fix incorrect references to query in testing doc,1,4,4
696d7c620d97e78ea9ed8870380b5b302d9f9a01,David Lord,2022-06-01T16:10:31-07:00,Merge pull request #4617 from nk9/2.1.x,0,4,4
72cae9ce2b6a5a296b7328df8dd73240e14718e6,Numerlor,2022-06-05T02:57:49+02:00,Remove extra backtick,1,1,1
81be290ec8889c157c84bc7ce857f883396c5daf,David Lord,2022-06-03T12:54:54-07:00,view function is actually type checked,5,63,45
3351a8677e5bd1e1b8cfe2860b73b3422cde4f31,David Lord,2022-06-05T15:44:28-07:00,add errorhandler type check tests,4,40,4
5e40aa22afb7d3809f9d9559edd9d152b7f7d025,David Lord,2022-06-05T15:45:22-07:00,Merge pull request #4620 from Numerlor/remove-extra-backtick,0,1,1
48766754b8e8a16bfb075229eaaf88643c958c4e,David Lord,2022-06-05T15:49:41-07:00,add typing tests to mypy config,1,1,1
fb89745408cc02515815c792355c7e883b2d08a4,David Lord,2022-06-05T15:54:08-07:00,Merge pull request #4579 from lecovi/docs/#4574-test-typing,0,138,31
88bcf78439b66b5fcba9f4d3a1c56307f98dbf1d,Evgeny Prigorodov,2022-05-26T21:12:36+02:00,instance_path for namespace packages uses path closest to submodule,3,47,11
3ba37d2afe6511c3f3153248f7342174bea5b131,David Lord,2022-06-06T08:24:05-07:00,fix uninstalled package tests under tox,3,15,7
b06df0a792ceb5506da47e0c8fea09902c1058f9,David Lord,2022-06-06T09:17:53-07:00,remove outdated instance path test,1,0,12
c7f2ab8e7a512bd643bc640ce015bbe48e74e16e,David Lord,2022-06-06T09:26:53-07:00,Merge pull request #4610 from eprigorodov/feature-4602-namespace-path,0,59,27
7a2d5fb6df1f2c066b94dd88686137353ada9cc6,David Lord,2022-06-06T09:30:30-07:00,Merge branch '2.1.x',0,202,63
96c97dec095f204b8a557c5ea804afdd329e3c43,David Lord,2022-06-06T10:00:21-07:00,deprecate before_first_request,6,66,33
aab1d9935e17e40104a28c89d4c669f7ab3cc579,David Lord,2022-06-06T10:11:00-07:00,Merge pull request #4621 from pallets/deprecate-before_first_request,0,66,33
6e23239567efde1c2e272db87c53444d6c22a1bb,David Lord,2022-06-06T11:04:04-07:00,add View.init_every_request attribute,3,62,14
bab5a65e6eaee20ac1706fc9439ee538f59e652f,David Lord,2022-06-06T15:33:30-07:00,rewrite class-based view docs,2,311,215
45174bf9a1e96e51ce589c7aa2c151249d1fdf11,David Lord,2022-06-06T15:40:04-07:00,use __init_subclass__ instead of metaclass for MethodView,1,19,29
db3187fd7ab324d9175d8a1dd8c3919cec58d3b9,David Lord,2022-06-06T15:52:48-07:00,Merge pull request #4624 from pallets/view-init-scope,0,385,251
6f6e3289da182593fb296da072049ade729adeea,David Lord,2022-02-14T10:33:25-08:00,remove javascript fetch polyfill,7,22,24
9934528c8f7e3aa6f4a1c800cba439e5425a5093,Dan Mirsky,2022-06-09T09:12:10-07:00,Update send_from_directory docstring,1,2,1
ebc0d30dd1cf21b13569d65e4337d4706e3fd17e,David Lord,2022-06-09T09:24:26-07:00,Merge pull request #4630 from mirskiy/docs-mention-relative,0,2,1
2f3c87dcb8492f082a2f3ece444773d9db30171b,David Lord,2022-06-11T13:44:46-07:00,rewrite javascript docs,3,263,146
9398630a8f002b2d1729246846b167eaf1090b92,David Lord,2022-06-11T14:03:01-07:00,Merge pull request #4636 from pallets/docs-javascript,0,285,170
dcd1a1e0b67cefc5e41d363dad5f57ef9668e965,David Lord,2022-06-11T14:16:51-07:00,Merge branch '2.1.x',0,287,171
2ea77c278282f04a8a18c3ced88ef1e048f8ed4a,David Lord,2022-06-12T13:45:31-07:00,rewrite deployment docs,15,803,825
b0a144d0c0acacab9d6cc7ced256d0e841ec8009,David Lord,2022-06-12T14:03:55-07:00,Merge pull request #4637 from pallets/docs-deploy,0,803,825
9139af1c62a171555213c07fe41a2b8a7c2b26fc,David Lord,2022-06-12T14:10:51-07:00,Merge branch '2.1.x',0,803,825
a9878c018bdecc377788204a3bc93497ec1f050a,David Lord,2022-06-12T16:03:51-07:00,remove mod_wsgi-standalone,1,5,16
97298e06fe19298c3ff9d2e0ed9ba70bb3fda2c8,David Lord,2022-06-12T16:04:01-07:00,Merge branch '2.1.x',0,5,16
9c50b8fc1ca160803f7368fc44f12591da856fd4,David Lord,2022-06-13T06:08:45-07:00,fix formatting,1,1,1
4f03a769d44f6740490dd4ddf70e094c12a6090c,David Lord,2022-06-15T12:45:22-07:00,edit some cli messages,3,17,29
aa801c431ad1f979bce3ea1afbd88e7796ebfd7e,David Lord,2022-06-15T14:07:00-07:00,FlaskGroup can be nested,3,36,10
fe4003b3c998fde4c9ad8b2340f773f50079ede1,David Lord,2022-06-15T14:17:45-07:00,Merge pull request #4642 from pallets/cli-nest,0,53,39
99fa3c36abc03cd5b3407df34dce74e879ea377a,David Lord,2022-06-17T07:54:06-07:00,"add --app, --env, --debug, and --env-file CLI options",3,197,54
ab1fbef29a073fe5950ea2357f6a3a0d280eb506,David Lord,2022-06-17T09:26:26-07:00,prefer --app over FLASK_APP in docs,15,146,579
ae547270e935b08d4deada9e28b049ff53debefe,David Lord,2022-06-17T09:30:28-07:00,Merge pull request #4646 from pallets/cli-app-env,0,343,633
c9e000b9cea2e117218d460874d86301fbb43c43,David Lord,2022-06-17T11:14:22-07:00,with_appcontext lasts for the lifetime of the click context,6,65,26
cec5f74110a7369992be1651c24b695d9fe55ab3,David Lord,2022-06-17T11:57:22-07:00,Merge pull request #4647 from pallets/cli-app_context,0,65,26
ed42e9292811a95f2a68e06a9ae50cb5872216a3,Kevin Kirsche,2022-06-17T10:38:17-04:00,session expiration datetime is UTC timezone-aware,3,7,3
7f2a0f4806e40fb5c139b5b20ca443948ce1f4dd,David Lord,2022-06-17T12:05:19-07:00,Merge pull request #4645 from kkirsche/patch-2,0,7,3
762382e436062183b1e1fa6f3bda594090a452e7,pgjones,2022-06-09T09:30:21+01:00,view functions can return generators as responses directly,5,48,2
46433e9807a1c960d6b2bb0e125cf16a90167d97,pgjones,2022-06-09T09:21:48+01:00,add generate_template and generate_template_string functions,7,142,40
ab36542260c61f178b6e8f61312b706ac4c5f73e,David Lord,2022-06-18T12:24:13-07:00,Merge pull request #4629 from pgjones/generate,0,190,42
abcb6c96777794da1142b0117f8c57f95cba65b7,hankhank10,2022-06-23T10:59:43+01:00,Update javascript.rst,1,2,2
f6be300c4284527f76f910fe0d6f07d72a10a52b,David Lord,2022-06-23T06:00:33-07:00,Merge pull request #4652 from hankhank10/2.1.x,0,2,2
64ab59817dedd7959b4b38d47403c86415f4a322,hankhank10,2022-06-26T10:14:40+01:00,show separate HTTP method route decorators in quickstart,1,18,0
0a01248b5cee9d47363207687660708d5ba3ee4b,David Lord,2022-06-28T06:27:24-07:00,Merge pull request #4654 from hankhank10/main,0,18,0
b46bfcfa63e3c7b32b66dd4870f1c8c17fe1cb46,David Lord,2022-06-28T16:28:33-07:00,rewrite extension development docs,2,277,299
12d3f4fdf0b91a1b367dcda0421dfcd0774b6dd2,David Lord,2022-06-28T16:38:09-07:00,Merge pull request #4658 from pallets/docs-extension-dev,0,277,299
5544d09477af3221d988ec18b086930c2d9e67cd,David Lord,2022-06-29T21:11:58-07:00,re-add flag to skip unguarded app.run from CLI,3,9,7
3635583ce27f70a3d9efd1e2212d5efc1d256333,David Lord,2022-06-29T21:21:52-07:00,Merge pull request #4662 from pallets/fix-run-skip,0,9,7
2589328485f51ad17afda682dd84a83da4e4e38e,dependabot[bot],2022-07-01T16:05:52+00:00,Bump actions/setup-python from 3 to 4,1,1,1
57a95e82b7194f1809ac9f626140ab1e497e121f,David Lord,2022-07-01T09:45:43-07:00,Merge pull request #4665 from pallets/dependabot/github_actions/actions/setup-python-4,0,1,1
84c722044ad03f7f5384f5314c8350b3a13d8dfa,David Lord,2022-06-29T21:02:44-07:00,new debug/test preserve context implementation,10,84,220
6916697a982df775a66a1ac9971985e5fa213f2b,David Lord,2022-07-01T12:35:24-07:00,Merge pull request #4666 from pallets/debug-context,0,84,220
96d39c87a803e3a92152787a12d09bbc149556ec,David Lord,2022-07-01T13:32:50-07:00,Merge remote-tracking branch 'origin/2.1.x',0,298,302
9e686d93b69f0e73f801cc11a57839f4dfe2ca1a,David Lord,2022-07-01T13:44:31-07:00,remove deprecated RequestContext.g,2,4,26
c2810ffdd2f2becbc37d35f63b69034b8b9ed5b8,David Lord,2022-07-01T13:59:44-07:00,remove deprecated send_file argument names,2,13,65
c99f07d3e4b463174d1b25cc813e2df76c182773,David Lord,2022-07-01T14:14:37-07:00,Merge pull request #4667 from pallets/remove-deprecated-code,0,16,90
ab6a8b0330845c80d661a748314691302ea7d8f7,David Lord,2022-07-02T21:02:00-07:00,relax routes cli match order,1,16,17
1626aff602e3316642e69927333041370095c321,David Lord,2022-07-02T21:03:09-07:00,Merge branch '2.1.x',0,16,17
ca2bfbb0ac66fbbeeedbf6bbe317bee45cb23d29,Grey Li,2022-07-02T10:39:18+08:00,Support returning list as JSON,3,16,4
f8cb0b0dd5ea30729db6b131aeeb30915ea4860b,David Lord,2022-07-02T21:32:55-07:00,update docs about json,3,31,23
60b845ebabeb77e401186f4b83de21d3f9c6a9d7,David Lord,2022-07-02T21:40:20-07:00,update typing tests for json,2,18,2
559a8458c4187b3cc12b1ea5a92a393c7fbdc765,David Lord,2022-07-02T21:48:06-07:00,Merge pull request #4672 from greyli/return-list,0,62,26
50df54e4c7fb06df51a89d8f363e2997d2310449,David Lord,2022-07-04T08:35:36-07:00,explain workflow,1,3,0
e9d0000fc152108948144def06b2ac84524bffcc,pre-commit-ci[bot],2022-07-04T22:37:19+00:00,[pre-commit.ci] pre-commit autoupdate,1,4,4
e4c4fd57710097c7405f7b185b9048c1c8c72d3e,David Lord,2022-07-04T15:55:54-07:00,Merge pull request #4674 from pallets/pre-commit-ci-update-config,0,4,4
d7482cd765351e7495bfce45f9fb55732e91ab3a,David Lord,2022-07-04T17:03:08-07:00,Merge branch '2.1.x',0,4,4
9dfcb90c92e13f2d92cb723cb834b5e0d666a2f5,Ties Jan Hefting,2022-07-06T11:38:33+02:00,Document serialization of Decimal in JSONEncoder,2,2,0
cafe68e1edb8902f2dab977af9d848928ce1ecc6,David Lord,2022-07-06T05:33:05-07:00,Merge pull request #4675 from tiesjan/2.1.x,0,2,0
9b44bf2818d8e3cde422ad7f43fb33dfc6737289,Phil Jones,2022-07-06T22:05:20+01:00,Improve decorator typing (#4676),6,123,76
2f1d1d625697b9eca82dc8b2f46fff24dace63b1,pgjones,2022-07-08T14:33:20+01:00,Add further typing tests,1,38,0
c757882808a7e4e29636e433463435a7eed5b952,David Lord,2022-07-08T06:41:56-07:00,Merge pull request #4680 from pgjones/typing-test,0,38,0
6751f68560bfa7c51133d2712830645ed551ace8,Earl C. Ruby III,2022-07-08T10:21:42-07:00,New URL for the Quart project,1,1,1
94233fc8c07fdd11cf6b3309de8bb12368aa802a,David Lord,2022-07-08T10:28:01-07:00,Merge pull request #4681 from earlruby/patch-1,0,1,1
89463cb77c7f3830c308cdfcc250255fd7377d01,David Lord,2022-07-08T10:58:29-07:00,require Werkzeug 2.2,1,1,1
0b2f809f9b56861dae3ae5154d73b4afaf632a0a,David Lord,2022-06-27T07:57:03-07:00,access names as proxies directly,1,33,42
d597db67ded68d4aedf42b9d1d4570573fb79cd6,David Lord,2022-07-04T22:50:51-07:00,contexts no longer use LocalStack,5,146,71
82c2e0366ce6b74a3786a64631ce58b85b3a7d4e,David Lord,2022-07-05T06:33:03-07:00,remove uses of LocalStack,13,115,132
e0dad454810dd081947d3ca2ff376c5096185698,David Lord,2022-07-08T07:08:54-07:00,update docs about contexts,9,82,132
cbebdae698272eeea2739988ccce54b1f14a1a67,David Lord,2022-07-08T11:58:44-07:00,Merge pull request #4682 from pallets/refactor-context-stack,0,350,351
979e0adbacfb3c5cc1ac678b4ef5373dadde83d3,David Lord,2022-07-08T12:02:18-07:00,fix pr link,1,1,1
91044c4d769efa7f20455e1b70457a7da95c26d8,pgjones,2022-07-09T13:41:35+01:00,Change _cv_req -> _cv_request,7,25,25
5775d1e9b1a031c7bc3bf1463acb3289594ab3e4,David Lord,2022-07-09T05:44:52-07:00,Merge pull request #4685 from pgjones/name,0,25,25
58ecacd271c2a07018cb6f65da164d4bed1e14ea,Pedro Torcatt,2022-07-10T07:22:56-04:00,Change Roll back by Rever,1,1,1
4696156278c5d3f05fb09d1a605b6866b49ffbcb,David Lord,2022-07-10T04:36:55-07:00,Merge pull request #4686 from Jalkhov/main,0,1,1
03b410066b96f63ba2a215750f881d5bebb78a29,Pedro Torcatt,2022-07-11T18:02:00-04:00,Fix docs/CHANGES.rst typo,1,1,1
c356c6da5f25ba70bd53448ff1d1bf6ad6967fd5,David Lord,2022-07-11T16:50:10-07:00,Merge pull request #4687 from Jalkhov/patch-1,0,1,1
69f9845ef2da3051d74d4dade3e88ccf5b2ee3de,David Lord,2022-07-13T07:41:43-07:00,add json provider interface,13,664,284
67310ab49613be97a121053dfbbced14657b96eb,David Lord,2022-07-13T09:55:00-07:00,Merge pull request #4692 from pallets/json-provider,0,664,284
7096b2c4b13660998ad9a7bc845c3e6c5779afaa,David Lord,2022-07-13T13:39:51-07:00,update requirements,6,29,24
58f3536a8f5dfc18e559c518ae38cba52bec90a9,Yourun-Proger,2022-07-13T22:48:28+03:00,error for render_template outside app context,2,15,0
a7859c6947ffc3e74007c23646cf74518230f0fb,David Lord,2022-07-13T13:50:05-07:00,Merge pull request #4693 from Yourun-proger/msg_app_ctx,0,15,0
134aebe60115716b962a95a0dd31bf72c5417941,David Lord,2022-07-13T13:51:42-07:00,release version 2.1.3,2,2,2
187d7179f605d28c3d24e9f4d65d3295fb099afe,David Lord,2022-07-13T13:54:33-07:00,Merge pull request #4694 from pallets/release-2.1.3,0,2,2
48fe96588c5318be34c843233ada92c7787e720d,David Lord,2022-07-13T13:58:07-07:00,Merge branch '2.1.x',0,35,26
4f01c68a4bcabf7dde010b7c602f2811aa89a852,David Lord,2022-07-13T14:02:50-07:00,fix issue link,1,1,1
76a6b4f2b56bebf1262377ba5b39b7951155b54d,David Lord,2022-07-13T14:03:01-07:00,Merge branch '2.1.x',0,1,1
4bf7415a9692b0c1a69cd50a17c1cbda4a75931b,Matthijs van der Vleuten,2022-07-14T11:22:22+02:00,allow TypedDict as a response value,3,15,1
900e11850a201717599fb12fb7cd76c37078206d,David Lord,2022-07-14T14:17:38-07:00,Merge pull request #4695 from zr40/allow-typeddict-as-responsevalue,0,15,1
add53e190cf90b01b37914f810a370a0cd681800,David Lord,2022-07-24T18:40:52-07:00,require Werkzeug 2.2,2,2,1
2869ddf50ce8dbf590a5a6992ffc7bbd096884a3,David Lord,2022-07-24T19:35:28-07:00,update blinker intersphinx link,1,1,1
363be75e8401350d4f1b131723991d382fce83c6,David Lord,2022-07-24T19:35:44-07:00,remove reference links from changelog,1,194,218
02a08512527f997e43d1c01d03d4d473cab3b239,David Lord,2022-07-24T19:37:30-07:00,Merge branch '2.1.x',0,195,218
095651be9eec58ddb0c2eb6158318b1c703c67c5,David Lord,2022-07-25T07:35:17-07:00,fix has_app_context and has_request_context,1,2,2
5d8e35653fca0d7ee01519d556c7851089de82ea,David Lord,2022-08-01T09:13:01-07:00,refactor lazy loading,6,31,118
633f421031c9c18b56177b0d42adcb505b4627b1,David Lord,2022-08-01T10:44:31-07:00,Merge pull request #4718 from pallets/remove-lazy-option,0,31,118
7d53a129cf1b28f1a88491ae50877473b68bdb54,David Lord,2022-08-01T10:52:12-07:00,remove __traceback_hide__,1,0,4
3e5ca2902e1de0ceb8dc83d087274db61070b17d,David Lord,2022-08-01T10:56:14-07:00,Merge pull request #4719 from pallets/remove-lazy-option,0,0,4
4c08e3a2ba3d42fbee63577bceedfe325f51b81d,David Lord,2022-08-01T11:39:31-07:00,update pycharm instructions,3,22,39
ef95998d79eed3b8350d8db825e3d98f25c179f2,David Lord,2022-08-01T15:11:21-07:00,deprecate FLASK_ENV,5,95,96
30427a209043bfb9730904e0c34b0dbc40bd21f4,David Lord,2022-08-01T15:11:35-07:00,remove FLASK_ENV from docs,7,84,188
98ca00d54532bfdf858fe663f8fb3cc260c2048b,David Lord,2022-08-01T15:19:16-07:00,Merge pull request #4720 from pallets/deprecate-env,0,201,323
6f9ef112865eae12684aa74924ee08504044a62d,pre-commit-ci[bot],2022-08-01T23:18:11+00:00,[pre-commit.ci] pre-commit autoupdate,1,4,4
bfdd37110c67ebeb42061fb43cf684b05291241f,David Lord,2022-08-01T16:53:15-07:00,deprecate config attributes,8,154,57
cfd5783a984c81828e79641b5d761a56633fa0e8,David Lord,2022-08-01T17:04:12-07:00,Merge pull request #4722 from pallets/deprecate-config-attrs,0,154,57
ac1bb97679f2b778bd89580fac2f461ff77c716a,David Lord,2022-08-01T17:07:27-07:00,Merge pull request #4721 from pallets/pre-commit-ci-update-config,0,4,4
f3bb9b25665d5d141d899979116ad62d771815cc,David Lord,2022-08-01T17:07:58-07:00,Merge branch '2.1.x',0,4,4
292c7e5c5db14824a23bbd6fdfe69f62015aee20,David Lord,2022-07-26T09:40:02-07:00,release version 2.2.0,2,2,2
b17bb9ed563ab2857c0db9a07ec4e6407404c7be,David Lord,2022-08-01T17:12:09-07:00,Merge pull request #4710 from pallets/release-2.2.0,0,2,2
01dec1889127a3fc09eaa0dac905559740842992,David Lord,2022-08-01T17:46:38-07:00,start version 2.3.0,1,6,0
cb4ee201179f7c414fbcd02145a1147f2793fa46,David Lord,2022-08-01T17:46:58-07:00,pre-commit updates latest release branch,1,1,1
9a1b25fce4ddd553d7cba01bab3df5841a24aeff,David Lord,2022-08-03T06:47:31-07:00,start version 2.2.1,2,7,1
714ccefeca33db9e87e8ef4abd0008af05c32a4d,David Lord,2022-08-03T09:11:37-07:00,show deprecation warning on json_encoder/decoder access,5,167,42
723a3a6ffdb2c84eb7883d0852ec7d41fed751c0,David Lord,2022-08-03T10:02:18-07:00,Merge pull request #4735 from pallets/json_encoder-warning,0,167,42
0d87b22314d7d0f1a0aa6c3be340095412f6637e,David Lord,2022-08-03T16:39:35-07:00,update requirements,5,12,14
52c54b2ce1e392c5d5cd9339a4a069e91edd1d01,David Lord,2022-08-03T16:40:28-07:00,release version 2.2.1,2,2,2
85f79e1a2360c3589b228410c39e208b8514b5b9,David Lord,2022-08-03T16:51:22-07:00,Merge pull request #4736 from pallets/release-2.2.1,0,2,2
21aaf0ef9a21bfb8f27fdc74072a09803d9ab6fd,David Lord,2022-08-03T17:09:43-07:00,Merge branch '2.2.x',0,186,57
4984753dbf5a247f46e2903011c981d0709973ff,David Lord,2022-08-04T07:21:17-07:00,start version 2.2.2,2,7,1
a6a7a57380cd8f7410753c3b819ba6d09198d8c9,David Lord,2022-08-04T07:24:20-07:00,fix default value of app.env,2,4,1
45b2c99c1f6a884376d54bbb25223edad65596c5,David Lord,2022-08-04T07:27:50-07:00,Merge pull request #4742 from pallets/env-default,0,4,1
795d3e25aae40031ec9021f08aba54fe7a5b5e5a,David Lord,2022-08-04T07:32:51-07:00,Merge branch '2.2.x',0,11,2
a0458efef6c8a5669bb6e78044a290bf560f962b,David Lord,2022-08-05T11:28:22-07:00,refactor or remove old docs (#4748),10,43,681
e3df23374cdb9342a823556170c53c9d987d0d33,David Lord,2022-08-05T11:29:39-07:00,remove env from shell banner,1,1,1
e3eaafb56e3914676755fce6f67256599fb3fc64,David Lord,2022-08-05T11:35:15-07:00,Merge pull request #4749 from pallets/shell-env,0,1,1
87584e89fe65dfb76654ba65360d0b3ce32d44e2,David Lord,2022-08-05T11:35:36-07:00,Merge branch '2.2.x',0,44,682
6ab3cb8d0cb1fa28dd2e0118c07e481720bd684a,David Lord,2022-08-08T10:27:57-07:00,fix issue number,1,1,1
c779ac4f5f9046ce614c7ea30dee4838541b84b5,David Lord,2022-08-08T10:28:08-07:00,Merge branch '2.2.x',0,1,1
de16718b39e3544688130339a0813997e3790c48,David Lord,2022-08-08T16:14:00-07:00,require werkzeug >= 2.2.2,3,4,8
e9af7c23ae19fcc50781b7711f4672c113636892,David Lord,2022-08-08T16:19:32-07:00,Merge pull request #4754 from pallets/werkzeug-version,0,4,8
43d2fff317aec64a000604a764b8ab2dc751c753,David Lord,2022-08-08T16:21:40-07:00,release version 2.2.2,2,2,2
a1c478bc93d3dc018a6e7a1ba3cf5409553c9df3,David Lord,2022-08-08T16:24:25-07:00,Merge pull request #4755 from pallets/release-2.2.2,0,2,2
36af821edf741562cdcb6c60d63f23fa9a1d8776,David Lord,2022-08-08T16:28:50-07:00,Merge branch '2.2.x',0,5,9
00b07c863ec147256b68f71c3fe9b6b2f9dbe6bc,Philipp Rohde,2022-08-09T09:48:02+02:00,fix typo,1,2,2
22b6296830113827810d4e89c634f8153020f097,tautv,2022-08-09T09:45:02+01:00,Update javascript.rst,1,1,1
5b2e9e946bd1e024795d54b9daa489ead6b7a995,Grey Li,2022-08-09T22:03:39+08:00,Merge pull request #4757 from prohde/fix-4756,0,2,2
062a096f4056c78956a6d12d2a04f2cef5180af6,Grey Li,2022-08-09T22:08:08+08:00,Merge pull request #4758 from tautv/patch-1,0,1,1
77cdefcceeb90e261977493318bc8e71c5b15c33,Oğuzhan Çelikarslan,2022-08-12T13:26:26+03:00,Fix typo,1,1,1
b0b27785ae2a94bb41a9750ae9a0aaea8ae2dc35,Grey Li,2022-08-13T10:22:10+08:00,Merge pull request #4760 from oguzhancelikarslan/patch-1,0,1,1
1d07857b1ddd2c0aef6d09436b307eb7abfdbd39,David Lord,2022-08-15T07:29:34-07:00,fix typo,1,1,1
d94634b1beaf81afea662692874fdaa4c8a6bd89,David Lord,2022-08-15T07:34:50-07:00,fix view docs,1,8,3
2d3f72574dcb9026c3fed6b68568351a4b18a69a,David Lord,2022-08-15T12:37:11-07:00,fix typo,1,1,1
86bf3f205feaa86e149674cd0f23a14f3e5c2e22,Dillon Barnes,2022-08-17T17:00:25+01:00,Correct `waitress-serve` command,1,2,2
e0c157f7ee99bde3376e456a914bb07260eb6017,David Lord,2022-08-17T09:24:58-07:00,Merge pull request #4772 from DillonB07/patch-1,0,2,2
746455d1038fd5479f396cbf2d19b48edfeb8290,Thomas Rhines,2022-08-14T18:59:19-04:00,Fix misrendered docstring,1,3,2
56a95f6ff6b14d26a8aad124bf08484e2b4be21f,David Lord,2022-08-21T07:56:09-07:00,Merge pull request #4780 from tjrhines1/config-fix-docstring,0,3,2
212b72a1feeae69739fb50fc5ab11d1c025350bc,David Lord,2022-08-22T09:00:33-07:00,start version 2.2.3,2,7,1
00bdc2b448a10c690b159d778391fe23852cfc08,Kevin Kirsche,2022-08-22T12:05:52-04:00,fix: remove obsolete `zip_safe` (#4783),1,0,1
ce6ad90ecf79daf759e177e0403f27c469c7f6a8,David Lord,2022-08-27T06:03:46-07:00,remove heroku link,1,0,1
73b9bacbf7e7440e5a8a65e61fecfe3d0ce75579,David Lord,2022-08-27T06:04:55-07:00,Merge branch '2.2.x',0,25,15
e7b2ce9a50c4a3a1ff5d032f201ed43d8cd39f17,Isaac Woodruff,2022-09-02T16:52:13+01:00,Add missing .dev to version (#4801),1,1,1
00be8d24ac3a2a68f35011001e3b0b0550501afd,David Lord,2022-09-02T08:53:04-07:00,Merge branch '2.2.x',0,0,0
8811ae037a70621fdca8b109d155ff4aed0eb662,pre-commit-ci[bot],2022-09-07T12:07:20-07:00,[pre-commit.ci] pre-commit autoupdate (#4806),1,1,1
7c01fbcd06c5d86c20bdc893a8caaba7ccb888f9,David Lord,2022-09-11T06:33:44-07:00,update requirements,4,16,20
c34c84b69085e6bce67d0701b8f8ba3145f42ff2,David Lord,2022-09-11T06:33:56-07:00,Merge branch '2.2.x',0,17,21
2c7877123880d44f5d964c7370ed5dd4dbc45ad2,waffle-stomper,2022-09-14T23:07:20+10:00,Fix missing assignment in MethodView example (#4815),1,1,1
9c3deeee963e62dfb60c9343fad4ec2ec752fdba,Maksim Salau,2022-09-14T15:08:38+02:00,Fix argument in `register_api()` in docs/view.rst (#4818),1,1,1
0d8c8ba71bc6362e6ea9af08146dc97e1a0a8abc,Yang Yang,2022-09-18T19:53:47+08:00,Fix docstring of test_request_context (#4821),1,1,1
c7da6d74a89753405203e2ee7d19dda74b38b493,pre-commit-ci[bot],2022-10-03T23:30:28+00:00,[pre-commit.ci] pre-commit autoupdate,1,2,2
75e92090ee43642ad0608edc8bc5d4dc5e84dec8,TehBrian,2022-10-04T21:12:13-04:00,fix typo in quickstart,1,1,1
3dc6db9d0cfddcfb971c382b014bb56ac3761d3c,David Lord,2022-10-04T20:09:06-07:00,Merge pull request #4835 from TehBrian/2.2.x,0,1,1
e7c82f9c47083b513b1f1b4cbc383c82c3084669,David Lord,2022-10-19T07:16:04-07:00,Merge pull request #4833 from pallets/pre-commit-ci-update-config,0,2,2
5dfd2126a6d5210096ec6ba1ead471b79dc8bd17,Mat Steininger,2022-10-15T18:34:37-04:00,Fixed inconsistent double spacing in docs/api.rst,1,45,45
cc66213e579d6b35d9951c21b685d0078f373c44,Jonah Lawrence,2022-10-30T08:55:51-06:00,Add .svg to select_jinja_autoescape (#4840),3,8,2
2a54cfa5cecf4dd9f17525bf3ebae4d33a155776,Grey Li,2022-10-30T23:00:37+08:00,Merge pull request #4847 from mhsmathew/patch-1,0,45,45
9daddd12719a098ff33556fcc34c0b7cf33120ca,pre-commit-ci[bot],2022-11-01T00:06:23+00:00,[pre-commit.ci] pre-commit autoupdate,1,3,3
35c6595202c7b46a7d2a082e44250e3bfbe1aa41,Grey Li,2022-11-01T09:41:21+08:00,Merge pull request #4858 from pallets/pre-commit-ci-update-config,0,3,3
9f99425aaf3433c892d0aeb941427f0766b02e2d,pre-commit-ci[bot],2022-11-07T20:38:32-08:00,[pre-commit.ci] pre-commit autoupdate (#4862),1,1,1
d178653b5f7a5ee2ba15e215ce60caeeb9ed82e1,David Lord,2022-11-25T07:39:54-08:00,update requirements,12,39,46
618fdc86000d161d29bd8de70f998780474cfa28,David Lord,2022-11-25T07:43:46-08:00,Merge pull request #4879 from pallets/requirements,0,39,46
066a35dd322f689ec07d7c0e82b19eacadac3c6b,David Lord,2022-11-25T07:51:37-08:00,Merge branch '2.2.x',0,86,93
d951a763fb90ff3edb5aede5198198ee5d30d44e,Abdur-Rahmaan Janhangeer,2022-11-27T13:51:09+04:00,Fix backstick not rendering.,1,1,1
9a294a640141ea8ab108e5c0964d75d91a636c0a,Dosenpfand,2022-11-27T12:53:08+01:00,Fix class-based views example,1,1,1
29697fffb4cf4d2f2eafae8ca6c049d530cde1a1,David Lord,2022-11-27T06:50:46-08:00,Merge pull request #4883 from Dosenpfand/doc-extension-dev-2.2.x,0,1,1
b5ec83b6970fe94450310d8fecd811a22d6287a7,David Lord,2022-11-27T06:51:08-08:00,Merge pull request #4882 from Abdur-rahmaanJ/patch-4,0,1,1
3e932aa103661e78a0946e15f35b9f4da3908d39,pre-commit-ci[bot],2022-12-06T00:34:53+00:00,[pre-commit.ci] pre-commit autoupdate,1,1,1
3d4acf0ca07b8c513bac1f43c25b870ff6c071c9,Grey Li,2022-12-10T13:42:03+08:00,Merge pull request #4899 from pallets/pre-commit-ci-update-config,0,1,1
95b666871c7a89f2793952ea06d1c45e0ae5a38a,rayanth,2022-12-13T13:27:38-08:00,Update api.rst,1,1,1
dcdcac2f3a48d992a94dcc4598dccbd612dae099,David Lord,2022-12-13T16:36:49-08:00,Merge pull request #4907 from rayanth/patch-1,0,1,1
43ef559de3ecb1915aabe8156f357d7ac4cd22b3,Maxim G. Ivanov,2022-12-21T10:41:11+07:00,Fix varname in docs,1,1,1
d36a379a0fa1f83e539da6f305c7fbaa9122e886,Grey Li,2022-12-22T21:48:45+08:00,Merge pull request #4913 from ivanovmg/fix/var-name,0,1,1
43bc7330cece1dbe75e7d6c326a0dea8d5652699,David Lord,2022-12-22T09:23:48-08:00,update requirements,5,27,25
8e3128b9893ba4ec8d120e1c2f479f61bd10a476,David Lord,2022-12-22T09:30:31-08:00,ignore flake8 b905 zip(strict=True) until python 3.10,1,2,0
1373f70dc648f9f16032ea1e9b13f3fb59a8f612,David Lord,2022-12-24T10:25:43-07:00,Merge pull request #4922 from pallets/update-requirements,0,29,25
1a68768e6b0aa19bd670ca050ad81adff55ba479,Asif Saif Uddin,2022-12-01T18:57:08+06:00,python 2 style inheritance clean up from docs,1,2,2
55cdb420a02e6d58386f37c748794e05aec0f2d2,David Lord,2022-12-24T10:36:40-07:00,Merge pull request #4926 from pallets/docs-inheritance,0,2,2
6fcf6d00bd36f7c3c51115199615dc93c4a3007a,Maxim G. Ivanov,2022-12-22T23:23:23+07:00,"Fix URL ""committing as you go""",1,1,1
d8fe178aa635c8cc584fae86435824bd97595100,David Lord,2022-12-24T10:57:53-07:00,Merge pull request #4920 from ivanovmg/fix/link,0,1,1
677a0468481a0f620bdb217e8f1a24ebe94681e5,Maxim G. Ivanov,2022-12-22T23:23:23+07:00,"Fix URL ""committing as you go""",1,1,1
d9e56c7f4b04b050b28cf90778f44dcb2e0287f4,David Lord,2022-12-24T11:07:46-07:00,Merge pull request #4920 from ivanovmg/fix/link,0,0,0
09112cfc477a270f4b2990e1daf39db1dbe30e98,Maxim G. Ivanov,2022-12-23T00:19:18+07:00,template_folder type allows pathlib,4,5,3
631b6dd54619f5e71134297e3daa9bdbd1bc123b,David Lord,2022-12-24T11:20:56-07:00,Merge pull request #4921 from ivanovmg/fix/template_folder,0,5,3
7464e17c5e61a480b65ecff611cd7bb16f80266b,David Lord,2022-12-24T11:21:59-07:00,Merge branch '2.2.x',0,41,35
79032ca5f1c4747e5aeaa193bdeb2e4eae410ea6,Jonah Lawrence,2022-10-30T07:55:51-07:00,Add .svg to select_jinja_autoescape (#4840),3,8,2
4bc0e4943dfa637361aec2bb18dc9e1fabeaad12,Grey Li,2022-08-21T17:36:30+08:00,Add --debug option to flask run,2,9,1
bd26928fdb2476fca62f0e621e8f2870250ac2bc,Grey Li,2022-08-23T12:44:50+08:00,Prefer flask run --debug in docs,9,15,19
229dcbb5ce3fd935974d923be84ad1bf9efb61e8,David Lord,2022-12-24T15:28:21-07:00,Merge pull request #4779 from greyli/add-debug-to-run,0,15,11
910179f9b0999685f5594284f0dc1577392034bd,David Lord,2022-12-24T15:31:07-07:00,Merge branch '2.2.x',0,15,11
4d69165ab6e17fa754139d348cdfd9edacbcb999,David Lord,2022-12-29T09:51:34-08:00,revert run debug docs,7,10,10
eeebb5adc7bc30c79975dece8119b82ddc063130,David Lord,2022-12-29T09:51:58-08:00,Merge branch '2.2.x',0,10,10
74e5263c88e51bb442879ab863a5d03292fc0a33,David Lord,2022-12-29T09:52:18-08:00,new run debug docs,7,10,10
bb1f83c26586f1aa254d67a67e6b692034b4cb4a,dependabot[bot],2023-01-01T16:01:00+00:00,Bump dessant/lock-threads from 3 to 4,1,1,1
fa1ee7066807c21256e90089731c548b313394d2,David Lord,2023-01-03T08:24:17-07:00,Merge pull request #4933 from pallets/dependabot/github_actions/dessant/lock-threads-4,0,1,1
d7b6c1f6703df405c69da45e7e0ba3d1aed512ce,Josh Michael Karamuth,2022-10-31T12:49:16+04:00,Fix subdomain inheritance for nested blueprints.,2,56,0
cabda5935322d75e7aedb3ee6d59fb7ab62bd674,pgjones,2023-01-04T16:45:20+00:00,Ensure that blueprint subdomains suffix-chain,4,26,4
836866dc19218832cf02f8b04911060ac92bfc0b,David Lord,2023-01-04T14:06:35-07:00,Merge pull request #4935 from pgjones/subdomain,0,78,0
2a9d16d01189249749324141f0c294b31bf7ba6b,David Lord,2023-01-09T10:37:04-08:00,update tested python versions,4,30,38
4a0f658897dfcb86fad09d0411e74f0658ae72f1,David Lord,2023-01-09T10:42:14-08:00,Merge pull request #4943 from pallets/update-python,0,30,38
a7487701999fee55bb76a393e72c96ac8e277fcf,Bhushan Mohanraj,2023-01-06T22:14:03-05:00,clarify `View.as_view` docstring,1,2,2
8bfc0581e7b81240b3d672da73e9a0a2e848c3b3,David Lord,2023-01-09T11:11:02-08:00,Merge pull request #4942 from bhushan-mohanraj/patch-2,0,2,2
3812a52e96d8dd0630eb3263485bce6da5cda07c,David Lord,2023-01-09T12:39:48-08:00,Merge branch '2.2.x',0,30,38
9da947a279d5ed5958609e0b6ec690160c496480,David Lord,2023-01-09T12:45:16-08:00,set workflow permissions,1,11,4
6d6d986fc502c2c24fe3db0ec0dbb062d053e068,David Lord,2023-01-18T09:50:41-08:00,switch to pyproject.toml,6,123,141
8f13f5b6d672f1ba434f9c8ebe2c1b1dd385962e,David Lord,2023-01-18T10:21:37-08:00,update docs and examples for pyproject,24,153,195
261e4a6cf287180b69c4db407791e43ce90e50ad,David Lord,2023-01-18T10:31:08-08:00,fix flake8 bugbear errors,3,17,16
78b42b9ac288c20c107a3b6779c322acb45be3d4,David Lord,2023-01-18T10:38:38-08:00,Merge pull request #4947 from pallets/pyproject,0,282,341
3a35977d5fbcc424688d32154d250bc0bae918d6,David Lord,2023-01-19T06:35:15-08:00,stop ignoring flake8 e402,3,3,5
99b34f7148b77d4b1311593590629c2bc8e8e772,David Lord,2023-01-18T10:31:08-08:00,move and update flake8 config,6,33,35
0b4b61146ffca0f7dfc25f1b245df89442293335,David Lord,2023-01-20T13:45:15-08:00,"build, provenance, publish workflow",5,106,9
39fc0c6badd3e9d2537c7baa765d9cc80a8a8d47,David Lord,2023-01-20T13:49:30-08:00,Merge pull request #4949 from pallets/publish-workflow,0,139,44
ef85270d9ada6d9b25beabb4602047fc91eef2f9,David Lord,2023-01-20T13:50:23-08:00,Merge branch '2.2.x',0,97,7
d93760d8bd6e367faefe9ad550f753e32ef9a12d,Andrii Kolomoiets,2023-01-23T17:01:49+02:00,Fix function argument name,1,1,1
94a23a3e24b6736ca3b54773de0ce384270c457a,dependabot[bot],2023-02-01T16:01:23+00:00,Bump actions/setup-python from 4.4.0 to 4.5.0,2,2,2
74c256872b5f0be65e9f71b91a73ac4b02647298,dependabot[bot],2023-02-01T16:01:30+00:00,Bump actions/cache from 3.2.3 to 3.2.4,1,1,1
f8228910657f964f15f771e297be37e5a4c0a7b3,David Lord,2023-02-01T08:54:52-08:00,Merge pull request #4958 from pallets/dependabot/github_actions/actions/setup-python-4.5.0,0,2,2
88069bd417f5fd0e271a83768391a280267d2994,David Lord,2023-02-01T08:55:09-08:00,Merge pull request #4959 from pallets/dependabot/github_actions/actions/cache-3.2.4,0,1,1
9abe28130d4f0aff48b4f9931ebc15bd7617f19f,owgreen,2023-02-03T00:43:02+09:00,fix doc,1,2,2
f45bc5995cb33cb47afcd5f2683924e84ef01516,David Lord,2023-02-02T09:01:03-08:00,Merge pull request #4960 from owgreen/fix_appfactories_doc,0,2,2
3502cc951bc8b16ffb7fc90d8cecf059b214a167,David Lord,2023-02-02T09:01:21-08:00,Merge pull request #4952 from muffinmad/patch-1,0,1,1
c1d01f69994e87489d04c3218a417f517ab6c88e,pre-commit-ci[bot],2023-02-07T04:42:52+00:00,[pre-commit.ci] pre-commit autoupdate,1,1,1
a15da89dbb4be39be09ed7e5b57a22acfb117e6d,pre-commit-ci[bot],2023-02-07T04:43:02+00:00,[pre-commit.ci] auto fixes from pre-commit.com hooks,1,0,1
dd2423ebdec3b58db0dea58897d321c7c629c1b3,David Lord,2023-02-07T07:11:50-08:00,Merge pull request #4963 from pallets/pre-commit-ci-update-config,0,1,2
4ddb3f73baa5b60ed83d6bb48d0d447a0d8ab492,David Lord,2023-02-07T07:18:54-08:00,Merge branch '2.2.x',0,3,4
428d9430bc69031150a8d50ac8af17cc8082ea4e,Maxim G. Ivanov,2023-02-09T09:38:57+07:00,Fix command-line formatting,1,2,0
761e02ef67f9c689d899325dbafb7afdf6e495c6,David Lord,2023-02-08T18:44:10-08:00,Merge pull request #4966 from ivanovmg/fix/cmd-format,0,2,0
dca8cf013b2c0086539697ae6e4515a1c819092c,David Lord,2023-02-08T17:30:53-08:00,rewrite celery background tasks docs,1,200,70
3f195248dcd59f8eb08e282b7980dc04b97d7391,David Lord,2023-02-09T10:50:57-08:00,add celery example,9,313,0
d5527264f0506504fd2fd400192c8f696ce6d979,David Lord,2023-02-10T09:35:31-08:00,Merge pull request #4968 from pallets/docs-celery,0,513,70
ab93222bd6d4ea26e3aa832a0409489530f3f5e0,David Lord,2023-02-10T09:58:48-08:00,point to app-scoped blueprint methods,2,77,33
129568f7f4197bdcec9b8eb96f1f4d55f9519c83,David Lord,2023-02-10T10:42:47-08:00,Merge pull request #4971 from pallets/docs-blueprint-app-methods,0,77,33
ba2b3094d1a8177059ea68853a48fcd5e90920fe,David Lord,2023-02-10T10:50:48-08:00,fix test client arg for query string example,1,3,2
f425c117e2a0309da7faa149090936733a65c57c,David Lord,2023-02-10T10:53:02-08:00,Merge pull request #4972 from pallets/docs-push-reqctx,0,3,2
a6cd8f212e762b8f70e00f3341b27799c0fb657a,David Lord,2023-02-10T14:48:02-08:00,document the lifecycle of a flask application and request,3,172,2
b945f988f94fd6f84fef31bd0bb668d71780f78b,David Lord,2023-02-10T14:54:49-08:00,Merge pull request #4973 from pallets/docs-lifetime,0,169,0
a18ae3d75271ead93d779f4c950ad5750684c0a0,David Lord,2023-02-10T15:06:38-08:00,Merge branch '2.2.x',0,764,105
aa040c085c8c560616069f06c34cf796c10b05f1,David Lord,2023-02-10T15:07:24-08:00,run latest black format,1,2,2
24df8fc89d5659d041b91b30a2ada9de49ec2264,David Lord,2023-02-15T14:24:56-08:00,show 'run --debug' in docs,8,23,15
41d4f62909bb426c84e9d057151f7d734695320a,David Lord,2023-02-15T14:20:33-08:00,release version 2.2.3,2,3,5
6a392afbb6404236897ce7c0d02ac78b199e31bb,David Lord,2023-02-15T14:44:24-08:00,Merge pull request #4980 from pallets/release-2.2.3,0,26,20
ed5b240417414cbd0322efa95c91f759928ba154,David Lord,2023-02-15T14:48:09-08:00,Merge branch '2.2.x',0,16,10
c4c7f504be222c3aca9062656498ec3c72e2b2ad,David Lord,2023-02-16T06:27:25-08:00,update dependencies,6,47,39
604de4b1dc0729233704a08c32612c6f1221cccb,David Lord,2023-02-16T06:27:41-08:00,Merge branch '2.2.x',0,47,39
6650764e9719402de2aaa6f321bdec587699c6b2,David Lord,2023-02-23T08:35:16-08:00,remove previously deprecated code,16,81,946
1ee22e1736ffd12c2222cd6215ed04ec1592adaa,David Lord,2023-02-23T08:45:38-08:00,Merge pull request #4995 from pallets/remove-deprecated,0,81,946
9c02f07f9bb4c88207c2a6860742c452c35d2948,David Lord,2023-02-23T08:55:01-08:00,deprecate markupsafe exports,8,41,20
704b68948f7bb94a3a4fa15e99243d4ed82081c5,David Lord,2023-02-23T08:59:37-08:00,Merge pull request #4996 from pallets/deprecate-markupsafe-export,0,41,20
2a33c1785412075c09f9f55b3e25f2bc995ca461,David Lord,2023-02-23T09:28:42-08:00,deprecate got_first_request property,3,11,3
fc03d0dfab64945169e1114cdc1fb39519a1e0c1,David Lord,2023-02-23T09:29:36-08:00,setup method on registered blueprint is error,2,8,13
c690f529f28a8fd7ecdac90939944475613760a5,David Lord,2023-02-23T09:34:17-08:00,Merge pull request #4997 from pallets/deprecate-got_first_request,0,19,16
4256fc63044fa0d9c2135443461689b1adaf386d,David Lord,2023-02-23T10:05:57-08:00,deprecate locked_cached_property,4,22,6
4c288bc97ea371817199908d0d9b12de9dae327e,David Lord,2023-02-23T10:59:28-08:00,Merge pull request #4998 from pallets/deprecate-locked_cached_property,0,22,6
b10b6d4af1127fdfb0a74221af0c020ced71fece,AntoineMath,2023-02-22T14:40:49+01:00,add text parameter to config.from_file,4,23,5
2ad4d8d717dfe1e15b8205a825a5d3a8cb106acc,David Lord,2023-02-23T11:13:18-08:00,Merge pull request #4992 from AntoineMath/file_mode,0,23,5
736b5f9ff8564dee7e953987c7ef10c58146afa1,David Lord,2023-02-23T15:58:21-08:00,update dependencies,4,12,12
5cdfeae2e82541577e17f5179d91775550e34ebd,David Lord,2023-02-23T15:58:29-08:00,Merge branch '2.2.x',0,12,12
3cdcc729a73766bdb071b8b43a1d60971994db07,dependabot[bot],2023-03-01T16:57:31+00:00,Bump slsa-framework/slsa-github-generator from 1.4.0 to 1.5.0,1,1,1
b8eb83940cc46e1499f8e4194f688f193232eedb,dependabot[bot],2023-03-01T16:57:34+00:00,Bump actions/cache from 3.2.4 to 3.2.6,1,1,1
bc3ec352f0b41ff1123de3f2816c657012d7071f,David Lord,2023-03-01T09:02:06-08:00,Merge pull request #5006 from pallets/dependabot/github_actions/actions/cache-3.2.6,0,1,1
2f67e0fe4aca8a8d6998b3022150f1e6d6738214,David Lord,2023-03-01T09:04:40-08:00,Merge pull request #5005 from pallets/dependabot/github_actions/slsa-framework/slsa-github-generator-1.5.0,0,1,1
0bc6be604d465406c5909b13162e7097ab0ea2f8,martinamca,2023-03-08T21:28:33+03:00,Update installation.rst,1,1,1
a5f30b157df2c62415a2d22758a1e4141ecdc9ed,David Lord,2023-03-08T11:04:53-08:00,Merge pull request #5020 from gultas/patch-1,0,1,1
31022056aee5ab24cf485e31a0b48bbd52d96a04,David Lord,2023-03-11T07:29:51-08:00,remove broken link,1,0,1
c83f661427a43cef50e202bcc61ced709248791e,David Lord,2023-03-11T07:32:12-08:00,Merge pull request #5024 from pallets/docs-sentry,0,0,1
1432cddb139fc3cb64b990b8672d245d805e97d0,David Lord,2023-03-11T07:36:51-08:00,update requirements,6,17,23
e7f8ae016696a6224d1db5c121bcf0282d528da8,David Lord,2023-03-11T07:41:19-08:00,Merge pull request #5025 from pallets/update-requirements,0,17,23
c4b39ba2f3fede0555f18fc03b0f2499bb0d424b,David Lord,2023-03-11T08:16:19-08:00,replace werkzeug.urls with urllib.parse,3,13,4
cac56a2b537d9ea4f4766d686f6a2f7639ad737a,David Lord,2023-03-11T08:21:58-08:00,Merge pull request #5026 from pallets/werkzeug-compat,0,13,4
7ee9ceb71e868944a46e1ff00b506772a53a4f1d,David Lord,2023-03-11T08:23:08-08:00,Merge branch '2.2.x',0,31,29
b8b410014d85f9861acc87c5f21c9a55a42d09c9,Evgeny Mozhaev,2023-03-04T21:09:34+03:00,require a non-empty name for blueprints,3,10,0
7ed89d3f9d2207c9a607f5dcdce106c0278e1332,David Lord,2023-03-11T08:34:56-08:00,Merge pull request #5014 from evgenymozhaev/require-a-non-empty-name-for-blueprints,0,10,0
15f2ca2c24c63533219312600942248d3513a670,Pamela Fox,2023-03-31T12:20:27-07:00,Update appfactories.rst,1,1,1
29676a273a5b9dc99268850c4fa534f78884cdd3,dependabot[bot],2023-04-01T16:57:01+00:00,Bump pypa/gh-action-pypi-publish from 1.6.4 to 1.8.4,1,2,2
6a6c83789f88715329a79d9cb887e25f8e472e94,dependabot[bot],2023-04-01T16:57:06+00:00,Bump actions/checkout from 3.3.0 to 3.5.0,2,2,2
4909e8ff86508c87ba9a77a4adc602e9288c5141,dependabot[bot],2023-04-01T16:57:11+00:00,Bump actions/cache from 3.2.6 to 3.3.1,1,1,1
e8178f7bfa14ebb02418aa27c6437df19b81b911,David Lord,2023-04-03T06:18:45-07:00,Merge pull request #5039 from pallets/dependabot/github_actions/actions/checkout-3.5.0,0,2,2
c2688e4f06074a9c6785d26679270718cdef5b03,David Lord,2023-04-03T06:18:57-07:00,Merge pull request #5040 from pallets/dependabot/github_actions/actions/cache-3.3.1,0,1,1
a361ef6368a27a8fccad2da227089fc1d05f5678,David Lord,2023-04-03T06:19:09-07:00,Merge pull request #5038 from pallets/dependabot/github_actions/pypa/gh-action-pypi-publish-1.8.4,0,2,2
d2a6f5c572f5275bb8c91286cfd24c2c504cc243,pre-commit-ci[bot],2023-04-04T06:31:29+00:00,[pre-commit.ci] pre-commit autoupdate,1,1,1
c4f754cda37af2af272497000517288a5207e433,David Lord,2023-04-04T07:00:49-07:00,Merge pull request #5041 from pallets/pre-commit-ci-update-config,0,1,1
daf6966c89b280725439d2951beb88640c473154,David Lord,2023-04-05T14:56:26-07:00,Merge pull request #5037 from pamelafox/patch-1,0,1,1
a30b6e723c4b58356176cc3f6cf63ce7320250e2,David Lord,2023-04-11T15:33:34-07:00,update dependencies,4,19,19
e39d78a0ad544ac0b518ed85fc40c7a92833dee4,David Lord,2023-04-11T15:33:44-07:00,Merge branch '2.2.x',0,20,20
67c4c7bac2fcd582ebb3474284a7c8a1e737c878,David Lord,2023-04-11T15:34:39-07:00,ignore warning from pytest due to change in Python 3.12 alpha,1,5,1
04c21387dbc454fb59cae9c9bb21a13358cb5a34,David Lord,2023-04-12T10:33:52-07:00,update test cookie handling for Werkzeug 2.3,4,49,60
694183ce22a0f63f5e5020dd799c2bd4dd5272a1,David Lord,2023-04-12T10:57:14-07:00,Merge pull request #5053 from pallets/werkzeug-compat,0,49,60
fa0ceb62f26579c3c7d9e18926af3e6f3e6e425c,David Lord,2023-04-12T10:57:53-07:00,Merge branch '2.2.x',0,49,60
c24f8c8199f8ceda7a7cfb5e91773eba595f5b67,David Lord,2023-04-12T12:38:22-07:00,no cookie domain by default,5,34,125
c9a5660cfd0be150b598325697f6f19019af0ef8,David Lord,2023-04-12T13:10:34-07:00,Merge pull request #5054 from pallets/session-domain,0,34,125
c67bfe551d016b15d0a2df89c985d8030387bf1e,lettow-humain,2023-03-17T11:58:49+01:00,fix parentheses,1,1,1
87698a2d5d67bfd828e268f01884bcbbe33d2076,David Lord,2023-04-12T13:29:05-07:00,Merge pull request #5029 from lettow-humain/main,0,1,1
b626a9387900a9f717eb42765275adc0bf0875e3,Adam Dangoor,2023-03-26T14:38:11+01:00,Allow Response subclasses to set default_mimetype as None,1,1,1
e1e4e82096efbf25aa3c65b706aec60f1b00dec7,David Lord,2023-04-12T13:43:23-07:00,Merge pull request #5034 from adamtheturtle/default-mimetype-optional,0,1,1
9cb1a7a52d7927071e2b737d52f902f006969e82,David Lord,2023-04-13T07:34:14-07:00,"blinker is required, signals are always available",18,82,168
a05c0c6b7232aac38899234a6c4f071f9005a502,David Lord,2023-04-13T07:51:11-07:00,Merge pull request #5058 from pallets/require-blinker,0,82,168
8239765a4410d13d489e299a99e4a4c6951e190b,pgjones,2023-04-10T10:21:13+01:00,allow async signal receivers,5,25,12
59f81950fe4fb059ad58b8b8c171831ae5214460,David Lord,2023-04-13T08:08:27-07:00,Merge pull request #5049 from pgjones/signals,0,25,12
f7d9956c0f0e9a80b1d345adac191f6ebd0ffee4,David Lord,2023-04-13T08:18:14-07:00,use oidc instead of token,1,2,2
49498a323b8f5d5399a18dedacdc28d88cc78b83,David Lord,2023-04-13T08:24:58-07:00,Merge pull request #5059 from pallets/oidc-publish,0,2,2
182ce3dd15dfa3537391c3efaf9c3ff407d134d4,emisargent,2023-04-13T10:03:49-07:00,Add a devcontainer configuration (#4969),3,75,38
84c007d34f7f0b8737310fe4d67be12c463e0130,David Lord,2023-04-14T09:34:26-07:00,show subdomain or host in routes output,3,69,49
6931b252935188744415b301ab2e3d3bd5ee5498,David Lord,2023-04-14T09:45:20-07:00,Merge pull request #5063 from pallets/cli-routes-domain,0,69,49
9a4d370ea221b13d7fff5e2120007986c08f85fb,David Lord,2023-04-15T07:39:35-07:00,fix typo,1,1,1
5bba529dfc9021a3df8fba96658a05f605e20afe,David Lord,2023-04-15T11:53:06-07:00,document passthrough_errors,1,20,8
a1d0eda7891917fdea272ac06a85cc2903824d17,David Lord,2023-04-15T11:57:46-07:00,Merge pull request #5066 from pallets/docs-passthrough,0,20,8
7e6e68aed91c4c36142f6f1d32c0d74ac75e65be,David Lord,2023-04-15T12:20:57-07:00,enforce minimum versions in env,6,12,15
a67195e0598f7fa4481e366527600cf0b46ae78e,David Lord,2023-04-15T12:25:09-07:00,update dependencies,5,7,9
db7d2d2d685c004ea8da6cbcc7c56ecc36276632,David Lord,2023-04-15T12:27:24-07:00,Merge pull request #5067 from pallets/tox-constraints,0,19,24
cfa863c357c4a40cfc11fe1b9a4f36d8e75cf52f,David Lord,2023-04-15T12:30:20-07:00,Merge branch '2.2.x',0,39,20
44ffe6c6d6c90a414de32db1b03d5978f8770271,David Lord,2023-04-20T08:30:45-07:00,add __future__ annotations,19,277,262
a4ea5df5d565128118b6ceaaf372233eef23e238,David Lord,2023-04-20T09:36:51-07:00,Merge pull request #5071 from pallets/future-annotations,0,277,262
f139024b1ca637cc6df694f49817bdb8ec294561,David Lord,2023-04-20T09:53:38-07:00,remove old links,3,0,5
9659b11a45281662c6aa1194dc95b46b1f566ba6,David Lord,2023-04-20T10:05:53-07:00,remove pypy 3.8 and 3.7 from tests,2,3,3
2e8fe7b2f2b541a60c90c625446647b22c5cacc2,David Lord,2023-04-20T11:07:30-07:00,drop support for python 3.7,14,19,40
b4345cb4eb692c58d00579543228946ee5ad7510,David Lord,2023-04-20T11:11:52-07:00,Merge pull request #5072 from pallets/drop-py37,0,19,40
83d777bebfb3031de51d458b47d06e8e612f3a3d,David Lord,2023-04-20T11:34:48-07:00,use new logo,13,11,503
2b2a7641430bc7d40dba3c8d701636fc9b16530c,David Lord,2023-04-20T11:49:26-07:00,Merge pull request #5073 from pallets/new-logo,0,11,503
d48deba27331f11e19599af2a5b6e64476fd90da,EtiennePelletier,2023-04-24T11:06:27-06:00,Remove double period in signals documentation page,1,1,1
0c5f18ab9168f9b7a8f3a6fa6509c8b20ac8720d,David Lord,2023-04-24T12:21:42-06:00,Merge pull request #5077 from EtiennePelletier/master,0,1,1
427e5dc4f3d82b67a75f4be21360818fd4fbf05e,David Lord,2023-04-25T11:00:01-06:00,update dev env,1,1,1
64bc45874daf4b9828830ea0037a19beb8364ee3,David Lord,2023-04-25T11:40:57-06:00,update dev dependencies,4,8,8
2d460685b1b3d66c713739ee91183c22fb2e5dc8,David Lord,2023-04-25T11:06:20-06:00,update dev env,1,1,1
74e03298200e33951ca350a35aa3a8c0b4ff8177,David Lord,2023-04-25T11:02:28-06:00,release version 2.2.4,2,2,2
cd1b68cf6ebb214bfc8cf9bc233c593f15580172,David Lord,2023-04-25T11:41:20-06:00,Merge branch '2.2.x',0,8,8
ddc7accaa2e83b328f969c120af2ce0804876b4a,David Lord,2023-04-25T11:53:09-06:00,Merge pull request #5081 from pallets/release-2.2.4,0,3,3
73739a29f4c16cf539b57e711a4ea2a686cd707a,David Lord,2023-04-25T11:55:41-06:00,Merge branch '2.2.x',0,1,1
79ebf6c39cba01b240a926b899b7d0828e63fc4b,David Lord,2023-04-25T12:27:06-06:00,update minimum requirements,5,16,14
eb33b8c8096322becac743fb6eb466aebf7af6b9,David Lord,2023-04-25T12:33:30-06:00,Merge pull request #5082 from pallets/minimum-requirements,0,16,14
8728c3e4cd4e929a4327d917acd4b96c75f963d0,David Lord,2023-04-25T12:35:06-06:00,release version 2.3.0,2,2,2
5f4072423ec6ee0c71d5995bec41e59d044e7737,David Lord,2023-04-25T12:42:22-06:00,Merge pull request #5083 from pallets/release-2.3.0,0,2,2
345f18442ceb29f9e365af99fc85bdc5986323d2,David Lord,2023-04-25T13:48:16-06:00,start version 2.3.1,2,7,1
0ec9192cf25f5187d6521f2539489fa8d55336bb,Lucas Werkmeister,2023-04-25T21:10:05+02:00,fix importing Markup from flask,2,3,1
0867dce42c1a193bfe7fb5f92f0ccaa622643f48,David Lord,2023-04-25T14:06:22-06:00,Merge pull request #5085 from lucaswerkmeister/patch-1,0,3,1
721abdc3810057269503a72d2db80fb826f3c85c,David Lord,2023-04-25T14:08:38-06:00,release version 2.3.1,2,2,2
f07fb2b607c1eaa724ca9bfe43e2dc20d97d34de,David Lord,2023-04-25T15:21:36-06:00,Merge pull request #5086 from pallets/release-2.3.1,0,2,2
0bc7356ce1ae11e633426902aba76d525f4523da,David Lord,2023-05-01T08:02:46-07:00,start version 2.3.2,2,7,1
9532cba45d2339e90ebf04f178b1e4f2064e7328,David Lord,2023-05-01T08:10:25-07:00,fix mypy finding,1,1,1
8705dd39c4fa563ea0fe0bf84c85da8fcc98b88d,David Lord,2023-05-01T08:01:32-07:00,set `Vary: Cookie` header consistently for session,2,29,4
70f906c51ce49c485f1d355703e9cc3386b1cc2b,David Lord,2023-05-01T08:11:41-07:00,Merge pull request from GHSA-m2qf-hxjv-5gpq,0,29,4
37badc3ce8b0665e3454547839196a676729309f,David Lord,2023-05-01T08:13:12-07:00,update changelog,1,3,0
e1aedecdc689cc9a79131851dbdabf6c3bc49c9e,David Lord,2023-05-01T08:18:03-07:00,update werkzeug,3,10,20
adedb2a64ea7703369bc89021710b439ee79f8dc,David Lord,2023-05-01T08:22:58-07:00,Merge pull request #5101 from pallets/update-werkzeug,0,10,20
c990bba94ab9bc81adf2d33e83c9a9628a2098f2,David Lord,2023-05-01T08:35:01-07:00,update min test env,2,3,3
f3b8f570545200c87465d18386f3fc9f2258307a,David Lord,2023-05-01T08:32:16-07:00,release version 2.3.2,2,2,2
4cf8b78c6c674048a393acf0280f08761a5cb2a5,David Lord,2023-05-01T08:42:27-07:00,Merge pull request #5102 from pallets/release-2.3.2,0,5,5
0afeb1d11cad9aa42ef25cc20b10dcd67c8cf3c9,David Lord,2023-05-01T09:01:40-07:00,fix release date,1,1,1
b7b753b96c36f0704c7c2729f6564aa6c34797a6,dependabot[bot],2023-05-01T16:57:10+00:00,Bump actions/setup-python from 4.5.0 to 4.6.0,2,2,2
ec8ca69195174a6526a6006d804841c0124eeccf,dependabot[bot],2023-05-01T16:57:14+00:00,Bump pypa/gh-action-pypi-publish from 1.8.4 to 1.8.5,1,2,2
1e160c199bc5e76133e77f7cf0a16d21ae956078,David Lord,2023-05-01T10:17:25-07:00,Merge pull request #5105 from pallets/dependabot/github_actions/actions/setup-python-4.6.0,0,2,2
dcd25d8f07be14508c7f8182d9f9cc4365eb96fe,dependabot[bot],2023-05-01T17:18:16+00:00,Bump actions/checkout from 3.5.0 to 3.5.2,2,2,2
723091b903c0a355bbb67778b3236317e5aff3f7,David Lord,2023-05-01T10:21:02-07:00,Merge pull request #5104 from pallets/dependabot/github_actions/actions/checkout-3.5.2,0,2,2
7b31099252cca1d7a5fab121cb646f78538ad7bb,David Lord,2023-05-01T10:22:01-07:00,Merge pull request #5106 from pallets/dependabot/github_actions/pypa/gh-action-pypi-publish-1.8.5,0,2,2
726d3f4fa9e8a2960541debc2d2713571da54441,David Lord,2023-05-02T06:56:08-07:00,start version 2.2.5,2,7,1
3fbfbad79fe294918459b70eb409d555b20de2c8,David Lord,2023-05-02T07:05:51-07:00,werkzeug 2.3.3 compatibility,2,16,3
a6367dac747c1e149c60767eee7e8aa9c281c58e,David Lord,2023-05-02T07:12:59-07:00,Merge pull request #5108 from pallets/werkzeug-compat,0,16,3
8646edca6f47e2cd57464081b3911218d4734f8d,David Lord,2023-05-01T08:01:32-07:00,set `Vary: Cookie` header consistently for session,3,30,4
ca12e8ebb7753d4a982584c2909ad9c7e5c2b029,David Lord,2023-05-02T07:17:52-07:00,update dependencies,4,15,13
afd63b16170b7c047f5758eb910c416511e9c965,David Lord,2023-05-02T07:18:08-07:00,Merge pull request #5109 from pallets/backport-vary-cookie,0,30,4
47af817c8fe01045c641b97f8fb784c7ad864eee,David Lord,2023-05-02T07:35:27-07:00,release version 2.2.5,2,2,2
bda08b11c692a5c94124b11749c1af6fa5c0e003,David Lord,2023-05-02T07:43:48-07:00,Merge pull request #5110 from pallets/release-2.2.5,0,2,2
97c830190ff839b89b85c93781f3603f95365384,David Lord,2023-05-02T07:50:30-07:00,Merge branch '2.2.x' into 2.3.x,0,9,0
e374853c75e49c950195a57de8e19308db5bf902,David Lord,2023-05-02T07:52:49-07:00,Merge branch '2.3.x',0,24,13
1d7281fe0770a97229a2a75189a712cff866b448,David Lord,2023-05-02T09:53:31-07:00,remove egg test,3,1,56
0a00e1b6085f62fb776a95ef676ea661bff565f6,David Lord,2023-05-02T10:38:27-07:00,use tmp_path instead of tmpdir,4,59,64
859d63902e5c9549fda4c167e9787a42c0136413,David Lord,2023-05-02T10:41:41-07:00,Merge pull request #5111 from pallets/update-tests,0,59,119
57e926c7916ef5fd7d4abac965273ea185e497d2,David Lord,2023-05-02T10:42:04-07:00,Merge branch '2.3.x',0,59,119
4911012cf426af25668e5d9beb756a732ca1a4f4,David Lord,2023-05-09T12:37:33-07:00,update workflows,2,3,8
d0bf462866289ad8bfe29b6e4e1e0f531003ab34,David Lord,2023-05-09T12:38:00-07:00,Merge branch '2.3.x',0,3,8
2abb7513dc52e9d9f2c73dde91f3b89d8f9492e4,pgjones,2023-05-14T16:09:25+01:00,Allow for PathLike types for config file variables,1,5,3
b80baaf35985a9a48f2db903a21b6ee7e7cc7340,David Lord,2023-05-14T09:43:35-07:00,Merge pull request #5126 from pgjones/pathlike,0,5,3
55332be325a9f1a5882a309951f1f7db510036dd,Pedro Guilherme S. Moreira,2023-05-18T09:33:44-03:00,docs: fix wrong JS syntax (#5136),1,2,2
0f477df86a8c953cb5e4df0bd90266345140b114,Jeroendevr,2023-05-24T11:13:36+02:00,Config from Data Files to match from_file API,1,2,2
ae07dead24d5aa81b4ee9e3f0550eabb173f5455,David Lord,2023-05-31T09:14:56-07:00,Merge pull request #5140 from Jeroendevr/patch-1,0,2,2
e7264776bd1373e6283407a75f287b309eeebbae,David Lord,2023-05-31T09:17:51-07:00,update dependencies,5,17,17
38f02e04f4765a2820a2ed4f63ac757598cb02e4,David Lord,2023-05-31T09:18:33-07:00,update metadata,1,0,1
31fd9c87912a7020a00d83d2135559433173708c,David Lord,2023-05-31T09:19:14-07:00,Merge branch '2.3.x',0,26,25
40f31c307848e560336fc8b336fbc2fdc1a478ee,dependabot[bot],2023-06-01T16:56:43+00:00,Bump slsa-framework/slsa-github-generator from 1.5.0 to 1.6.0,1,1,1
fc74a114b3afe87284467f2ccdbeb7a4a8badbc4,dependabot[bot],2023-06-01T16:56:46+00:00,Bump pypa/gh-action-pypi-publish from 1.8.5 to 1.8.6,1,2,2
18e703bc9341b8066e2b277af5d37b13f5bd3aef,dependabot[bot],2023-06-01T16:56:50+00:00,Bump actions/setup-python from 4.6.0 to 4.6.1,2,2,2
c49757a4592f2fbd7ecfa4daccbfe8a4ec14c1e6,David Lord,2023-06-01T11:46:49-07:00,Bump slsa-framework/slsa-github-generator from 1.5.0 to 1.6.0 (#5148),0,1,1
fb20cbbf1efbf7dd384171b9cd2587c234f15ddf,David Lord,2023-06-01T11:47:53-07:00,Bump pypa/gh-action-pypi-publish from 1.8.5 to 1.8.6 (#5149),0,2,2
a3e4013f893831adb8c9f2947c29dfeeb47d2145,David Lord,2023-06-01T11:49:16-07:00,Bump actions/setup-python from 4.6.0 to 4.6.1 (#5150),0,2,2
7dbb2f7e05d2c0963e90016b1f7a3a45e98a865a,David Lord,2023-06-06T09:25:47-07:00,retarget pre-commit.ci,1,1,1
c9b6110dec52ff483b42b1428221f903bf143788,David Lord,2023-06-06T09:26:05-07:00,Merge branch '2.3.x',0,1,1
32d2f47ed1bf3f27fd46e1a54dd136688de9ab81,pre-commit-ci[bot],2023-06-06T04:21:31+00:00,[pre-commit.ci] pre-commit autoupdate,1,1,1
d614d6bf8c7b6db6f817648836f9044b13dc42b4,David Lord,2023-06-06T09:30:34-07:00,ignore pytest ast warnings,1,2,2
2be71d323d87ec5e9f269666f8d08ec5af77eeb8,David Lord,2023-06-07T12:53:30-07:00,[pre-commit.ci] pre-commit autoupdate (#5154),0,3,3
367e1df785a71e9004d9a87a221652bfc5a964ac,David Lord,2023-06-07T13:10:39-07:00,start version 2.3.3,2,7,1
84e11a1e827c0f55f9b9ee15952eddcf8a6492e0,David Lord,2023-06-07T13:07:41-07:00,use importlib instead of pkgutil,3,7,4
ed8ddb6a3a14ae332823b0a266b02a5ef024cbb3,David Lord,2023-06-07T13:09:07-07:00,update werkzeug to 2.3.5,4,5,4
9930b0fe8e739ceb312f9554f9d41b73c2aaa733,David Lord,2023-06-07T13:21:49-07:00,Python 3.12 compatibility (#5157),0,12,8
935ee742b49cfcda876eaf366d53bf150bcafd44,David Lord,2023-06-07T13:22:15-07:00,Merge branch '2.3.x',0,22,12
c8cf4694c60f0d81809468a1b45ec730496cc546,David Lord,2023-06-08T14:33:16-07:00,unpin sphinx and sphinx-tabs,2,9,11
4d6ae8273a54e3407ab5046fc0856a9d40097e74,David Lord,2023-06-08T14:33:28-07:00,Merge branch '2.3.x',0,9,11
bda295d37fa3809c95a93d01dd605d0222109889,David Lord,2023-06-09T09:34:42-07:00,fix use of importlib.util.find_spec,3,39,81
4be9f521425b7ad659b182c319dc3afb8fe64f53,David Lord,2023-06-09T09:38:59-07:00,fix use of `importlib.util.find_spec` (#5161),0,39,81
8e33b7b3e254f2a93101bcce21f85ff203831a4c,David Lord,2023-06-09T09:41:17-07:00,update werkzeug requirement,2,2,2
4bcd4be6b7d69521115ef695a379361732bcaea6,David Lord,2023-06-09T09:41:25-07:00,Merge branch '2.3.x',0,41,83
a7ae372f2f58343a7eb56209f29eb9879e171b58,mohammad m. moniri,2023-06-21T18:24:33+03:30,update import of declarative_base from SQLAlchemy,1,1,2
ec2b2394dccb02dac919b024608e9980f16459f6,David Lord,2023-06-21T09:32:37-07:00,update import of declarative_base from SQLAlchemy (#5171),0,1,2
aca7d5637d0c1c95b961e3396039869c6e981e23,David Lord,2023-06-27T07:11:22-07:00,update dependencies,7,17,19
cc55d7b3cfb816575beef1011693f5cae6c2d3b5,David Lord,2023-06-27T07:11:37-07:00,Merge branch '2.3.x',0,18,21
8933d7544395aeaa91c66d9f26d10b4fe2e92d7b,David Lord,2023-06-27T07:41:15-07:00,update pypy test version,2,2,2
7bfbcfab8725a5e469acf2b84f6061d6afb2f649,David Lord,2023-06-27T07:42:06-07:00,Merge branch '2.3.x',0,2,2
d67c47b81f4cbfda79f108a8ee4a183855127efb,David Lord,2023-06-27T08:29:41-07:00,simplify tox config,1,0,8
b1bdd9756478f178680fa119514a58b4b48efc38,David Lord,2023-06-27T08:30:43-07:00,Merge branch '2.3.x',0,0,8
f38f3a745ab2f90084f495403ed28d4fc27e4b50,David Lord,2023-06-27T14:03:25-07:00,switch to flit build backend,2,20,5
46b328854a1ec1e892da02f523b2ed0745fe69e2,David Lord,2023-06-27T14:03:41-07:00,switch examples to flit,5,21,17
6b9acd565cded9c805760037b69754c11749c830,David Lord,2023-06-27T14:11:18-07:00,switch docs to flit,7,10,32
3c85ec953f15fe3be339a136181fa1483320f65a,David Lord,2023-06-27T14:17:46-07:00,use flit_core as build backend (#5177),0,51,54
f39c71609e9372bec8beb01c5aea3957ec2d1a9b,David Lord,2023-06-27T14:18:18-07:00,remove manifest.in,1,0,11
15a0d4afd481a7f8f7dcf3b45da7175ed14226c5,David Lord,2023-06-27T14:18:56-07:00,Merge branch '2.3.x',0,51,65
aea13d5a100b03758fecb88a34daeab4f8aa8426,ToolMoney,2023-06-29T17:20:35-07:00,fix typo in errorhandling doc,1,1,1
09789f2a34633be446f7fa04955e55a373b36302,David Lord,2023-06-29T17:28:25-07:00,fix typo in errorhandling doc (#5180),0,1,1
47a89da558e240148ced28ddcc4e709a4be4955a,dependabot[bot],2023-07-01T16:16:19+00:00,Bump pypa/gh-action-pypi-publish from 1.8.6 to 1.8.7,1,2,2
f62580b947e3be4d8b5ef5fa486d1472884aacd5,dependabot[bot],2023-07-01T16:16:22+00:00,Bump dessant/lock-threads from 4.0.0 to 4.0.1,1,1,1
1fb188636e6a21e9c1fefdf4dd8c671dd3f332d6,dependabot[bot],2023-07-01T16:16:25+00:00,Bump slsa-framework/slsa-github-generator from 1.6.0 to 1.7.0,1,1,1
1ce4d95de92fdd9423c295bf9b63117817fab3bf,dependabot[bot],2023-07-01T16:16:28+00:00,Bump actions/checkout from 3.5.2 to 3.5.3,2,2,2
326484a8d107c3af490d7d294c17832afabae785,David Lord,2023-07-01T09:23:35-07:00,Bump pypa/gh-action-pypi-publish from 1.8.6 to 1.8.7 (#5183),0,2,2
0da5788efbda92b6b6239352c2b9a835efe0888f,David Lord,2023-07-01T09:23:57-07:00,Bump dessant/lock-threads from 4.0.0 to 4.0.1 (#5184),0,1,1
51bf0fdd9018d63b7bc09db52a66b726c2c4bad8,David Lord,2023-07-01T09:24:11-07:00,Bump slsa-framework/slsa-github-generator from 1.6.0 to 1.7.0 (#5185),0,1,1
cb825687a592709f902f3d320d93987a0546fd28,David Lord,2023-07-01T09:24:20-07:00,Bump actions/checkout from 3.5.2 to 3.5.3 (#5186),0,2,2
11da927fd993c941618a67b443cc0649402f4de0,Pamela Fox,2023-07-01T07:09:51-07:00,Update install.rst with required description,1,1,0
a0db8908530769e83f388d6b61438a6a2ee0bded,David Lord,2023-07-03T05:58:14-07:00,Update install.rst with required description (#5182),0,1,0
65bc7636348a9ca32ccafb9f685ab4377e1e446d,pre-commit-ci[bot],2023-07-04T06:36:29+00:00,[pre-commit.ci] pre-commit autoupdate,1,1,1
f215de030e4bb66205e39c786437b41aa86a5dd6,David Lord,2023-07-04T06:18:22-07:00,[pre-commit.ci] pre-commit autoupdate (#5187),0,1,1
7255be9626ab56d81bc0ab86db939fcc1da9bca1,pre-commit-ci[bot],2023-08-01T08:45:55+00:00,[pre-commit.ci] pre-commit autoupdate,1,3,3
8a72b741616556b4f739ea79ab502c2d2038844a,David Lord,2023-08-01T09:17:47-07:00,[pre-commit.ci] pre-commit autoupdate (#5211),0,3,3
180ff8853c69240a3d214734da8d78f8d4d6f0bc,dependabot[bot],2023-08-01T16:56:18+00:00,Bump actions/setup-python from 4.6.1 to 4.7.0,2,2,2
dcc86ebfce71bf2829bce429134d6424355f159a,dependabot[bot],2023-08-01T16:56:22+00:00,Bump pypa/gh-action-pypi-publish from 1.8.7 to 1.8.8,1,2,2
6a5277d3417b30d6e7f5c93745e8a445dcb02b1c,David Lord,2023-08-01T09:58:55-07:00,Bump actions/setup-python from 4.6.1 to 4.7.0 (#5212),0,2,2
b1385919bea3238d49a6e2cfc8261771775cd6e9,David Lord,2023-08-01T09:59:06-07:00,Bump pypa/gh-action-pypi-publish from 1.8.7 to 1.8.8 (#5213),0,2,2
7d399e80c34df8daff66f45b74fdde0edd58d63c,David Lord,2023-08-16T13:29:25-07:00,Merge branch '2.3.x',0,3,2
80ae10f402facf375be30eb62fdaf0d34d57a66d,David Lord,2023-08-16T13:30:18-07:00,update dev requirements,4,34,29
17e146ad949b3d80438faf95e81b53c543cb50f5,hauntsaninja,2023-08-08T02:10:49-07:00,Pass maxsplit via kwarg to re.split,1,1,1
6d266f63633f5f127165d4ef836db14a59bbc106,David Lord,2023-08-16T13:35:13-07:00,Pass maxsplit via kwarg to re.split (#5215),0,1,1
3237fff4b86227a84913d3885b600738bb9479a0,David Lord,2023-08-16T13:35:46-07:00,Merge branch '2.3.x',0,1,1
c49ce2e1eb8b598e724388bead0943837bab8027,David Lord,2023-08-16T13:37:26-07:00,fix flake8 bugbear findings,1,4,4
826514b8eb18f6c314cf566630253d35c89e42c3,David Lord,2023-08-16T13:37:56-07:00,fix flake8 bugbear findings,1,4,4
6d49a1e4b74fe4361cc8ab58767effece56c1f0c,David Lord,2023-08-16T13:38:05-07:00,Merge branch '2.3.x',0,0,0
aa6d4c3e92bd11a7d449f49f524e54bbb88b89c0,pavithra,2023-08-13T17:42:25+05:30,update dispatch-by-path example,1,10,3
a887e179b8af6a9c582a7918f9f8499ab58032cc,David Lord,2023-08-16T14:25:53-07:00,clean up,1,20,24
02736640095ed6d5a4a409a9658eaca373fd1d48,David Lord,2023-08-16T14:29:39-07:00,Update dispatch by path example (#5217),0,29,26
9e9acfb3fe5cf33549da1a8324b395e1fb4145b0,David Lord,2023-08-16T14:30:03-07:00,Merge branch '2.3.x',0,29,26
6a12b191f7058a179237b4b3dfc146e559777d9b,David Lord,2023-08-16T14:41:57-07:00,start version 3.0.0,2,7,1
04994df59f2f642e52ba46ca656088bcdb931262,David Lord,2023-08-16T15:00:49-07:00,remove deprecated code,7,3,225
0e0e8ddcdc2bd572cdecd371bc0f309ac62ee9c4,David Lord,2023-08-16T15:08:52-07:00,remove deprecated code (#5223),0,3,225
a64588f87a2bd7ba557814ec039e3b2af2ce842d,pgjones,2023-06-10T12:42:24+01:00,Move file to sansio,3,0,0
0ec7f713d679ceed2c605e62ac5d38d579f29fa0,pgjones,2023-06-11T15:03:45+01:00,Split the App and Blueprint into Sansio and IO parts,10,1622,1353
72c85e80c8ef9e6d5b5644f7bb23cdc175ca3873,pgjones,2023-07-15T17:28:04+01:00,Provide an extendable merge blueprint funcs method,1,31,31
3f6b243cec6859185ea4064e84b33c07cc7febf6,pgjones,2023-07-15T23:21:12+01:00,Support async template context processors,2,5,2
cc80a47f5be6c60e53c42ef9378e6db3b0e183b1,pgjones,2023-07-16T14:04:23+01:00,Widen the response typing,1,1,1
80cf589a26d792820f135591eb8007bca891bf4f,pgjones,2023-08-14T11:10:15+01:00,Correct the error handler typing,1,4,1
318592511c9c7156599fd02e3edf625097ecb434,pgjones,2023-08-15T08:29:57+01:00,Add a brief README to the sansio,1,6,0
bc5dd3894b4b19e07abfe6a23d87d66c02e4061f,pgjones,2023-08-19T19:25:36+01:00,Add a changelog for the sans-io changes,1,2,0
1d8b53f782570b56296d7682cbbf104b6737e805,David Lord,2023-08-20T09:32:09-07:00,Split the App and Blueprint into Sansio and IO parts (#5127),0,1820,1537
5bb30270d2e68d8d9278ac6f5abf67049acba662,David Lord,2023-08-21T09:39:10-07:00,bump werkzeug 2.3.7,8,50,36
90967ccb9ab1f757c2637a68ea2e16b8da2605f4,David Lord,2023-08-21T09:42:21-07:00,bump werkzeug 2.3.7 (#5231),0,50,36
9f9550247a2798b9dcc28081c15e266442f4e28a,David Lord,2023-08-21T09:39:10-07:00,bump werkzeug 2.3.7,8,50,36
3205b53c7cf69d17fee49cac6b84978175b7dd73,David Lord,2023-08-21T10:25:35-07:00,release version 2.3.3,2,2,2
a6007373b5c521297e2ec24f820b9c7c32659af8,David Lord,2023-08-21T12:52:54-07:00,release version 2.3.3 (#5232),0,2,2
65271c105f7c247ecffc9a7121815276e092bd10,pgjones,2023-08-27T10:17:12+01:00,Remove print left in by accident,1,0,1
153433f612585409f3494a3c44160d888c02612d,David Lord,2023-08-27T09:21:54-07:00,Merge remote-tracking branch 'origin/2.3.x',0,1,1
293041a290178dc1d526075372960c3ca589d366,David Lord,2023-08-29T06:03:11-07:00,deprecate __version__ attribute,3,23,2
faef9a0fcef307f1a1c380a477b392fa4371d83d,David Lord,2023-08-29T06:09:59-07:00,deprecate `__version__` attribute (#5242),0,23,2
0c97a411b430f96694e9980515b5e253ad999327,dependabot[bot],2023-09-01T16:30:27+00:00,Bump actions/checkout from 3.5.3 to 3.6.0,2,2,2
98cef9fcca23677f436b2d6d7297d14bb93b59fc,dependabot[bot],2023-09-01T16:30:31+00:00,Bump slsa-framework/slsa-github-generator from 1.7.0 to 1.9.0,1,1,1
24c6508d39ad7fabd4c017b9a47d12539ea6b708,dependabot[bot],2023-09-01T16:30:35+00:00,Bump pypa/gh-action-pypi-publish from 1.8.8 to 1.8.10,1,2,2
ecc4a38b7cf95bcf8dfd9e4e6f77492977e255d3,David Lord,2023-09-05T14:01:15-07:00,Bump actions/checkout from 3.5.3 to 3.6.0 (#5246),0,2,2
e8076d911490870a27122e4b34230090e6d1fc10,David Lord,2023-09-05T14:02:28-07:00,Bump slsa-framework/slsa-github-generator from 1.7.0 to 1.9.0 (#5247),0,1,1
8037487165a196015a646de25cbce6d0351c8fc4,David Lord,2023-09-05T14:02:38-07:00,Bump pypa/gh-action-pypi-publish from 1.8.8 to 1.8.10 (#5248),0,2,2
b7c1290528f907c9f41afcdfd33a2227c73e26d3,nick2202,2023-09-22T10:13:43+02:00,Fix wrong spelling of JS method .innerHTML,1,1,1
438edcdf01c392619449a6bdbb18f6cf72ef7bb9,pgjones,2023-09-24T16:16:55+01:00,Allow self as an argument to url_for,3,9,0
3252f2bc546759a94f7a4c4938ef561d7bb6a6ec,pgjones,2023-09-30T15:08:50+01:00,Bump Werkzeug 3.0.0,4,5,4
14232513fd618be02e0ab4b223f3105fcdde3cfe,pgjones,2023-09-16T16:01:21+01:00,Release version 3.0.0,2,2,2
3652ecd9e0a3aa6595a559e2a231b11ead8a156c,Akinola Abiodun Emmanuel,2023-10-07T00:37:42+01:00,Update index.rst (#5291),1,5,1
541bc8dfc2263cfa1ab2f209ce6132e1835cac9b,Iztok Fister Jr,2023-10-07T00:36:39+00:00,examples/javascript: replace obsolete link (#5287),1,1,1
bb9937593de3917d17c2da1fc55489f10bb3c8b2,Arnout Engelen,2023-10-20T17:17:24+02:00,docs/testing.rst: fix follow_redirects sample code,1,1,1
beedaa4eff3919f250fad49a5092cf07c4d638e1,David Lord,2023-10-20T09:50:00-07:00,docs/testing.rst: fix follow_redirects sample code (#5303),0,1,1
be6ec06894b55b1b5a360ce3f8178c7963332ccd,Resistor-git,2023-10-28T07:38:33+00:00,Fix link to Hypercorn in docs/deploying/asgi.rst - they moved from gitlab from github.,1,1,1
7af0271f4703a71beef8e26d1f5f6f8da04100e6,Resistor-git,2023-10-28T08:04:03+00:00,Initial commit,0,0,0
8d9519df093864ff90ca446d4af2dc8facd3c542,David Lord,2023-10-28T08:42:53-07:00,Update link to hypercorn (#5313),0,1,1
29f1bd22d75cab1b0433339425fabd21b8229228,David Lord,2023-11-09T08:39:48-08:00,update read the docs env,1,2,2
c4bfd367e2f1f26838de46d0cfa2d512985f42a3,David Lord,2023-11-09T08:40:39-08:00,update description,1,5,5
6ee5dcc0ec93e8c11e5362f1e151d99168d6d2e6,David Lord,2023-11-09T08:45:23-08:00,update python version matrix,1,6,9
04920b30765a5884c5b6516c66feea6df0b5282f,David Lord,2023-11-09T08:46:01-08:00,use pip-compile instead of pip-compile-multi,16,201,122
33d888622676073a5cd9d5f268933de82a0345c0,David Lord,2023-11-09T08:46:13-08:00,enable grouped updates for actions and python,1,16,7
24653528ccb2b5ff017dd9b0d4afabfe93e2ea43,David Lord,2023-11-09T09:00:37-08:00,use pip-compile and dependabot grouped updates (#5329),0,230,145
4431ada1a2615c30fedf200b28cbb80c38250e7c,dependabot[bot],2023-11-09T17:01:38+00:00,Bump the github-actions group with 4 updates,2,6,6
6edfd78c9ff1fc349bcf5356097fe9453e3c7551,David Lord,2023-11-09T09:04:52-08:00,Bump the github-actions group with 4 updates (#5330),0,6,6
54ff9b297276a3add08c8faf1557b5e359b3ab99,David Lord,2023-11-09T09:20:27-08:00,use ruff linter and formatter,26,99,128
9a12f34bbee68a14301bc234f50c4a9fea9003fd,David Lord,2023-11-09T13:29:20-08:00,use ruff linter and formatter (#5331),0,99,128
54e05a282428e9a44dbd414ca70231a83ebd710d,David Lord,2023-11-09T09:20:27-08:00,use ruff linter and formatter,26,99,132
ce27ddeba1d4dec15758bc9d660316a6060bc7f3,David Lord,2023-11-15T12:14:51-08:00,Merge branch '3.0.x',0,0,0
627703656714c7011a5c7b65214cbf6ee07e3c23,David Lord,2023-11-09T08:39:48-08:00,update read the docs env,1,2,2
560383fe14b29d05e62d1242fd2713a3b7f84c8e,David Lord,2023-11-09T08:45:23-08:00,update python version matrix,1,6,9
59fd6aa1049808f2bf2c6b3bd309ddfe9d9f6809,David Lord,2023-11-09T08:46:01-08:00,use pip-compile instead of pip-compile-multi,15,201,118
5308db0637dcc4592286ab0e6accbdd0604db494,David Lord,2023-11-15T12:47:41-08:00,update pre-commit hooks,1,2,2
258311d09891c9d72fedee39cde2564cfefdc55d,David Lord,2023-11-15T12:48:42-08:00,Merge branch '3.0.x',0,2,2
66743d4f9d865775258c845db339d3fcccd016b5,David Lord,2023-11-15T12:50:46-08:00,start version 3.0.1,2,7,1
4104f29956b16f3e351462651ec3c6cc5a0dd069,Daniel Isaac,2023-11-13T16:58:47+05:30,type hint fix for flask.send_file,2,3,1
b97165db75c6f4e99c3307b4a5a1f3b0d9f4de25,David Lord,2023-11-15T12:55:43-08:00,type hint fix for flask.send_file (#5336),0,3,1
d61198941adcb191ddb591f08d7d912e40bde8bc,David Lord,2023-11-15T13:03:05-08:00,Merge branch '3.0.x',0,10,2
78ced0093ade22a5de43ce3da98a4c2526022fbf,dependabot[bot],2023-12-01T15:47:14+00:00,Bump the github-actions group with 2 updates,2,3,3
452b78f24331c9805075cc0572128a91f4345e32,pre-commit-ci[bot],2023-12-04T20:29:39+00:00,[pre-commit.ci] pre-commit autoupdate,1,1,1
b64f848d2c1f8fe9aed3acb10f68f6c8bb1271f1,David Lord,2023-12-04T14:26:15-08:00,[pre-commit.ci] pre-commit autoupdate (#5354),0,1,1
089f6a1c50ea2b18287106ecd357522bab200510,David Lord,2023-12-04T14:26:30-08:00,Bump the github-actions group with 2 updates (#5352),0,3,3
b55ccae72aba110ae08e8ef0a9cfb8649750594a,dependabot[bot],2023-12-01T15:32:16+00:00,Bump the python-requirements group in /requirements with 3 updates,3,6,6
399aa8531c60faee26333bcdae5a70b01bae2d54,David Lord,2023-12-13T15:01:14-08:00,Bump the python-requirements group in /requirements with 3 updates (#5351),0,6,6
1d5abfadd7132c9a78e14e5ba6c07aed47115280,lizard,2023-11-24T16:03:31-06:00,Fixing issue 5342: 'The double quote is missing in the string',2,4,1
05eebe36abe923d065133792f14d4ab6c07336a0,David Lord,2023-12-13T15:06:37-08:00,fix missing quote in `--key` error message (#5344),0,4,1
8a66990c6161b30422359244a052805dc98a5059,Ben Huebscher,2023-12-05T09:58:59-08:00,Update docs to address redesigned macOS settings app,1,2,2
77f6c72cf930ae2e3c5d4dd63e7cbc4699382916,David Lord,2023-12-13T15:13:22-08:00,Update docs to address redesigned macOS settings app (#5355),0,2,2
12a1c4940d3fe2fc68a7ca68df48c3f04941c53c,David Lord,2023-12-13T15:13:41-08:00,Merge branch '3.0.x',0,6,3
c275573147b426fbe1a37c6bce143f7895b603b2,David Lord,2023-12-13T16:27:37-08:00,run typing tests,1,1,1
708d62d7172a30c5b0ace1d212c5a3bc2b53b98c,David Lord,2023-12-13T16:28:13-08:00,Merge branch '3.0.x',0,1,1
63ff4185f9d1306c3bd54489f1adb88e7b48e588,dependabot[bot],2024-01-01T15:11:19+00:00,Bump the python-requirements group in /requirements with 3 updates,3,5,5
c2f65dd1cfff0672b902fd5b30815f0b4137214c,David Lord,2024-01-01T07:21:54-08:00,Bump the python-requirements group in /requirements with 3 updates (#5374),0,5,5
24ec38d6a0686f1a147420ebf4b31f5243e1cb42,pre-commit-ci[bot],2024-01-01T20:24:10+00:00,[pre-commit.ci] pre-commit autoupdate,1,1,1
8fdab74cc80c39f45aa65da5dd029c8d262756c3,pre-commit-ci[bot],2024-01-01T20:24:30+00:00,[pre-commit.ci] auto fixes from pre-commit.com hooks,1,1,1
700fc7d928b7a625b04e6865b3eb282043e90f7d,David Lord,2024-01-15T07:47:13-08:00,untag without object_hook,2,16,1
5a48a0fe6b02f62f9a0d90257c6a14d280bc9d23,David Lord,2024-01-15T07:52:35-08:00,untag without `object_hook` (#5382),0,16,1
7b5e176d1ab23e183d0403573358299ed6562dce,David Lord,2024-01-15T07:52:57-08:00,[pre-commit.ci] pre-commit autoupdate (#5377),0,2,2
6000e80acf931b05b4911c3fa7f3ba33e2b80e64,David Lord,2023-12-14T08:58:13-08:00,address mypy strict findings,24,346,234
08d3185e87cfeccc4bf4d26ee5c4c0dfd4ec8564,David Lord,2024-01-16T10:12:10-08:00,update pre-commit hooks,3,3,3
81b3c85f51834a06bc8fbecf350bc20d756d8026,David Lord,2024-01-18T09:15:01-08:00,update requirements,3,42,48
bae6ee888f647f15fabb91d21bf28314737be1c6,David Lord,2024-01-18T09:16:53-08:00,address mypy strict findings (#5383),0,390,284
5e059be1b327f2f2f64115d2897c5864eff69b7d,David Lord,2024-01-18T11:41:38-08:00,update actions versions,3,13,21
da3a0ddfe2de5be718a2d7cb3021f350bf04c402,David Lord,2024-01-18T11:53:19-08:00,fix slsa generator version,1,2,1
5fcc999b7df0f5cc71cfd9b74ea494b96486f84f,David Lord,2024-01-18T11:57:22-08:00,fix create release action,1,3,2
f622b1cadea2bed4ea4cc476695e9c181ec5da11,David Lord,2024-01-18T09:19:14-08:00,release version 3.0.1,2,2,2
233be7a0fa8b2a77189ae9a2fc47c579245a2f3d,David Lord,2024-01-18T12:03:25-08:00,release version 3.0.1 (#5386),0,2,2
4df377cfbfc1d15e962a61c18920b22aebc9aa41,David Lord,2024-01-18T12:20:56-08:00,Merge branch '3.0.x',0,412,297
a4bada52d0c5442011665eb1ad4bdb61c06d28fe,dependabot[bot],2024-02-01T15:31:35+00:00,Bump the github-actions group with 2 updates,2,3,3
484a7cc9a7ba2540ab2af5141196f5ab5809df33,dependabot[bot],2024-02-01T15:41:57+00:00,Bump the python-requirements group in /requirements with 6 updates,4,12,12
f32dddc71c8538d7d9cf51bf82716b3dfadbc9ec,David Lord,2024-02-03T07:35:16-08:00,Bump the github-actions group with 2 updates (#5400),0,3,3
94e80b3da9048372ed857f6175a4d5fd1ca8913b,David Lord,2024-02-03T07:40:27-08:00,Bump the python-requirements group in /requirements with 6 updates (#5401),0,12,12
3207af8827d4162ef5841249c46fbb9da043c551,David Lord,2024-02-03T09:41:38-08:00,start version 3.0.2,2,7,1
ecc057dd4857e655f0844b781899a917852042a4,Cody Scott,2024-01-23T11:28:51-05:00,fix jinja_loader annotation,2,4,1
3435d2ff1589eb0c1a85cc294a20985910a1a606,David Lord,2024-02-03T12:18:40-08:00,Fix jinja_loader typehint (#5389),0,4,1
1af8f95785b85d0937153ee63d504c0b51934d80,Tony Huang,2024-01-26T10:08:55+08:00,fix super call in list comprehension,3,10,1
d7209a957004d4758f32fd8b2f89da11f5fe5718,David Lord,2024-02-03T12:39:33-08:00,fix super call in list comprehension (#5393),0,10,1
d2030595dcdc8ca5701504f00255360fb12a3a2b,David Lord,2024-02-03T12:54:41-08:00,release version 3.0.2,2,2,2
d5e321b792cd6f3cd7b072d175f47eacbd5ee14f,David Lord,2024-02-03T13:12:15-08:00,release version 3.0.2 (#5403),0,2,2
6b422a05f37641ca0b84422f2436e9d4bd144376,David Lord,2024-02-03T13:13:41-08:00,Merge branch '3.0.x',0,21,3
ad36383951c130f16e02b5f61b1161da99bc1ca4,pre-commit-ci[bot],2024-02-05T20:28:43+00:00,[pre-commit.ci] pre-commit autoupdate,1,1,1
b90a4f1f4a370e92054b9cc9db0efcb864f87ebe,David Lord,2024-02-12T12:50:45-08:00,[pre-commit.ci] pre-commit autoupdate (#5404),0,1,1
0e59442f6cce9442c1dcaf8515df7182312fa6cd,Sviatoslav Sydorenko (Святослав Сидоренко),2024-02-27T01:24:27+01:00,Use per-release URLs in GH env UI when publishing to the PyPI,1,5,3
98a7f9fcf09fce5d32bf25e7f917c1c3026719d1,David Lord,2024-04-06T16:17:13-07:00,Use per-release URLs in GH env UI when publishing to the PyPI (#5423),0,5,3
87d5f5b9a9697434e6d972b021201105eabb54e6,David Lord,2024-04-07T10:24:40-07:00,update project files (#5457),35,377,317
6ab71ed7cf92a2dea7c18ddc9c2b4f3e685ea1fb,David Lord,2024-04-07T11:03:46-07:00,Merge branch '3.0.x',0,355,306
be508c618411d72281672980abb19b2150581943,dependabot[bot],2024-04-07T18:04:59+00:00,Bump the github-actions group with 3 updates,3,6,6
a85575601758b3fd8d1379aa2e16bf1c24ab06f3,David Lord,2024-04-07T11:11:26-07:00,Bump the github-actions group with 3 updates (#5459),0,6,6
7320e311a0a3f190351173f8be90cab31dadbf73,David Lord,2024-04-07T11:22:02-07:00,start version 3.0.3,2,7,1
db461112c70d5f2bf93c7a6ac27eeb665c232dd0,David Lord,2024-04-07T11:30:30-07:00,access sha1 lazily,2,13,1
b73939095564ec5c088c53e7595b00d174a018f5,David Lord,2024-04-07T11:42:24-07:00,support FIPS builds without SHA-1 (#5460),0,13,1
adb7dd99c295a28726c8d818fba54c7b3f958ecc,David Lord,2024-04-07T12:03:19-07:00,don't access app.logger when configuring app.logger,1,1,1
5fdce4c331ac530280cc941179d364a07f4a1088,pgjones,2023-10-01T16:37:05+01:00,Don't set the cli attribute in the sansio scaffold,5,54,12
5e22cc9eec0d1da2da706ccf724fde702b30d5f2,David Lord,2024-04-07T12:16:22-07:00,Don't set the cli attribute in the sansio scaffold (#5270),0,54,12
c12a5d874c5a014495eb2db8a73f40037bc813ac,David Lord,2024-04-07T12:17:41-07:00,release version 3.0.3,1,1,1
61182249cb3ec5c69a2b91928829f33ccca6c7bc,David Lord,2024-04-07T12:27:04-07:00,release version 3.0.3 (#5461),0,1,1
aee16df63bbd7f6a7479fcd01b509f5ebaca3a0d,David Lord,2024-04-07T12:28:51-07:00,Merge branch '3.0.x',0,75,15
19610a9e46e0989054ecd0f6be2fcb981013d8eb,David Lord,2024-04-07T12:29:49-07:00,start version 3.1.0,2,7,1
346d1abaff0270104ffa3a0e8bee7de279a1cee7,David Lord,2024-04-08T15:28:28-07:00,remove install and contribute sections,1,0,20
f958b6500b2aeb8edc578a07f00546becdad4c80,David Lord,2024-04-08T15:28:57-07:00,build docs from scratch each test,1,1,1
2c7f57ad5bd19743312eb34ea5fb838a1349474e,David Lord,2024-04-08T15:29:31-07:00,Merge branch '3.0.x',0,1,21
db0fe9436e9da7f7bd14683542bbf33ba3c6d5e4,David Lord,2024-04-23T16:31:03-07:00,unignore upload/download-artifact,1,0,6
ccf125bf30102beedafb3ecef72376bfb6c90a4d,David Lord,2024-04-23T16:49:42-07:00,fix mypy findings,1,1,1
b7278186c4e16c58a4dbd439eedf716146c19f53,dependabot[bot],2024-04-23T23:50:43+00:00,Bump the github-actions group across 1 directory with 4 updates,2,7,7
f48802acbb2d9f29ed3e1bcc5206bd00176cc1e3,David Lord,2024-04-23T16:52:13-07:00,Bump the github-actions group across 1 directory with 4 updates (#5470),0,7,7
224c639bf9f37b99bc66a879fbbc516f59857967,dependabot[bot],2024-04-23T23:52:58+00:00,Bump the python-requirements group in /requirements with 3 updates,3,6,6
11c15ddfeb6edcb0978d3407ed972ae441013177,David Lord,2024-04-23T16:54:09-07:00,Bump the python-requirements group in /requirements with 3 updates (#5468),0,6,6
823e279e0dd40d8818a8d58c12a7df22caae1c04,JamesMRamm,2024-05-02T17:57:34+10:00,Update pyproject.toml,1,1,1
57add386c9d3aa5717bb25ed3e216a9538f086fd,David Lord,2024-05-02T05:10:51-07:00,examples/javascript: Update Documentation URL in pyproject.toml (#5475),0,1,1
a363642a32880114c7944b1017f2f69bd4cc00eb,David Lord,2024-05-06T10:09:58-07:00,fix mypy finding with new werkzeug endpoint type,1,1,1
eb1182a10e757b5e76009c69fdf3a88a5afc6840,David Lord,2024-05-06T10:12:32-07:00,fix mypy finding,1,2,2
4f42c642036e6fdd915dd492b263c3b887cdb2d9,David Lord,2024-05-06T10:13:35-07:00,Merge branch '3.0.x',0,2,2
a936b0c610ba86f542eb3855de2be674a7b9310b,dependabot[bot],2024-05-06T17:16:26+00:00,Bump the github-actions group with 2 updates,2,5,5
fc605b575bc454bb89f7f878692970f3bd4b1011,David Lord,2024-05-06T10:17:48-07:00,Bump the github-actions group with 2 updates (#5473),0,5,5
273123f6b8fc0d871553f707e515816777c60e24,dependabot[bot],2024-05-06T17:19:27+00:00,Bump the python-requirements group across 1 directory with 6 updates,4,15,15
860a25c390eba8e6c089a818b02800dd9d789864,David Lord,2024-05-06T10:23:10-07:00,fix mypy finding,1,1,1
d64ecfb244d38b5f31d6dd8f6a9f55731038c093,David Lord,2024-05-06T10:24:44-07:00,Bump the python-requirements group across 1 directory with 6 updates (#5476),0,16,16
4e894892bc0230c46e998b6ea82b5b07b9943a39,pre-commit-ci[bot],2024-05-06T22:05:35+00:00,[pre-commit.ci] pre-commit autoupdate,1,1,1
67ed36910ddb974a3e98939c55ba0fde1636e426,David Lord,2024-05-06T15:28:44-07:00,[pre-commit.ci] pre-commit autoupdate (#5477),0,1,1
9101439d7b7e21d5cf8a4a2a3dc92b9980539c6b,David Lord,2024-05-11T08:37:47-07:00,test with python 3.13,2,2,1
bea5876e46144080a06170222396b953a361af48,David Lord,2024-05-11T08:39:30-07:00,test with python 3.13 (#5481),0,2,1
255c8d66af6daff3eaa063ea0819e185d4d1e214,David Lord,2024-05-11T08:40:26-07:00,Merge branch '3.0.x',0,2,1
4a1766c252bac0de1368cc4eaefba1299f77d546,Éloi Rivard,2024-04-15T18:28:25+02:00,document caveats on SESSION_COOKIE_DOMAIN,1,6,0
a2f495b9ff26c84e0ac35dcd957718e2d3f53afe,David Lord,2024-05-25T10:27:04-07:00,`SESSION_COOKIE_DOMAIN` caveat documentation (#5464),0,6,0
767ad19b10c64af1fa328383713ea97e23cc0080,Jake Tanis,2024-05-21T23:08:57+00:00,Edited variable names in the rendering templates section of the quickstart guide.,1,4,4
bb16048ad74dfd07364226d02ab656f5a5cf6730,David Lord,2024-05-25T11:27:37-07:00,Edited variable names in quickstart guide (#5487),0,4,4
c7da8c2aa3a923fc620ad480a8831a8a0f21ab37,Heisenberg,2024-05-19T16:34:00-04:00,Added python type annotation and return type.,1,1,1
6d126e1013dd9966dc510612a4b97f8f15fca2c4,David Lord,2024-05-25T11:32:15-07:00,Added python type annotation and return type. (#5485),0,1,1
f567ab90681235f38bdeaeda004d89e85b8627d9,dependabot[bot],2024-06-01T15:12:17+00:00,Bump the python-requirements group in /requirements with 3 updates,3,6,6
422e05e28dbae9fdcbca855e6727738f57cfccfe,David Lord,2024-06-01T08:16:45-07:00,Bump the python-requirements group in /requirements with 3 updates (#5492),0,6,6
e3535f99717bdf3882c0b48bff3e3eb244454e34,dependabot[bot],2024-06-01T15:55:45+00:00,Bump actions/checkout from 4.1.4 to 4.1.6 in the github-actions group,2,3,3
0d2100ed17d24b2a30594729b99feebe76839bc5,David Lord,2024-06-01T09:01:46-07:00,Bump actions/checkout from 4.1.4 to 4.1.6 in the github-actions group (#5493),0,3,3
07c8f19bfd6128c7cbb9c61c41b43a9eeca1b435,pre-commit-ci[bot],2024-06-03T22:10:27+00:00,[pre-commit.ci] pre-commit autoupdate,1,1,1
0ce27278d234c13ce00019540ff8e9891542d1f2,David Lord,2024-06-03T15:25:32-07:00,[pre-commit.ci] pre-commit autoupdate (#5495),0,1,1
d718ecf6d3dfc4656d262154c59672437c1ea075,pgjones,2024-06-05T13:23:18+01:00,Provide a configuration option to control automatic option responses,4,14,2
e165f3aef4dbede5d7e3f71c336c89a268753ae9,dependabot[bot],2024-07-01T15:28:16+00:00,Bump the python-requirements group in /requirements with 5 updates,3,10,10
7621b3d96ac2d53846c4df211bc05c5e13420028,dependabot[bot],2024-07-01T15:56:20+00:00,Bump the github-actions group with 2 updates,2,5,5
088b58dbceb09b3234926af8488c016227bd7c0e,David Lord,2024-07-01T12:47:02-07:00,Bump the github-actions group with 2 updates (#5516),0,5,5
926ab92118006c74a0a33bcb8f770522d007349a,David Lord,2024-07-01T16:14:08-07:00,Bump the python-requirements group in /requirements with 5 updates (#5514),0,10,10
3d357273b50ed9c8ca660f60fde255c26ff7a228,pre-commit-ci[bot],2024-07-02T00:15:33+00:00,[pre-commit.ci] pre-commit autoupdate,1,1,1
66af0e55ef6631d05c691707da19d0f1c46921ea,David Lord,2024-07-02T04:17:59-07:00,[pre-commit.ci] pre-commit autoupdate (#5517),0,1,1
321bd74b954156553db3dca8f43b45cdd5a88f76,Amirreza A,2024-07-09T13:50:44+03:30,Update waitress.rst,1,1,1
5353f306fe0c64ffa9e73f256ba3cb200652354d,David Lord,2024-07-10T18:08:49-07:00,Update waitress.rst (#5522),0,1,1
28d5a4d71824ff5823ae310e3fd014b48b33d583,David Lord,2024-07-10T14:37:32+00:00,add encoding parameter to open_resource,4,81,53
a8956feba1e40105e7bc78fa62ce36c58d1c91e1,David Lord,2024-07-10T19:16:46-07:00,Add encoding parameter to open resource (#5526),0,81,53
4fe0aebab79a092615f5f86a24b91bac07fb2ef2,dependabot[bot],2024-08-01T15:48:34+00:00,Bump the github-actions group with 3 updates,2,6,6
a791997041b94b8a5effebc296cb427fde8e0ee5,David Lord,2024-08-03T07:28:45-07:00,Bump the github-actions group with 3 updates (#5539),0,6,6
326ad3f43c63f84a69d6d08af276cbdf653efc51,pre-commit-ci[bot],2024-08-05T23:09:19+00:00,[pre-commit.ci] pre-commit autoupdate,1,1,1
8a6cdf1e2a5efa81c30f6166602064ceefb0a35b,David Lord,2024-08-06T08:31:00-07:00,[pre-commit.ci] pre-commit autoupdate (#5541),0,1,1
0f2ae2b9330604247f553f41d310e7c0191275ef,David Lord,2024-08-23T16:32:33-07:00,add gha-update,2,24,9
29a94bd102805eafcea94a185808cd878cd3f5ad,David Lord,2024-08-23T16:33:27-07:00,update dev dependencies,9,79,85
2d31dce8262a68875c177645fa0c7585a45ac447,David Lord,2024-08-23T16:33:40-07:00,remove dependabot,1,0,24
176fdfa0002360670f698d3828cfff11f97349f0,David Lord,2024-08-23T16:33:52-07:00,fix mypy findings,2,14,2
2c5d652493b79eecadd4407f24f2249948bd6ff2,David Lord,2024-08-23T16:33:59-07:00,remove unused config,1,0,1
4e6384da325f5c328526b998d199c6f957f90ea8,David Lord,2024-08-23T16:34:57-07:00,Merge branch '3.0.x',0,112,104
40b78fa2ea9095197608287de9f0d902d2763b00,David Lord,2024-08-23T16:41:39-07:00,fix min python for pip-compile,6,81,24
eeb5f95a0f24abc5207159cc922cdda8d779f4f6,David Lord,2024-08-23T16:41:53-07:00,Merge branch '3.0.x',0,81,24
c77b099cbb979269d45df06753cadd8abc662e23,David Lord,2024-08-23T17:18:38-07:00,remove min python for pip-compile,6,23,81
7e5307030743b1f198da38c36f83fd279bad4529,David Lord,2024-08-23T17:20:31-07:00,Merge branch '3.0.x',0,23,81
f93dd6e826a9bf00bf9e08d9bb3a03abcb1e974c,David Lord,2024-08-23T18:05:21-07:00,remove pre-commit.ci update,1,0,2
db49548d7168bba319fdba400bc201528cb1d3cd,David Lord,2024-09-01T08:32:27-07:00,set up pre-commit lite workflow,1,15,0
111e5bd3129deee54ff62b0d13ed7e5739c27108,David Lord,2024-09-01T08:48:02-07:00,set up pre-commit lite workflow,1,0,0
2fec0b206c6e83ea813ab26597e15c96fab08be7,David Lord,2024-09-01T09:04:14-07:00,set up pre-commit lite workflow,1,1,0
e63ead4208c1e56723532878728ef9c2eb197b01,Grey Li,2024-09-22T21:42:35+08:00,Fix typo in the changelog,1,1,1
b337d210583a3f5f84d0f70b56ae9a82b029dab5,David Lord,2024-10-18T10:02:35-07:00,update dev dependencies,9,67,56
bca18041b055102857a7e8a12f8694fddda9571b,David Lord,2024-10-18T10:03:09-07:00,Merge branch '3.0.x',0,67,56
c5a5576522273ff028018c4e13d1fc4d0260495b,David Lord,2024-10-18T10:03:49-07:00,update CHANGES.rst,1,3,0
52c060f718e0f07e9d982d2d97973ead0f4d55ca,David Lord,2024-10-18T12:59:21-07:00,Fix typo in the changelog (#5609),0,1,1
dffe3034825edc4f84aded013fc9c6590e545ed5,David Lord,2024-10-18T13:04:35-07:00,fix mypy findings,1,1,1
52ccd66735ba1f6e67d06e747d6a641980b788a3,David Lord,2024-10-18T13:19:51-07:00,use python 3.9 to test dev versions,2,2,2
d273f87a41e72db8ef1387f469ffa1c6eed39730,David Lord,2024-10-18T13:22:45-07:00,use python 3.9 to test dev versions (#5615),0,2,2
74721b48f0347f19f134f386fab3421e5132fb53,Catarina Bressan,2024-10-22T17:32:02-03:00,Fix the issue link in the Flask 3.0.1 Changelog in the send_file argument type entry,1,1,1
68150d4cafc796dba2b595c320a09222394bfc1a,David Lord,2024-10-22T14:16:56-07:00,Fix the issue link in the Flask 3.0.1 Changelog in the send_file argu… (#5618),0,1,1
9b5549313e98044b89edb7078641d1d729b4a6c2,David Lord,2024-10-23T13:45:17-07:00,Merge branch '3.0.x',0,3,3
8f2bc008ad724a52f3669ecb2de59c98deb69ce1,David Lord,2024-10-24T13:27:52-07:00,update dev dependencies,6,15,15
96800fb673cb7b2d75476096798e701e3e6d26bc,David Lord,2024-10-24T13:28:46-07:00,update test workflow trigger,1,3,11
2778b7c23f37d4f3cfed4cadac4bc9c90e098c50,David Lord,2024-10-24T13:28:57-07:00,Merge branch 'stable',0,19,27
5e8cb740187c0561b36323dfc8510e58c3066838,David Lord,2024-10-24T13:29:34-07:00,update test workflow trigger,1,1,1
9e831e915fa875423af0c0de8f53a3780055919e,bre-17387639,2024-08-06T16:46:15-06:00,fix pyright type errors,10,22,19
e8b91cd38aadafdf733558bbcea4810fa65bb849,David Lord,2024-10-24T14:54:53-07:00,fix pyright type errors (#5620),0,22,19
1d610e44b396d11113bb6a5d168cc5e996a6dfb9,David Lord,2024-10-31T12:28:46-07:00,drop support for Python 3.8,12,25,42
99ce7ed0e40686ec2583f90bd1cca37a207b4ea7,David Lord,2024-10-31T12:32:10-07:00,drop support for Python 3.8 (#5623),0,25,42
227838c4727ba780e6fb4a7c372ae62357cac4c6,David Lord,2024-10-31T12:59:47-07:00,no need for separate requirements-skip folder anymore,5,3,4
39e7208366bcf549fd7a2678a6d815dfe39196c5,David Lord,2024-10-31T13:04:44-07:00,update dev dependencies,6,57,56
8f37c82f6144fffc2ed30e49ee81a54702a0f317,David Lord,2024-10-31T13:11:06-07:00,update min dependencies,5,13,11
62c56e08c43f5eb174d15dd050591cfba9aed548,David Lord,2024-10-31T13:15:29-07:00,update minimum dependencies (#5624),0,76,74
c7a53888a1a514619b0611fd8b7928592f4ed612,David Lord,2024-11-01T13:13:05-07:00,add config and docs for limits,7,231,33
6f2014d353d514e404c1f40e8f0a24e2bf62b941,David Lord,2024-11-01T13:21:35-07:00,add config and docs for limits (#5626),0,231,33
9efc1ebeeb431769897798cdf8de2c67dcbbc9c0,David Lord,2024-06-09T19:55:22-06:00,add SESSION_COOKIE_PARTITIONED config,5,34,0
ce08bc704e24c01582052f5c544fae181d08386f,David Lord,2024-11-01T16:26:37-07:00,add SESSION_COOKIE_PARTITIONED config (#5499),0,34,0
df201ed152b61c439ea1ace179f35b424594ba6c,David Lord,2024-11-01T16:44:17-07:00,fix js example test,1,1,1
8aa161a43731795841fa2678d3dff0559cee527e,David Lord,2024-11-01T17:18:52-07:00,add sqlite datetime converter,2,14,0
a9b99b3489cc24b5bed99fbadbd91f598a5a1420,David Lord,2024-11-01T18:00:39-07:00,update example project metadata,5,6,4
c62b03bcfd6e6440f8195e02f4678488e16121ac,David Lord,2024-11-01T18:06:11-07:00,fix example and tutorial compatibility and update metadata (#5627),0,21,5
98ae71897600a3162f529b1b30c70b8abdf0961b,David Lord,2024-11-01T18:06:34-07:00,fix mypy finding,1,1,1
6c44dd4bb8e4f2ca5f135f172de4725b2cada155,David,2024-11-06T17:47:57+00:00,update helpers.send_from_directory docstring (#5599),1,2,1
2c3160304278d323da8485057770926d1b582579,David Lord,2024-11-07T11:27:51-08:00,update env file precedence,3,90,47
7522c4bcdb10449dc919e0ffbdebb92fe66822b5,David Lord,2024-11-07T11:56:26-08:00,update env file precedence (#5630),0,90,47
e13373f838ab34027c5a80e16a6cb8262d41eab7,David Lord,2024-11-08T08:09:01-08:00,enable secret key rotation,9,55,7
a20bcff8dc4e263312cfd74c11e432bfe8c194c1,David Lord,2024-11-08T08:16:04-08:00,enable secret key rotation (#5632),0,55,7
470e2b8d17fd0032271b21f1d6775d48c3855a79,David Lord,2024-11-08T09:48:59-08:00,update min blinker version,4,4,4
07c7d5730a2685ef2281cc635e289685e5c3d478,David Lord,2024-11-08T09:55:00-08:00,update min blinker version (#5633),0,4,4
4995a775df21a206b529403bc30d71795a994fd4,David Lord,2024-11-10T20:13:05-08:00,fix subdomain_matching=False behavior,5,98,43
10bdf61a0f751f3cb000f8f8ac5ac5b4bb535677,David Lord,2024-11-12T10:13:39-08:00,setting `SERVER_NAME` does not restrict routing for both `subdomain_matching` and `host_matching` (#5634),0,98,43
4f7156f2c3271613b34d04040b502b9d7ae35eb9,David Lord,2024-11-12T20:32:53-08:00,configure and check trusted_hosts,4,40,0
7b21d43d4c763b874bc86d4c2d69a48ee492dc22,David Lord,2024-11-12T21:03:23-08:00,configure and check `request.trusted_hosts` (#5637),0,40,0
f49dbfd3e451006a485e81ebce030495131c4454,David Lord,2024-11-13T08:22:57-08:00,use generic bases for session,1,7,5
2eab96a32a92ceb4b6947102626f896816a0291d,David Lord,2024-11-13T08:27:11-08:00,use generic bases for session (#5638),0,7,5
22c48a738b5fb5b5cf09fb77270139f116069748,David Lord,2024-11-13T08:43:48-08:00,Merge remote-tracking branch 'origin/stable',0,23,6
6748a09341deeac16acb33996df95a31fae0c545,David Lord,2024-11-13T08:48:10-08:00,update dev dependencies,7,11,11
70602a196a6da90eb0d34cdfe5d4d16a99606279,David Lord,2024-11-13T09:23:24-08:00,remove test pypi,1,0,4
ab8149664182b662453a563161aa89013c806dc9,David Lord,2024-11-13T08:43:28-08:00,release version 3.1.0,2,3,3
bc098406af9537aacc436cb2ea777fbc9ff4c5aa,David Lord,2024-11-13T10:27:38-08:00,release version 3.1.0 (#5640),0,3,3
18ffe1eaf6c2eeffc898f4e8a590c062c40b30dc,David Lord,2024-11-20T19:37:06-08:00,add gettext config for docs,1,3,0
4fec712f329ceecd38729af6404a2c32aed83648,David Lord,2024-11-23T15:33:38-08:00,start version 3.2.0,2,7,1
d22bfcd4cfe3b93daddfce8521f77447ca8d6b84,David Lord,2024-11-23T15:41:36-08:00,remove previously deprecated code,2,2,21
d5b7a05ab2a053c617149cfd4f7e3379bfd279e5,David Lord,2024-11-23T15:59:30-08:00,remove previously deprecated code (#5648),0,2,21
dcbe86bd1577bad9a1356acca5fced7d3fb3a0c3,David Lord,2024-11-23T16:01:16-08:00,start version 3.1.1,2,7,1
b394a994e6d632643d0061e0e67772f076925951,David Lord,2024-11-23T16:03:47-08:00,update `__version__` deprecation,1,1,1
ea08f155d8d37d515559534bbe0f80ef5185466c,David Lord,2024-11-23T16:06:37-08:00,update `__version__` deprecation (#5649),0,1,1
54c3f87af9f6c0d6622cec2c3d9695b0229fb8fa,kurtatter,2024-11-23T03:23:09+03:00,fix type hint for `cli_runner.invoke`,2,4,1
f2674c5bb4f7a79f836069859a346b81771eeee5,David Lord,2024-11-23T17:52:56-08:00,fix type hint for `cli_runner.invoke` (#5647),0,4,1
6b054f8f3876ff4c31580b014d344c4cf491059d,David Lord,2024-11-23T17:54:29-08:00,Merge branch 'stable',0,13,1
6b361ce06b08454329286214072139228e8c2f33,David Lord,2025-01-05T09:01:49-08:00,markdown formatting,1,4,6
60a11a730e8aa2450115385798ab8710804c6409,David Lord,2025-01-05T09:02:41-08:00,use global contributing guide,5,18,317
5b525e97970b1b9706b4415de79abfe33e5955fc,David Lord,2025-01-05T09:01:49-08:00,markdown formatting,1,4,6
959052fb8d49c4473f6d8a928d745ae7c38c7e95,David Lord,2025-01-05T09:02:41-08:00,use global contributing guide,5,18,317
f61172b8dd3f962d33f25c50b2f5405e90ceffa5,David Lord,2025-01-05T09:10:00-08:00,Merge branch 'stable',0,0,0
235c52fa10094135746d04a5b6a7bea8125357f0,David Lord,2025-03-29T14:37:13-07:00,fix rtd build,1,1,0
165af0a090e229e94ccd93896efc15b9fe0488da,David Lord,2025-03-29T14:44:59-07:00,update dev dependencies,10,64,58
75a8327cfd6eb912e469a8a613151d7ee50a1c1c,zhuangzhuang,2024-11-27T18:14:18+08:00,Update mongoengine.rst,1,1,1
04b070fa26b346b48bd66d317e72de75e001a2e7,David Lord,2025-03-29T14:49:06-07:00,Fix typo in the docs (#5650),0,1,1
f51a23839aa55aee2f2a9196c344df6eecd854d7,kotvkvante,2025-01-26T01:12:11+03:00,fix bash cli syntax error and app name,1,2,2
08c480b3b31e896698bb773069026a61eb53d158,David Lord,2025-03-29T15:10:55-07:00,Update app factory docs (#5671),0,2,2
da600394865c06a4772c433c1a560453dcf4f868,George Waters,2025-01-29T22:22:52-05:00,Handle help arg by itself the same as no args,2,5,1
5ea0ab8ea21b0c11ee6098e6b052463687af602a,David Lord,2025-03-29T15:15:04-07:00,Handle help arg by itself the same as no args (#5674),0,5,1
2ae36c8dd5c9d24578d9fca85f8c351290d0de04,black,2025-03-24T10:42:52+01:00,Remove HTTP Public Key Pinning from docs,1,0,13
c7c8dc38ea2890d62b7aaff7e4c016e4b98101b0,David Lord,2025-03-29T15:17:48-07:00,Remove HTTP Public Key Pinning from docs (#5695),0,0,13
7d5d1874581209f66ad7bcdfb7f85b2b9a7ca471,David Lord,2025-03-29T15:23:34-07:00,better type checking during deprecation,1,14,13
315ebc11765ed3b9da8b5271602e89a403376c24,David Lord,2025-03-29T15:28:27-07:00,better type checking during deprecation (#5700),0,14,13
c94d2a77db0102a7cf8ceec7804f366f180c373f,David Lord,2025-03-29T15:30:56-07:00,add endpoint name in favicon example,1,5,2
2732c4db66763462c2795d2287b61d4f77031342,David Lord,2025-03-29T15:32:28-07:00,add endpoint name in favicon example (#5701),0,5,2
41ec5760a2c55a099c3a1733fdd36fbb1258a02b,David Lord,2025-03-29T15:42:58-07:00,remove tests about deprecated pkgutil.get_loader,2,3,35
73ce26c3e822cdc2ccf99625619a50c91f163f8d,David Lord,2025-03-29T15:45:11-07:00,remove tests about deprecated pkgutil.get_loader (#5702),0,3,35
bfffe87d4c2ea255b9a51432bebb3d28741245c4,David Lord,2025-03-29T15:57:16-07:00,add ghsa links,2,2,0
410e5ab7ed0ef326fa8b5164a633863f137ffff5,CoolCat467,2024-11-18T12:55:14-06:00,Accept `AsyncIterable` for responses,2,6,0
e7851665071cb93b3c70b1e7103f82d1e6d01f5d,David Lord,2025-03-30T13:15:54-07:00,Async Iterable Response (#5659),0,6,0
b78b5a210bde49e7e04b62a2a4f453ca10e0048c,David Lord,2025-03-30T13:17:17-07:00,Merge branch 'stable',0,89,112
11c45eeba3b5bcf06b84f4e864862f1019a3faa3,David Lord,2025-05-11T05:58:48-07:00,update dev dependencies,11,34,34
0109e496f6ca68de29480fe6413e81b1d3f86aa9,David Lord,2025-05-11T17:45:03-07:00,use uv,24,1876,534
941efd4a36ed0f27e13758874f95e3aa1d3ee163,David Lord,2025-05-11T18:04:35-07:00,use uv (#5727),0,1876,534
bc143499cf1137a271a7cf75bdd3e16e43ede2f0,David Lord,2025-05-11T18:08:43-07:00,Merge branch 'stable',0,1870,528
fb54159861708558b5f5658ebdc14709d984361c,James Addison,2025-03-10T16:34:12+00:00,secret key rotation: fix key list ordering,3,15,5
cbb6c36692f7d882e9026597624c0eb38e01f9cb,David Lord,2025-03-29T16:18:43-07:00,update docs about fallback order,1,6,3
73d6504063bfa00666a92b07a28aaf906c532f09,David Lord,2025-05-13T07:46:54-07:00,Merge commit from fork,0,21,8
7fff56f5172c48b6f3aedf17ee14ef5c2533dfd1,David Lord,2025-05-13T07:51:12-07:00,release version 3.1.1,3,4,4
57e72869486e89b45f6fd0a07cdd0adf80f5db1b,David Lord,2025-05-13T08:01:42-07:00,release version 3.1.1 (#5730),0,4,4
bbaf13333fd00644313488243cfe547b13dcae78,David Lord,2025-05-13T08:09:39-07:00,fix syntax,1,2,2
e7e53807766ef1470bce546716a675ded4b08597,David Lord,2025-05-13T08:10:30-07:00,Merge branch 'stable',0,24,11
52df9eed45d0b19c588662ed8492d8fbaa0e7098,David Lord,2025-05-13T08:31:54-07:00,drop end of life python versions,11,78,284
a5f9742398c9429ef84ac8a57b0f3eb418394d9e,David Lord,2025-05-13T08:35:41-07:00,drop end of life python versions (#5731),0,78,284
184ec3c5453e1156372085df35e8d922ce7e3559,AJ Jordan,2025-05-18T11:11:00-04:00,Fix global CONTRIBUTING link,1,1,1
a42c4d54a3e5cd56c0700479ede75157a748acd6,David Lord,2025-05-20T12:30:04-04:00,Fix global CONTRIBUTING link (#5737),0,1,1
7bf3be8dfa5832ef03a3fd8f07f6736e770440e4,abhiram kamini,2025-05-01T21:10:57+05:30,Update server.rst,1,1,1
adeea0070700671230733879846417c80f4e62b1,David Lord,2025-06-08T09:43:05-07:00,remove slsa provenance,2,3,26
c07b201ce336c3e49ae3b6fa81aaf4fb871d90ba,David Lord,2025-06-08T09:47:45-07:00,Merge pull request #5754,0,3,26
f04c5e696400badaa52b3450ded53e9091c2078a,David Lord,2025-06-08T09:52:11-07:00,update dev dependencies,11,239,229
e9741288637e0d9abe95311247b4842a017f7d5c,David Lord,2025-06-08T09:54:32-07:00,Merge branch 'stable',0,220,233
a758915893352f5986c6ee101cdf7e3b7a64fa28,David Lord,2025-06-09T14:31:31-07:00,svg logo,9,9,3
a7b67c99f922f26b1071a90994e14261dc0a6df2,David Lord,2025-06-09T14:33:26-07:00,svg logo (#5757),0,9,3
211cce038ab6354a15a76b2c7f98fa98bfc9e6a3,David Lord,2025-06-09T14:33:44-07:00,Merge branch 'stable',0,9,3
2b42a803a25e56a3a0e2af939ee5be4dcc3f29c8,David Lord,2025-06-09T21:20:36-07:00,cleanup svg,3,3,3
d6009c0aeb3c7fe3a841733e9dbdfbbb63b9bfd1,David Lord,2025-06-09T21:20:46-07:00,Merge branch 'stable',0,3,3
f17d9869489aea57d3fa05d5a3f1504fcf8e588c,David Lord,2025-06-10T13:18:15-07:00,cleanup svg,3,59,3
284273e3c5d8005bbb4b43c4d934409a5215886e,David Lord,2025-06-10T13:18:26-07:00,Merge branch 'stable',0,59,3
85cc71046475f9cb3efd17d496356795961249f9,David Lord,2025-06-12T13:46:49-07:00,svg logo,8,48,52
85c5d93cbd049c4bd0679c36fd1ddcae8c37b642,David Lord,2025-06-12T13:48:07-07:00,Merge branch 'stable',0,48,52
5addaf833b2e8c7a616f89dd8ad5a44b07d7c000,David Lord,2025-08-18T09:42:21-07:00,start version 3.1.2,3,9,3
53b8f08218796d95764c5252bccd8a50a173a6fb,David Lord,2025-08-18T09:41:03-07:00,push preserved contexts in correct order,3,15,23
24824ff666e096c4c07d0b75a889088571afe4a6,David Lord,2025-08-18T09:56:39-07:00,push preserved contexts in correct order (#5797),0,15,23
7fea7cf15688b2a2712b01c45c9e3385ea382e67,David Lord,2025-08-18T10:08:07-07:00,Update macOS UI reference to “System Settings” (#5723),0,1,1
0f83958247e9eab1c7f62903601dfd5fe10c640f,Badhreesh,2025-05-21T20:35:11+02:00,demonstrate escaping with query string,1,6,8
c56c5ec7c41e6ffd02516bf7cb80dd2ba9ba7aa3,David Lord,2025-08-18T10:20:06-07:00,Docs: Fix escaping in HTML escaping example (#5742),0,6,8
d44f1c65239c3e33509224aa1931631243dbfa7f,Tero Vuotila,2025-07-16T12:21:50+03:00,relax type hint for bytes io,2,2,1
1dfd7cd5555d9e62a2e198a131c366242e724b35,David Lord,2025-08-18T10:26:12-07:00,use IO[bytes] instead of BinaryIO for wider compatibility (#5777),0,2,1
ff64079a516c269f171ababf3d92b86886a62ffd,David Lord,2025-08-18T10:51:12-07:00,update flask-talisman link,1,1,1
b228ca3d87745b746d904a2108429617a814ffda,David Lord,2025-08-18T11:42:48-07:00,security docs for TRUSTED_HOSTS,1,21,0
49b7e7bc8fb69d605719991d1c0a99fcee689053,David Lord,2025-08-18T11:44:57-07:00,security docs for TRUSTED_HOSTS (#5798),0,21,0
9822a0351574790cb66c652fcc396ad7aa2b09d8,David Lord,2025-08-19T08:18:55-07:00,refactor stream_with_context for async views,3,63,32
38b4c1e19b50494cfcdc9332899e09b7fed34979,David Lord,2025-08-19T08:23:51-07:00,refactor stream_with_context for async views (#5799),0,63,32
d8259eb11900285af9b80b0fa47f841174c054e3,David Lord,2025-08-19T10:43:16-07:00,use Jinja name consistently,9,31,31
daf1510a4bda652ac2cfca03ec5567b03ddf8bf1,kadai0308,2025-05-17T12:17:18+08:00,use template_filter without parens,6,272,23
edebd3704437f19b5b137eaffe97130fe817d144,David Lord,2025-08-19T12:29:47-07:00,"rewrite docs, clean up typing for template decorators",3,228,179
ed1c9e953e2d67c0994e32e6c8d878291e36d4f7,David Lord,2025-08-19T12:36:00-07:00,support call template_filter without parens (#5736),0,410,112
55c62556571ee46a94da174643b50ece06edead4,David Lord,2025-08-19T13:41:24-07:00,update dev dependencies,5,444,398
4dd52ca9c768c9b6d04180f0547d6f4b6e34f211,Grant Birkinbine,2025-08-06T21:44:28-07:00,Update GitHub Actions workflow for artifact handling,1,16,3
1292419ddfc6a14fc7f85b5ed7efcc2d215f1ad3,David Lord,2025-08-19T13:56:49-07:00,Update GitHub Actions workflow for artifact handling (#5795),0,16,3
2c1b30d0503cfb064f1cb252e6614a06915a362a,David Lord,2025-08-19T13:42:11-07:00,release version 3.1.2,3,5,5
85793d6c223dd845e8f218403a5ced83041d37e1,David Lord,2025-08-19T14:03:43-07:00,release version 3.1.2 (#5800),0,5,5
330123258e8c3dc391cbe55ab1ed94891ca83af3,David Lord,2025-08-19T14:09:56-07:00,Merge branch 'stable',0,560,449
dbd4c2882593f6118103120aa96fa9acdf7deedb,subhajitsaha01,2025-09-06T22:01:22+05:30,Changed the static annotated type of select_jinja_autoescape method in src/flask/sansio/app.py,1,1,1
c2705ffd9ce1dc8476cb29eaf5ff5d4c719852d9,David Lord,2025-09-12T14:52:03-07:00,merge app and request context,36,779,1007
adf363679da2d9a5ddc564bb2da563c7ca083916,David Lord,2025-09-19T16:45:27-07:00,merge app and request context (#5812),0,779,1007
6a64969009bf1898bd302e6a9633f71942523f7f,David Lord,2025-09-19T16:58:48-07:00,pass context through dispatch methods,6,167,72
88a65bb374e87a18816a780dbd4ae69d307aa85c,Hynek Schlawack,2025-10-14T22:26:26+02:00,Docs typo/markup fixes (#5829),2,5,5
70d04b5a2620705011e65f79ccfd52caa86f5d6a,David Lord,2025-11-17T08:49:53-08:00,pass context through dispatch methods (#5818),0,167,72
da6d075dfde71b2e2a64f39b29ba957d5ffb00b0,David Lord,2025-11-17T09:43:40-08:00,update dev dependencies,6,1040,643
96a01e420b741c59af59301f15612fde39bfb39d,David Lord,2025-11-17T09:45:56-08:00,Merge branch 'stable',0,708,546
917000097fc17875104176e2c71318ab25c508c3,David Lord,2025-11-17T10:02:53-08:00,test py3.14,2,8,6
218880c7fdedee139ac09caaf93da469b4dba14c,David Lord,2025-11-17T10:03:42-08:00,Merge branch 'stable',0,8,6
607d1948b8747776f4a45d5b7c7eaeb57b6b9f80,David Lord,2025-11-17T10:05:39-08:00,split free threading envs,1,4,2
2579ce9f18e67ec3213c6eceb5240310ccd46af8,David Lord,2025-11-17T10:05:51-08:00,Merge branch 'stable',0,4,2
ad68a12645d96fe51558da13e18544ba458d7af0,David Lord,2025-11-28T11:05:47-08:00,drop experimental 3.13t test env,2,2,3
97bddc1f61a59522386d36ec37b2b220a01de262,David Lord,2026-01-05T08:49:46-08:00,update dev dependencies,7,372,183
64dd0809c2fc732ed30539235232a268f9bd96ac,David Lord,2026-01-24T17:14:20-08:00,update dev dependencies,5,398,276
eb58d862cc4a8f31a369b6e9ad1724e9e642f13f,David Lord,2026-01-24T17:15:54-08:00,Merge branch 'stable',0,427,339
eca5fd1dfdc614c2df876cc32018a7d71f84ea82,David Lord,2026-01-24T16:50:54-08:00,redirect defaults to 303,4,14,3
809d5a8869d4ffe8656680b2438b10f7c8845613,David Lord,2026-01-24T17:18:35-08:00,redirect defaults to 303 (#5898),0,14,3
25642fd1fd65985fc98f95e64bc2c7ff353d6c2b,David Lord,2026-01-24T18:25:31-08:00,fix annotation for select_jinja_autoescape (#5808),0,1,1
30da640ffe23b6e461fa91d387ffea6b9d9fa847,ADITYA SAH,2026-01-25T08:16:56+05:30,clarify 415 vs 400 errors for request.json (#5827),1,5,3
709f83f6a32da8cdaec196d7b785ab6827322008,Christian Clauss,2025-11-05T18:13:26+01:00,pre-commit: Add codespell,2,9,0
3709c4a9a87e6ce8c26dc4a951e1df52ac9ecad0,David Lord,2026-01-24T18:58:45-08:00,update ruff hook and noqa,3,4,4
5559ef42b5334075cbde82b2870ca725ac606fa4,David Lord,2026-01-24T19:00:23-08:00,pre-commit: Add codespell (#5844),0,13,4
fe3b215d3ade4db68262dae1a3cdc464a1fc524f,Markus Heidelberg,2025-12-17T15:44:15+01:00,Increase required flit_core version to 3.11,1,1,1
4f79d5b59a56bc4356a97f2e81a35f98cb18d7b3,David Lord,2026-01-24T19:04:07-08:00,Increase required flit_core version to 3.11 (#5865),0,1,1
5880befcd22490c40f3c63d6178427f7753672c1,David Lord,2026-01-24T19:05:26-08:00,Merge branch 'stable',0,19,8
9b74a90dd3c47f792734823e8793ac36f38bc4dd,David Lord,2026-01-24T19:11:02-08:00,fix codespell findings,4,4,5
c77a5203438fe772d41f6a47303ad3f57a4efe6d,David Lord,2026-01-24T19:50:30-08:00,deprecate should_ignore_error,3,27,9
0292047b22c82921dcf165322d93a0b988328c2e,David Lord,2026-01-24T19:52:11-08:00,remove unused ruff check rule,1,0,3
4b8bde97d4fa3486e18dce21c3c5f75570d50164,David Lord,2026-01-24T19:53:11-08:00,deprecate `should_ignore_error` (#5899),0,27,9
23df07d799f0bed3feb5beb9e5633651687da92b,David Lord,2026-01-24T19:55:36-08:00,Merge branch 'stable',0,1,1
ac5664d2281533eacafd64f5cc7d5edcdaccab60,David Lord,2026-01-25T10:31:31-08:00,document using gevent for async,9,168,142
407eb76b27884848383a37c7274654f0271e4bc4,David Lord,2026-01-25T10:35:12-08:00,document using gevent for async (#5900),0,168,142
798e006f435887adceb6aab9b57cde8e20276793,David Lord,2026-01-25T10:38:42-08:00,Merge branch 'stable',0,168,142
3d03098a97ddc6a908aa4a50c2ef7381f8297d0a,Markus Heidelberg,2026-01-20T14:16:17+01:00,Abort if the instance folder cannot be created,2,2,8
4e652d3f68b90d50aa2301d3b7e68c3fafd9251d,David Lord,2026-01-28T07:43:00-08:00,Abort if the instance folder cannot be created (#5903),0,2,8
5e621a2801daf95be6d208da9dcc287bb251f63c,David Lord,2026-02-03T10:19:45-08:00,update domain matching tests for Werkzeug 3.2,3,69,28
976459f7cb35c8c3abc3a6e6a2728d76d1a0a5f2,David Lord,2026-02-03T10:20:49-08:00,fix editable werkzeug,2,6,42
663198d7b453ffdbe86d0e0238b1feafde6ce569,David Lord,2026-02-03T10:22:19-08:00,update dev dependencies,5,114,120
d3b78fd18a8d9e224cb9ef58a23cec9b1ffc9ce9,David Lord,2026-02-06T13:22:54-08:00,Merge remote-tracking branch 'origin/stable',0,2,8
e82db2ca3a22c9614c1987392c9cfaa8c6ce99ad,David Lord,2026-02-12T13:03:03-08:00,fix provide_automatic_options override,7,96,86
12e95c93b488725f80753f34b2e0d24838ca4646,David Lord,2026-02-12T13:07:50-08:00,fix provide_automatic_options override (#5917),0,96,86
d98eb69a354158252854ed4a5c9778e03d089191,David Lord,2026-02-12T13:11:01-08:00,revert cli test change,1,2,7
27be9338405382445a7cb01151e084559b98d602,David Lord,2026-02-18T14:52:52-08:00,start version 3.1.3,3,9,3
c17f379390731543eea33a570a47bd4ef76a54fa,David Lord,2026-02-18T19:02:54-08:00,request context tracks session access,6,74,53
089cb86dd22bff589a4eafb7ab8e42dc357623b4,David Lord,2026-02-18T19:35:58-08:00,Merge commit from fork,0,74,53
22d924701a6ae2e4cd01e9a15bbaf3946094af65,David Lord,2026-02-18T19:41:55-08:00,release version 3.1.3,3,3,3
f00ad424ee3b050d382cc5b4aabb18afbb5e4ae7,David Lord,2026-02-18T21:01:53-08:00,release version 3.1.3 (#5924),0,3,3
daca74d93a0edc458e618136de7d14803f06bc28,David Lord,2026-02-18T21:56:24-08:00,Merge branch 'stable',0,65,48
a411a2434b09d9cbaa4074232b2c247d591bb655,David Lord,2026-02-19T08:35:48-08:00,add back opening session on context push,1,21,9
7b0088693ece1bd3a9238a6fdf56ed8df7a4d43b,David Lord,2026-02-19T08:42:33-08:00,fix typing,1,2,2
fbb6f0bc4c60a0bada0e03c3480d0ccf30a3c1df,David Lord,2026-02-19T19:41:50-08:00,all teardown callbacks are called despite errors,10,194,80
c34d6e81fd8e405e6d4178bf24b364918811ef17,David Lord,2026-02-19T20:00:34-08:00,all teardown callbacks are called despite errors (#5928),0,194,80
a29f88ce6f2f9843bd6fcbbfce1390a2071965d6,David Lord,2026-03-04T07:36:09-08:00,document that headers must be set before streaming,4,55,8
3a9d54f3da1de540adfdf6f1e2dea6fc0006e15d,David Lord,2026-03-04T07:36:21-08:00,Merge branch 'stable',0,35,2
560c119e3dc33b35b9c57172fae521d99c2a1421,David Lord,2026-03-08T16:05:00-07:00,add zizmor to scan workflows,5,51,9
4774385abdc04d3b0d02dcbed6543bc100f23f6e,David Lord,2026-03-08T16:15:00-07:00,add zizmor to scan workflows (#5945),0,51,9
a197702e2cbcdd43c0d09296b3cea02efe16e407,David Lord,2026-03-08T16:20:07-07:00,update dev dependencies,6,617,495
4cae5d8e411b1e69949d8fae669afeacbd3e5908,David Lord,2026-03-08T16:21:50-07:00,Merge branch 'stable',0,457,379
91c6b3fecf36b1f04554e57cc4060ccb737a445d,David Lord,2026-03-24T06:47:30-07:00,remove unicode host test,1,0,21
7ef2946fb5151b745df30201b8c27790cac53875,David Lord,2026-03-24T06:55:57-07:00,remove unicode host test (#5962),0,0,21
83dbcb222a65a87741c9d96bb183f34528149269,David Lord,2026-04-03T15:59:16-07:00,update dev dependencies,6,460,329
b21425d6df207fec0c47e9563faa10a2819984ca,David Lord,2026-04-05T11:13:13-07:00,reduce venv size,2,3,3
e4e4bf6543ac1f132afddb1ffd0bf02bea4c93f7,David Lord,2026-04-05T11:24:48-07:00,Merge branch 'stable',0,350,320
a31e6b73469cb2bf7eb8f70b5ff21f710fd2e23c,David Lord,2026-04-05T12:31:01-07:00,remove werkzeug host tests,1,0,48
258d68b6ff5e2244386540f48b48bab90d6ab827,David Lord,2026-04-05T12:32:14-07:00,Merge branch 'stable',0,0,28
689362089edd09b6d68f7cfe99075e1345e0fede,David Lord,2026-04-08T21:01:29-07:00,fix typo,1,1,1
2ac89889f4cc330eabd50f295dcef02828522c69,David Lord,2026-04-08T21:04:03-07:00,Merge branch 'stable',0,1,1
06ea505ce2b2042af26e96d35ebf159af7c0869d,David Lord,2026-05-01T20:17:23-07:00,separate copy per call,4,38,129
9368fb3f3c52d74534d14c1bef03c79c103356cd,David Lord,2026-05-01T20:53:36-07:00,case-insensitive comparison,2,6,1
dcbede0cb00df32e7f1895e19e37d5f40a75d1f6,David Lord,2026-05-01T20:58:56-07:00,autoescape selection uses case-insensitive comparison (#6013),0,6,1
7374c85ddefc3f4b177a698ab9f0cbb6a5c0b392,David Lord,2026-05-02T05:59:12-07:00,remove leftover setuptools,1,1,6
1d49747264554dee31f5627d4249d09aaaeced39,David Lord,2026-05-13T07:37:21-07:00,update flask-mongoengine link,1,1,2
9fcd34c9f3065640bd1cd86234216ca068633fb9,David Lord,2026-05-13T07:37:53-07:00,Merge branch 'stable',0,1,2
954f5684e4841aad84a8eec7ace7b81a0d3f6831,David Lord,2026-05-18T16:35:44-07:00,update dev dependencies,3,441,383
36e4a824f340fdee7ed50937ba8e7f6bc7d17f81,David Lord,2026-05-31T07:42:46-07:00,Any for  CertParamType type,1,1,1
8285adf5a4f572dbf7a0a3b8f3a96ca0b19c50a4,David Lord,2026-06-10T11:03:21-07:00,update dev dependencies,9,1003,661
5ce121dd841e2dc2594d0ed3954278f4101d3521,Michał Górny,2026-07-14T12:07:37+02:00,Replace the use of private `monkeypatch` fixture API,2,17,34
548994ea0c61465574cbfdd636a894a692f54b94,David Lord,2026-07-30T10:05:04-07:00,Replace the use of private `monkeypatch` fixture API (#6095),0,17,34
ff6fa22f4d961a28567db11430208b964620f511,David Lord,2026-07-30T10:25:54-07:00,update dependencies,12,1145,840
30d1c5d6fcbd62d9e902209d7a207f7510e9f5dc,David Lord,2026-07-30T10:27:54-07:00,test Python 3.15,2,3,0
6a2f545bfd8ed31e19066a299296917e034aca58,David Lord,2026-07-30T10:29:33-07:00,Merge branch 'stable',0,814,630
8b4fd5d18611e63080b826ecfefe8659dba7d2e4,David Lord,2026-08-10T16:45:01-07:00,use header properties,2,6,10
81798b406f97ffe4795d2c9fc18db7db744a96dc,David Lord,2026-08-11T11:59:41-07:00,fix typos,5,8,8
514fc6b3e8402e4c646d5284e97a4f0ab50a7c4b,David Lord,2026-08-11T12:43:58-07:00,Merge branch 'stable',0,8,8
de8429ffda8cfb54db175529e2bae72a24e1fa7e,lkk7,2026-07-14T16:40:58+02:00,Fix IPv6 session transactions,2,15,1
7203feabf723edae0286ae5dc64fec8ac4c91735,lkk7,2026-07-14T16:42:09+02:00,Fix IPv6 server name parsing,2,8,4
05e9c6bd630ecf4ec0ec884b1fc7901663737bc7,David Lord,2026-08-11T12:48:40-07:00,"Fix `.partition("":"")` usage on potential IPv6 addresses (#6096)",0,23,5
3596b1ab61cea85edb8970e83ff61daa073facf8,David Lord,2026-08-11T12:56:09-07:00,add entry,1,1,0
89992954ec71b594b1b911f98977cdc8ad46a057,David Lord,2026-08-11T13:15:18-07:00,add app.query route decorator,3,14,2
d8eaaba824655046958d1a97f11780de460c3271,David Lord,2026-08-11T13:19:14-07:00,add `app.query` route decorator (#6133),0,14,2
2a8a38b051fc248865730bf3511bf2e2ea325e81,David Lord,2026-08-11T15:32:49-07:00,support query in methodview,1,1,1
d318b683471101618febed18996405ad26462110,David Lord,2026-08-16T11:35:31-07:00,explain seek,1,2,2
